8D5U5525.png,0.7187906,1,0.6323975,0.7774162,1,0.7551452,0.7521624,1,0.6183842,0.7500592,1,0.619618,0.776819,1,0.5528053,0.7759793,1,0.5534902,0.9123369,1,1
8D5U5527.png,0.8144092,1,0.4818445,0.8274631,1,0.4701668,0.8196436,1,0.4721821,0.8129763,1,0.4759271,0.8495502,1,0.4510598,0.8495791,1,0.4510264,0.7932463,1,0.6204565
8D5U5529.png,0.6546573,1,0.7029878,0.6457859,1,0.7189275,0.6618789,1,0.7054064,0.6752362,1,0.6949983,0.6492707,1,0.7025004,0.6492885,1,0.7022094,0.5892064,1,0.8079875
8D5U5531.png,0.726101,1,0.5617616,0.8017546,1,0.6110078,0.7944201,1,0.534539,0.7861096,1,0.5360674,0.8782116,1,0.4550497,0.8781772,1,0.4548585,0.7950087,1,0.7733799
8D5U5532.png,0.7457341,1,0.5887373,0.8182867,1,0.9724191,0.7656416,1,0.9112129,0.7832553,1,0.9285079,0.7010962,1,0.7465709,0.7002346,1,0.7464242,1,1,1
8D5U5533.png,0.623542,1,0.7158006,0.6388793,1,0.692844,0.6869201,1,0.6609566,0.6886383,1,0.6588721,0.6552237,1,0.6778682,0.6549533,1,0.6779309,0.6303611,1,0.7045265
8D5U5536.png,0.5662869,1,0.8176366,0.6684256,1,0.7331349,0.6662782,1,0.7222228,0.6461828,1,0.736773,0.6475139,1,0.7105052,0.6471643,1,0.7107039,0.7188184,1,0.7300328
8D5U5537.png,0.5898304,1,0.7576272,0.7669066,1,0.5782622,0.7439762,1,0.5369335,0.7479986,1,0.5191417,0.7129689,1,0.4906822,0.7118218,1,0.4923532,0.7880629,1,0.8093249
8D5U5540.png,0.5457587,1,0.9098603,0.5707606,1,0.8494788,0.603943,1,0.7122702,0.6072358,1,0.6816558,0.5689032,1,0.7968076,0.5690101,1,0.7972367,0.6113392,1,0.7676711
8D5U5544.png,0.6276465,1,0.7222917,0.7031698,1,0.6958354,0.6990541,1,0.6665949,0.6940086,1,0.6721175,0.7704181,1,0.5774934,0.769674,1,0.5784116,0.6483556,1,0.7827921
8D5U5545.png,0.8528529,1,0.4294294,0.8437878,1,0.4342756,0.8764163,1,0.4338413,0.8838597,1,0.4413022,0.8574099,1,0.4372821,0.8573387,1,0.4370965,0.8306099,1,0.4391372
8D5U5548.png,0.8256306,1,0.4474791,0.8731875,1,0.4186823,0.9128976,1,0.3825464,0.906913,1,0.3884803,0.903045,1,0.3825289,0.9030349,1,0.3821324,0.8578199,1,0.4364139
8D5U5549.png,0.7859427,1,0.5654954,0.665711,1,0.7901061,0.7052846,1,0.725056,0.7063631,1,0.7305119,0.7095318,1,0.6679197,0.7088249,1,0.6683169,0.7310903,1,0.9791409
8D5U5550.png,0.8051949,1,0.538961,0.5931609,1,0.8036079,0.6802492,1,0.7677543,0.6988772,1,0.7571039,0.7018125,1,0.6841796,0.7015487,1,0.6838858,0.5951251,1,0.817728
8D5U5552.png,0.8084896,1,0.5439289,0.7249835,1,0.7738721,0.7581625,1,0.6317519,0.7594097,1,0.6346308,0.7723642,1,0.5884328,0.7725499,1,0.5878889,0.7045313,1,1.150985
8D5U5553.png,0.8086643,1,0.5505415,0.7963837,1,0.5845372,0.7989971,1,0.5725985,0.7982905,1,0.5742223,0.808341,1,0.5679067,0.8082734,1,0.5674775,0.7946435,1,0.5871615
8D5U5554.png,0.8522853,1,0.5094759,0.8971416,1,0.5139288,0.9412106,1,0.445121,0.9309198,1,0.4547251,1.014743,1,0.3603298,1.015602,1,0.3595231,0.8266598,1,0.5539031
8D5U5555.png,0.7983693,1,0.5663453,0.7441134,1,0.7016461,0.8086008,1,0.5898362,0.7978443,1,0.6145279,0.8658292,1,0.4993382,0.8659528,1,0.4991405,0.6152743,1,0.7997711
8D5U5557.png,0.849315,1,0.436073,0.9436663,1,0.698172,0.8825935,1,0.627194,0.8686168,1,0.5937027,0.8371228,1,0.5510468,0.8384029,1,0.5496244,1,1,1
8D5U5558.png,0.825175,1,0.4778556,0.8872564,1,0.4111436,0.8661957,1,0.439333,0.8643228,1,0.4511638,0.9043106,1,0.4007095,0.9044731,1,0.4006654,0.8386997,1,0.4432663
8D5U5561.png,0.5936978,1,0.8278381,0.5962763,1,0.8625002,0.6367647,1,0.76989,0.6428176,1,0.7608224,0.6578669,1,0.6628802,0.6570543,1,0.6643389,0.6845655,1,1
8D5U5562.png,0.5884219,1,0.8568596,0.8086631,1,0.9192741,0.7104982,1,0.793482,0.6964811,1,0.7828627,0.7163014,1,0.7632579,0.7168932,1,0.7640471,1,1,1
8D5U5563.png,0.6000872,1,0.8155594,0.6113557,1,0.7969973,0.6252838,1,0.7881122,0.6308864,1,0.7808554,0.6331248,1,0.7511684,0.6332137,1,0.7511625,0.5902108,1,0.846612
8D5U5564.png,0.5739228,1,0.8763,0.7474236,1,0.5846081,0.693031,1,0.5498718,0.6845325,1,0.55611,0.6926991,1,0.489851,0.6923931,1,0.4906553,0.8096836,1,0.7173779
8D5U5567.png,1.123694,1,0.3188153,1.154566,1,0.2887638,1.133814,1,0.2913123,1.129105,1,0.2939049,1.172307,1,0.2679976,1.172217,1,0.2678498,1.096665,1,0.3221296
8D5U5569.png,0.6720002,1,0.7392002,0.6804555,1,0.7870747,0.6955673,1,0.6989026,0.689927,1,0.7111176,0.7398903,1,0.623474,0.7394058,1,0.622416,0.8469215,1,0.9318837
8D5U5571.png,1.314487,1,0.2756184,1.349216,1,0.2481691,1.322955,1,0.2579705,1.305072,1,0.268527,1.40486,1,0.2156435,1.404966,1,0.2155506,1.199963,1,0.2964466
8D5U5573.png,0.6755853,1,0.809699,0.6895943,1,0.7023597,0.7161976,1,0.6719786,0.7117911,1,0.6816704,0.7259073,1,0.648171,0.7252258,1,0.6488293,0.7513001,1,0.8088943
8D5U5574.png,0.6195053,1,0.7994505,0.9433898,1,0.6940219,0.9511332,1,0.5045987,0.9029658,1,0.5385562,1.161348,1,0.4038013,1.15812,1,0.4062355,0.7344123,1,0.7636978
8D5U5576.png,0.6000815,1,0.8320423,0.9151784,1,0.9241218,0.8775429,1,0.7126789,0.8666924,1,0.7202917,0.8615723,1,0.6469216,0.8619497,1,0.6483535,1,1,1
8D5U5577.png,0.577876,1,0.8584071,0.6644033,1,0.7881011,0.6550102,1,0.7665995,0.6434682,1,0.783814,0.710801,1,0.6806066,0.7103658,1,0.6809305,0.7316629,1,0.8883904
8D5U5578.png,0.9741934,1,0.4774194,0.7307969,1,0.7098669,0.8309275,1,0.6132372,0.8551792,1,0.5990131,0.9566348,1,0.5280368,0.9581652,1,0.5267098,1.0801,1,0.5310089
8D5U5579.png,0.6063461,1,0.7887952,0.6614723,1,0.7508817,0.6613491,1,0.7471959,0.668436,1,0.7402529,0.6826688,1,0.7110648,0.682325,1,0.7113929,0.9528253,1,0.9644436
8D5U5580.png,0.9653182,1,0.5144508,0.6621549,1,0.7560367,0.8588129,1,0.6044618,0.8375646,1,0.6170789,0.9610177,1,0.5198024,0.9599352,1,0.5204369,0.6866712,1,0.8419623
8D5U5585.png,0.5734264,1,0.8611387,0.6833484,1,0.7898554,0.6941138,1,0.7117261,0.6989156,1,0.7182284,0.773646,1,0.6175505,0.7686228,1,0.6222773,0.7270032,1,0.9368515
8D5U5589.png,0.5549077,1,0.9203111,0.7352397,1,0.8816675,0.6146846,1,0.8971845,0.6154771,1,0.8951733,0.6443731,1,0.8699946,0.6432248,1,0.8703397,0.8381323,1,0.731014
8D5U5593.png,0.7855072,1,0.6,0.7782353,1,0.6045581,0.7605499,1,0.6365414,0.7660047,1,0.6382123,0.7951945,1,0.5931425,0.7951953,1,0.5929041,0.7372385,1,0.6135565
8D5U5597.png,0.6156156,1,0.7447446,0.5348184,1,0.875249,0.5715622,1,0.8361954,0.5834162,1,0.8284315,0.4919795,1,0.8511273,0.4928007,1,0.8503653,0.566387,1,0.8578395
8D5U5599.png,1.124439,1,0.3755606,1.104589,1,0.3854704,1.115505,1,0.3891085,1.119431,1,0.390833,1.131287,1,0.3688116,1.131197,1,0.3687077,1.047065,1,0.494306
8D5U5607.png,0.5716527,1,0.872385,0.5661412,1,0.8780957,0.6088881,1,0.8015148,0.6209045,1,0.7817377,0.6330113,1,0.7075857,0.6330328,1,0.7078073,0.5706218,1,0.8796719
8D5U5608.png,0.5761957,1,0.8683722,0.7503091,1,0.9871868,0.6848085,1,0.9162072,0.6753942,1,0.9217561,0.6874678,1,0.8053742,0.6857409,1,0.8080511,0.9557488,1,1
8D5U5613.png,1.23002,1,0.2592593,1.1311,1,0.3667374,1.20695,1,0.2604994,1.192566,1,0.2655941,1.276047,1,0.2386089,1.275658,1,0.2386193,1.033197,1,0.6644757
8D5U5614.png,1.32008,1,0.302187,1.090688,1,0.7369535,1.281248,1,0.3541446,1.276239,1,0.3333577,1.321962,1,0.3137052,1.318677,1,0.3182423,1,1,1
8D5U5615.png,1.282421,1,0.3342939,1.065704,1,0.8437045,1.206151,1,0.4403454,1.182003,1,0.4809856,1.280232,1,0.3524906,1.280653,1,0.3520061,1,1,1
8D5U5619.png,1.210174,1,0.3480589,1.087097,1,0.4056661,1.198443,1,0.3592903,1.197521,1,0.3628824,1.264042,1,0.3165022,1.262429,1,0.317248,1.035367,1,0.5140374
IMG_0281.png,0.4622771,1,0.7489712,0.4954299,1,0.7156007,0.5084937,1,0.6826841,0.5101642,1,0.6853535,0.4760023,1,0.6972899,0.4761417,1,0.6978205,0.6381628,1,0.835584
IMG_0283.png,0.4642408,1,0.7561689,0.4658926,1,0.750327,0.4969614,1,0.7210291,0.4928451,1,0.72243,0.49399,1,0.6177169,0.493494,1,0.6208575,0.5412919,1,0.8020316
IMG_0285.png,0.463886,1,0.7426249,0.4559236,1,0.7563636,0.5117292,1,0.6942266,0.5112215,1,0.6958485,0.4850549,1,0.5685129,0.4850571,1,0.5700347,0.469469,1,0.7379115
IMG_0286.png,0.470817,1,0.7256808,0.4672861,1,0.7431116,0.4943906,1,0.7324245,0.4897034,1,0.7310106,0.4882562,1,0.6507045,0.4875714,1,0.6516575,0.4808678,1,0.7147607
IMG_0287.png,0.4850543,1,0.7038041,0.4719497,1,0.7416364,0.5134508,1,0.6836585,0.5128749,1,0.6800148,0.4846649,1,0.6755434,0.4846451,1,0.6758529,0.4787278,1,0.7067908
IMG_0289.png,0.4684512,1,0.7198853,0.4562202,1,0.7592556,0.5835586,1,0.6534832,0.5874934,1,0.6472453,0.4934308,1,0.5606973,0.4931805,1,0.5621374,0.5075099,1,0.7462451
IMG_0290.png,0.4731544,1,0.7315436,0.4591081,1,0.7558843,0.5240306,1,0.6920858,0.5181239,1,0.6999901,0.4804839,1,0.6999771,0.4802253,1,0.7007532,0.4749698,1,0.736689
IMG_0291.png,0.471223,1,0.7266188,0.4562307,1,0.7719683,0.5325952,1,0.6687471,0.5304606,1,0.6749741,0.4700541,1,0.7261692,0.4700627,1,0.7262683,0.4716643,1,0.7538266
IMG_0293.png,0.4886164,1,0.6777583,0.5101754,1,0.6596116,0.5266814,1,0.6612053,0.5233581,1,0.6658268,0.551076,1,0.5751533,0.5510668,1,0.5752369,0.5036288,1,0.6825104
IMG_0295.png,0.4714434,1,0.7300105,0.4851119,1,0.7033391,0.4950247,1,0.695294,0.4857664,1,0.713717,0.4900136,1,0.6635258,0.4899948,1,0.6635649,0.4760845,1,0.6754217
IMG_0298.png,0.5094339,1,0.6339621,0.525266,1,0.6049058,0.522456,1,0.6230992,0.519847,1,0.6290053,0.5274439,1,0.5936736,0.5274199,1,0.5934908,0.5125568,1,0.6449414
IMG_0302.png,0.4776578,1,0.7195686,0.4825868,1,0.7292331,0.522531,1,0.7067345,0.527556,1,0.691858,0.499217,1,0.6704636,0.4987367,1,0.6712359,0.4908961,1,0.7209493
IMG_0303.png,0.476082,1,0.7186786,0.520166,1,0.6850904,0.5151314,1,0.6808529,0.5139104,1,0.6771313,0.5105871,1,0.6161181,0.5095693,1,0.6181267,0.6550144,1,0.7971628
IMG_0305.png,0.4746695,1,0.7114535,0.4650685,1,0.7457683,0.4844959,1,0.7226536,0.4815296,1,0.7288374,0.4791355,1,0.7025049,0.4789143,1,0.7028556,0.4748084,1,0.7152995
IMG_0313.png,0.4762569,1,0.7248604,0.4511143,1,0.7596608,0.5078269,1,0.6139251,0.5140543,1,0.6165937,0.4535655,1,0.6625903,0.453595,1,0.6632608,0.4740935,1,0.7152206
IMG_0314.png,0.4751667,1,0.7220164,0.5009896,1,0.5427559,0.5323758,1,0.4657767,0.5241354,1,0.4617048,0.5024593,1,0.3623838,0.5026558,1,0.3635038,0.4613706,1,0.7569302
IMG_0317.png,0.4776939,1,0.7343857,0.5244938,1,0.5987671,0.515937,1,0.4912646,0.5126346,1,0.4950506,0.4964116,1,0.3914037,0.4963658,1,0.3912441,0.5187202,1,0.6332965
IMG_0321.png,0.4731544,1,0.738255,0.595199,1,0.5375226,0.574768,1,0.5618908,0.5552758,1,0.5656213,0.5845862,1,0.5242751,0.5843179,1,0.524065,0.5768253,1,0.7330185
IMG_0324.png,0.4832868,1,0.7033424,0.6360902,1,0.5649727,0.645548,1,0.5610929,0.6316468,1,0.5752369,0.704938,1,0.4575045,0.7032023,1,0.4593541,0.5478221,1,0.6281401
IMG_0334.png,0.4742577,1,0.7217822,0.4905186,1,0.7101492,0.4781263,1,0.7001796,0.4781244,1,0.7024088,0.4976913,1,0.6584081,0.4978236,1,0.6579218,0.503058,1,0.7518775
IMG_0335.png,0.460812,1,0.7497642,0.520613,1,0.5609993,0.5656892,1,0.6142923,0.5475788,1,0.5782936,0.4976586,1,0.4037242,0.4975245,1,0.4040877,0.5196353,1,0.630401
IMG_0337.png,0.462141,1,0.7519583,0.4827337,1,0.6971256,0.4889808,1,0.6907956,0.4917666,1,0.688106,0.4857526,1,0.6300845,0.4857734,1,0.6298391,0.5341693,1,0.6325235
IMG_0340.png,0.4599155,1,0.7369902,0.4783871,1,0.6911487,0.4794347,1,0.69397,0.4809832,1,0.6900723,0.4896722,1,0.6052629,0.489929,1,0.604236,0.4753529,1,0.711186
IMG_0342.png,0.4695144,1,0.7540475,0.4976203,1,0.575674,0.46059,1,0.4753867,0.4591435,1,0.4748136,0.470124,1,0.4679521,0.471263,1,0.4710295,0.5162061,1,0.7036604
IMG_0344.png,0.4657738,1,0.7187499,0.5082241,1,0.4204515,0.5319666,1,0.5017126,0.5235808,1,0.5134581,0.5228204,1,0.3534696,0.5224403,1,0.3527088,0.5508431,1,0.5565325
IMG_0345.png,0.4602203,1,0.7209301,0.5849631,1,0.5699187,0.5751347,1,0.5265611,0.5697353,1,0.5147705,0.550199,1,0.4709441,0.5507884,1,0.4719807,0.6002372,1,0.6333271
IMG_0350.png,0.4580153,1,0.7557252,0.4584794,1,0.7468793,0.5268871,1,0.6262342,0.5376027,1,0.5913649,0.4623185,1,0.6935802,0.4621821,1,0.6945289,0.4749276,1,0.7242466
IMG_0351.png,0.4703602,1,0.7343491,0.4625481,1,0.7471936,0.4826681,1,0.6973204,0.48026,1,0.6948053,0.4707744,1,0.6869247,0.4708195,1,0.6878035,0.4895437,1,0.7113593
IMG_0354.png,0.4823421,1,0.7193307,0.551248,1,0.626542,0.5433277,1,0.613001,0.5496218,1,0.6066456,0.5744487,1,0.611577,0.5741496,1,0.6111165,0.5207012,1,0.6765079
IMG_0361.png,0.5331231,1,0.5583596,0.9857339,1,0.9867311,0.6532181,1,0.6271531,0.6616749,1,0.6443724,0.5663733,1,0.5436237,0.5701545,1,0.5481147,1,1,1
IMG_0363.png,0.5069638,1,0.675023,0.5522343,1,0.5981597,0.5562502,1,0.6201973,0.5642669,1,0.6156345,0.5780097,1,0.5835713,0.5780766,1,0.5835748,0.5414149,1,0.6127895
IMG_0366.png,0.5082316,1,0.6789697,0.5166814,1,0.3622884,0.6163563,1,0.4638067,0.6018164,1,0.4666867,0.5107605,1,0.3342917,0.5107909,1,0.3348796,0.5417331,1,0.6482412
IMG_0370.png,0.466248,1,0.7409734,0.4683496,1,0.7331148,0.491685,1,0.6972629,0.4876031,1,0.6996682,0.4768854,1,0.6831657,0.4768432,1,0.6838287,0.4849191,1,0.7090563
IMG_0374.png,0.4644736,1,0.7434212,0.504287,1,0.5967654,0.5533502,1,0.6214151,0.5461654,1,0.595385,0.497808,1,0.4451739,0.4977607,1,0.4457887,0.4619592,1,0.7749394
IMG_0377.png,0.4654026,1,0.7393364,0.4946075,1,0.7238373,0.5395926,1,0.5543411,0.5362442,1,0.5547239,0.5489842,1,0.4799131,0.5483655,1,0.4815534,0.4719855,1,0.7528919
IMG_0385.png,0.5066185,1,0.6791015,0.5745712,1,0.5976668,0.5940443,1,0.5503063,0.5910378,1,0.5537063,0.5848292,1,0.545724,0.5846193,1,0.5455377,0.5325217,1,0.6402435
IMG_0387.png,0.4635599,1,0.7529783,0.4707606,1,0.7414417,0.4952378,1,0.6724228,0.4942008,1,0.6678332,0.5133453,1,0.6343278,0.5126419,1,0.6356106,0.5264041,1,0.7317424
IMG_0392.png,0.4869281,1,0.745098,0.4679806,1,0.7444247,0.5110833,1,0.7068798,0.5150179,1,0.7052097,0.5179536,1,0.677509,0.5170499,1,0.6786343,0.4957071,1,0.7358998
IMG_0393.png,0.5079516,1,0.6707203,0.4657705,1,0.7537562,0.5228585,1,0.6549924,0.5253955,1,0.6456869,0.4688911,1,0.6969061,0.4689839,1,0.6976463,0.4832522,1,0.7184369
IMG_0394.png,0.4802982,1,0.7071355,0.4770704,1,0.7309573,0.4944029,1,0.6661616,0.4954061,1,0.6734085,0.4723688,1,0.5857659,0.4721113,1,0.5909013,0.5119719,1,0.6848761
IMG_0395.png,0.5067156,1,0.6788766,0.5358606,1,0.6358767,0.5437999,1,0.6023987,0.5425395,1,0.6052077,0.5118561,1,0.4915761,0.5113863,1,0.4932049,0.4880756,1,0.8007929
IMG_0396.png,0.4650457,1,0.6747719,0.532172,1,0.8764027,0.5503075,1,0.6622781,0.551146,1,0.6536611,0.5364343,1,0.5921543,0.5347445,1,0.6006883,0.7008011,1,1
IMG_0401.png,0.4669706,1,0.7403191,0.4691916,1,0.7427591,0.4927418,1,0.6852011,0.493732,1,0.686146,0.5006118,1,0.6723548,0.5002049,1,0.6730003,0.4979718,1,0.6994268
IMG_0402.png,0.4716158,1,0.7336245,0.4804657,1,0.7208901,0.5103511,1,0.6751044,0.5089146,1,0.679508,0.4878313,1,0.6879339,0.4875571,1,0.6884019,0.5233226,1,0.6573668
IMG_0403.png,0.4699792,1,0.7349896,0.4763643,1,0.7314399,0.5274924,1,0.659194,0.5287142,1,0.6578431,0.4860658,1,0.6991146,0.4858402,1,0.699818,0.5120888,1,0.6828652
IMG_0404.png,0.4733421,1,0.7295191,0.4682705,1,0.7376669,0.511155,1,0.6689162,0.5135107,1,0.6637027,0.4694073,1,0.7185284,0.469343,1,0.71898,0.4942423,1,0.7046171
IMG_0406.png,0.4811389,1,0.7209965,0.4627831,1,0.7459344,0.5106051,1,0.6668554,0.5105112,1,0.6671091,0.5056539,1,0.6452902,0.5054242,1,0.6458086,0.4810581,1,0.7136853
IMG_0407.png,0.4821052,1,0.72,0.4982204,1,0.7083099,0.5479564,1,0.5728315,0.549299,1,0.573959,0.5261042,1,0.5816454,0.5255054,1,0.5835624,0.6448433,1,0.4913401
IMG_0409.png,0.4734614,1,0.7411267,0.4871324,1,0.6911339,0.5091135,1,0.6757451,0.5185927,1,0.6641474,0.4915889,1,0.7082217,0.4911269,1,0.7077852,0.5777555,1,0.8249268
IMG_0410.png,0.5722432,1,0.6083649,0.6903813,1,0.7669393,0.6731292,1,0.7562152,0.6719433,1,0.762185,0.5711609,1,0.6675402,0.5713673,1,0.6675099,1,1,1
IMG_0411.png,0.4704726,1,0.7362207,0.4746757,1,0.7457892,0.5156766,1,0.6752479,0.5196449,1,0.6718362,0.4781192,1,0.7333027,0.4779431,1,0.7335639,0.5136516,1,0.68036
IMG_0414.png,0.4794434,1,0.7039848,0.567833,1,0.5807619,0.5757907,1,0.5859099,0.5822996,1,0.5826047,0.5696535,1,0.5746816,0.5698385,1,0.5742754,0.5977068,1,0.5476513
IMG_0416.png,0.4989649,1,0.6583852,0.5608982,1,0.5479533,0.5504363,1,0.5527747,0.5541173,1,0.5516073,0.5638197,1,0.5321045,0.5638221,1,0.5320148,0.5493685,1,0.576062
IMG_0417.png,0.4534824,1,0.7300457,0.7130598,1,0.7127258,0.6127806,1,0.5888455,0.6224451,1,0.5936871,0.574771,1,0.5532316,0.5747533,1,0.5548515,0.9941711,1,0.9832609
IMG_0418.png,0.5352113,1,0.6338028,0.5759772,1,0.588649,0.5458473,1,0.6152131,0.5499285,1,0.6168726,0.5991424,1,0.5647609,0.5988462,1,0.5647277,0.5413534,1,0.6789031
IMG_0420.png,0.4686869,1,0.7343435,0.5513459,1,0.6306397,0.589781,1,0.6344194,0.5867217,1,0.636804,0.6153058,1,0.6125092,0.613453,1,0.6128834,0.5084812,1,0.6819045
IMG_0421.png,0.4715789,1,0.7263158,0.5068814,1,0.6697349,0.5009611,1,0.6848119,0.5013069,1,0.6833394,0.5184553,1,0.6363083,0.5185538,1,0.6360416,0.4863297,1,0.7048171
IMG_0423.png,0.473077,1,0.7250002,0.4914381,1,0.7024481,0.4961907,1,0.7080235,0.4913856,1,0.7241066,0.4983347,1,0.6574187,0.4985427,1,0.6569217,0.4715662,1,0.7370365
IMG_0425.png,0.4679665,1,0.7437325,0.4849411,1,0.7169895,0.5213599,1,0.6741816,0.5235336,1,0.6755045,0.5122179,1,0.65926,0.5116433,1,0.6602246,0.5252548,1,0.6631004
IMG_0428.png,0.4679665,1,0.7381616,0.5289533,1,0.6687882,0.5437295,1,0.6542475,0.5468278,1,0.6503268,0.5620623,1,0.6323569,0.5622687,1,0.632022,0.5880638,1,0.7468761
IMG_0430.png,0.5329949,1,0.6675126,0.8121261,1,0.5036966,0.6435623,1,0.5560407,0.6477574,1,0.5469228,0.6965783,1,0.5236724,0.6966277,1,0.5235181,0.9130737,1,0.3417423
IMG_0431.png,0.4583237,1,0.7577497,0.47529,1,0.7512233,0.5292565,1,0.6694234,0.530642,1,0.663028,0.5010835,1,0.6684733,0.5010729,1,0.6688852,0.5355092,1,0.6984607
IMG_0432.png,0.4756691,1,0.718978,0.5143837,1,0.7462477,0.5153937,1,0.6829426,0.5211999,1,0.678388,0.5139793,1,0.6739724,0.5135207,1,0.674539,1.286997,1,0.6145462
IMG_0439.png,0.4570446,1,0.7835051,0.5104368,1,0.6877506,0.519134,1,0.6630921,0.5221621,1,0.6601547,0.5310527,1,0.6553813,0.531066,1,0.6556932,0.5142455,1,0.6625117
IMG_0441.png,0.4658385,1,0.7608695,0.4629448,1,0.7585558,0.5126036,1,0.6845987,0.5126038,1,0.6851762,0.5024543,1,0.6941698,0.5021325,1,0.6946953,0.4933104,1,0.7137936
IMG_0442.png,0.4583333,1,0.7569446,0.6098841,1,0.7845659,0.558049,1,0.6910008,0.5665541,1,0.6998505,0.5374621,1,0.6726174,0.5385371,1,0.6732847,0.9469596,1,0.9441367
IMG_0444.png,0.516814,1,0.6654865,0.6184062,1,0.5196032,0.623571,1,0.516563,0.6230054,1,0.5201242,0.6209197,1,0.5155132,0.6207209,1,0.5155448,0.5952921,1,0.5731473
IMG_0445.png,0.440519,1,0.7916366,0.5596497,1,0.5692499,0.555105,1,0.5795353,0.5444561,1,0.5968749,0.5536234,1,0.5890926,0.5535783,1,0.5890358,0.5974073,1,0.6381504
IMG_0446.png,0.4610336,1,0.7555373,0.5530709,1,0.6036223,0.5567001,1,0.6093231,0.5578433,1,0.6128093,0.5818525,1,0.5578762,0.5818175,1,0.5579128,0.5571317,1,0.6625712
IMG_0447.png,0.5081555,1,0.6737765,0.4986672,1,0.7061736,0.5763101,1,0.6110593,0.5787388,1,0.6018581,0.5309204,1,0.6456687,0.529763,1,0.6476159,0.5155262,1,0.6779183
IMG_0448.png,0.4589553,1,0.7223881,0.784603,1,0.8056002,0.5551575,1,0.6073758,0.5602326,1,0.6202843,0.5580854,1,0.5298836,0.5582334,1,0.5316548,0.9286983,1,0.8783264
IMG_0450.png,0.443539,1,0.7892897,0.4998569,1,0.7003146,0.5092731,1,0.67388,0.5059205,1,0.6774975,0.4743965,1,0.7148429,0.474274,1,0.7159797,0.521465,1,0.6769837
IMG_0451.png,0.43937,1,0.7984252,0.4951274,1,0.7049121,0.4989752,1,0.6981269,0.4950336,1,0.7040357,0.4677192,1,0.7208079,0.4671386,1,0.7218289,0.5111429,1,0.6767304
IMG_0456.png,0.3981482,1,0.8950617,0.4795668,1,0.7326928,0.5108674,1,0.6900296,0.5105222,1,0.6921728,0.4774271,1,0.7206504,0.4772709,1,0.7211739,0.5360928,1,0.6952449
IMG_0457.png,0.4673618,1,0.7484135,0.4546489,1,0.8186504,0.4906082,1,0.7211072,0.4929789,1,0.714931,0.519143,1,0.6471281,0.5189666,1,0.6471756,0.5057183,1,0.7113951
IMG_0459.png,0.5074443,1,0.6749381,0.4942009,1,0.7111551,0.5471275,1,0.6384884,0.5503918,1,0.640079,0.5049837,1,0.6807875,0.5045907,1,0.6817271,0.514773,1,0.6715686
IMG_0461.png,0.6245733,1,0.4880546,0.7778161,1,0.5989254,0.6410746,1,0.5084023,0.6568038,1,0.50783,0.6494819,1,0.4837969,0.6491271,1,0.4840302,1.012043,1,0.8449761
IMG_0463.png,0.6871794,1,0.3897437,0.678838,1,0.3553687,0.6527465,1,0.3609415,0.6497275,1,0.3673171,0.7211625,1,0.3135171,0.7212902,1,0.3135154,0.5479925,1,0.4785581
IMG_0465.png,0.5249999,1,0.6166667,0.5847677,1,0.5492492,0.5943467,1,0.5357698,0.5966194,1,0.5285534,0.5767323,1,0.5298647,0.5761143,1,0.5307741,0.4468656,1,0.4950647
IMG_0466.png,0.4911536,1,0.6475585,0.7497937,1,0.4957446,0.5670029,1,0.554836,0.579291,1,0.5434129,0.5595092,1,0.5182754,0.5592053,1,0.5194534,0.8340276,1,0.3542687
IMG_0467.png,0.4785713,1,0.6964285,0.5710409,1,0.5731976,0.5649431,1,0.5765573,0.5712423,1,0.567611,0.5585909,1,0.5770065,0.5586613,1,0.5767957,0.5709899,1,0.5787548
IMG_0468.png,0.520812,1,0.6598985,0.5163375,1,0.7161236,0.5540564,1,0.6258605,0.5559538,1,0.6249886,0.5358938,1,0.6569398,0.5343283,1,0.6591692,0.8390741,1,0.777611
IMG_0469.png,0.4599019,1,0.7266774,0.700332,1,0.6139779,0.5970538,1,0.5570651,0.602549,1,0.5702302,0.5578439,1,0.5366628,0.5584363,1,0.5362881,0.9279693,1,0.910164
IMG_0471.png,0.5287981,1,0.6477462,0.5417332,1,0.6167089,0.506185,1,0.6130817,0.5106908,1,0.5993958,0.4877098,1,0.6177477,0.4881923,1,0.6181423,0.5491921,1,0.574927
IMG_0472.png,0.5161024,1,0.6696943,0.5130415,1,0.6732377,0.5419785,1,0.6343905,0.5506332,1,0.6267042,0.5265168,1,0.6386914,0.5264312,1,0.6393907,0.5640051,1,0.6315542
IMG_0479.png,0.4725492,1,0.7303924,0.478448,1,0.7505138,0.5421448,1,0.5980001,0.541424,1,0.5961851,0.4516962,1,0.6657586,0.4512359,1,0.6671486,0.5542583,1,0.6305764
IMG_0481.png,0.5054944,1,0.676923,0.4850509,1,0.7355419,0.5639456,1,0.5875707,0.5810192,1,0.5763372,0.4360571,1,0.7878869,0.4359571,1,0.7875041,0.5447098,1,0.6247837
IMG_0482.png,0.4124295,1,0.7853108,0.4438522,1,0.3980722,0.4386757,1,0.4923281,0.4327559,1,0.52282,0.4124078,1,0.3844014,0.4135419,1,0.3849513,0.4178032,1,0.7910984
IMG_0483.png,0.4296232,1,0.8090083,0.9214388,1,0.9798294,0.7773886,1,0.8929859,0.7415205,1,0.8738097,0.7245426,1,0.8421749,0.7238246,1,0.8453106,1,1,1
IMG_0484.png,0.4062625,1,0.8735448,0.8251333,1,0.9044952,0.4688504,1,0.6838643,0.47663,1,0.6733855,0.4327301,1,0.565825,0.4334394,1,0.5669575,0.9138719,1,0.9771917
IMG_0485.png,0.4516129,1,0.6752688,0.968756,1,0.9859732,0.6208028,1,0.789434,0.6031259,1,0.7832581,0.5244885,1,0.6869308,0.5250991,1,0.6864457,1,1,1
IMG_0486.png,0.4489796,1,0.6775511,0.7697557,1,0.9433476,0.5983813,1,0.8022076,0.5999768,1,0.8124701,0.529876,1,0.6263222,0.5290341,1,0.6256794,1,1,1
IMG_0487.png,0.4555085,1,0.7457626,0.4610782,1,0.7497513,0.4823357,1,0.6409519,0.4822963,1,0.6529056,0.4380091,1,0.4395549,0.4382103,1,0.4446031,0.4969147,1,0.7488047
IMG_0488.png,0.5285963,1,0.641248,0.4257572,1,0.8407817,0.535114,1,0.6094458,0.5498322,1,0.5953821,0.4022669,1,0.8020089,0.4023829,1,0.8016677,0.532026,1,0.6581573
IMG_0489.png,0.4428756,1,0.662388,0.8769659,1,0.9238152,0.703438,1,0.8043456,0.737006,1,0.8482176,0.5093263,1,0.6979478,0.513567,1,0.6982777,1,1,1
IMG_0490.png,0.440567,1,0.7459104,0.5505611,1,0.9874433,0.5053019,1,0.8293152,0.4985272,1,0.8222737,0.4679179,1,0.7040949,0.4685984,1,0.7058422,1,1,1
IMG_0492.png,0.4625955,1,0.7419845,0.4933862,1,0.689457,0.5068631,1,0.6694656,0.5083247,1,0.6677621,0.4654265,1,0.7103126,0.4651044,1,0.7113403,0.5258348,1,0.6587442
IMG_0494.png,0.5308878,1,0.6399612,0.4840123,1,0.7558308,0.5517244,1,0.6087637,0.5497836,1,0.606652,0.4465344,1,0.692605,0.4461019,1,0.6932295,0.541575,1,0.6176309
IMG_0496.png,0.4546899,1,0.7456281,0.4799411,1,0.7205071,0.5145539,1,0.6637797,0.5131367,1,0.6658755,0.4748992,1,0.6968896,0.4742799,1,0.6980241,0.5213912,1,0.6727653
IMG_0497.png,0.4553038,1,0.7651967,0.5153602,1,0.6472553,0.5300642,1,0.625184,0.5264793,1,0.630819,0.5286688,1,0.6219034,0.5287275,1,0.6217725,0.5136102,1,0.6527433
IMG_0498.png,0.4561736,1,0.7624884,0.4574856,1,0.7564506,0.5157477,1,0.6866029,0.5148552,1,0.6823733,0.4982183,1,0.6623619,0.497415,1,0.6639325,0.484086,1,0.73547
IMG_0500.png,0.4577115,1,0.7569296,0.5061573,1,0.6652993,0.5336505,1,0.6674228,0.5133863,1,0.6765074,0.5664392,1,0.6245207,0.5663861,1,0.6244991,0.4871702,1,0.6401966
IMG_0501.png,0.457656,1,0.7544909,0.3786716,1,0.9222921,0.4909292,1,0.7502117,0.4872421,1,0.7492932,0.4987856,1,0.6932787,0.4964757,1,0.6966511,0.407428,1,0.8693716
IMG_0503.png,0.5018026,1,0.6914205,0.4737211,1,0.7805202,0.5132041,1,0.7054831,0.5165761,1,0.7006358,0.4874923,1,0.7135124,0.4863334,1,0.7155959,0.5360175,1,0.7025081
IMG_0504.png,0.5252746,1,0.6608056,0.5247968,1,0.7532685,0.5849508,1,0.6295699,0.5909533,1,0.616823,0.5128375,1,0.6855988,0.5121093,1,0.6867071,0.61206,1,0.5494637
IMG_0505.png,0.4798762,1,0.7151702,0.4959183,1,0.677578,0.4972989,1,0.6801785,0.4971507,1,0.6810696,0.4944366,1,0.6775609,0.4943133,1,0.6776661,0.4871961,1,0.6927061
IMG_0507.png,0.4505929,1,0.7351779,0.5415754,1,0.6187707,0.5282152,1,0.6332837,0.5261368,1,0.638628,0.4775546,1,0.6945573,0.4771846,1,0.6952048,0.5736547,1,0.5867778
IMG_0508.png,0.4601327,1,0.7491691,0.5352348,1,0.6359168,0.5173348,1,0.6296339,0.5158052,1,0.6401971,0.5580851,1,0.5984236,0.5578878,1,0.5985972,0.4913491,1,0.6964307
IMG_0512.png,0.4445929,1,0.7917225,0.459899,1,0.7603989,0.4896891,1,0.7273268,0.4859136,1,0.7334792,0.4891382,1,0.7008345,0.4881762,1,0.7025665,0.5005515,1,0.7143438
IMG_0515.png,0.4444444,1,0.7456788,0.6934256,1,0.982132,0.6266748,1,0.8773924,0.6271755,1,0.8865213,0.5703504,1,0.7274168,0.5701238,1,0.7285106,1,1,1
IMG_0518.png,0.4496228,1,0.7798492,0.8252751,1,0.9294455,0.5716671,1,0.6925014,0.5884038,1,0.6955597,0.7366939,1,0.5866533,0.7321683,1,0.5889776,1,1,1
IMG_0519.png,0.4510022,1,0.768374,0.4562746,1,0.7716991,0.4808863,1,0.7156234,0.484816,1,0.7064658,0.4496107,1,0.7236528,0.4491483,1,0.7251751,0.5139703,1,0.7141773
IMG_0520.png,0.5014327,1,0.6848137,0.6580907,1,0.7628628,0.530503,1,0.6551067,0.5365185,1,0.6524836,0.4501202,1,0.7890806,0.449873,1,0.7894531,1.079397,1,0.7851013
IMG_0521.png,0.4450601,1,0.7460756,0.5767147,1,0.888312,0.5079455,1,0.7482613,0.5133196,1,0.7535925,0.494531,1,0.6288509,0.494716,1,0.6312494,1,1,1
IMG_0525.png,0.440846,1,0.7997357,0.4495122,1,0.7669351,0.4911601,1,0.6873851,0.4929867,1,0.6756924,0.5296682,1,0.6125696,0.5305378,1,0.6117166,0.4449001,1,0.7900516
IMG_0526.png,0.4643586,1,0.7433812,0.4922431,1,0.7287461,0.5195082,1,0.6859906,0.5148585,1,0.693007,0.4645025,1,0.7308763,0.4638638,1,0.7322755,0.5373239,1,0.6506213
IMG_0528.png,0.442623,1,0.7923498,0.4527308,1,0.7862617,0.4996448,1,0.7096412,0.5044592,1,0.7058146,0.4230778,1,0.8128968,0.4234558,1,0.8122285,0.4897682,1,0.7106003
IMG_0529.png,0.4280001,1,0.8140001,0.4559141,1,0.5314106,0.4604969,1,0.500329,0.4440784,1,0.480441,0.4409395,1,0.3747794,0.4409683,1,0.3749438,0.4646419,1,0.7673617
IMG_0530.png,0.4438456,1,0.7852651,0.4845608,1,0.7697497,0.5013791,1,0.7757363,0.4961806,1,0.7665177,0.4585126,1,0.8427419,0.458388,1,0.8417652,0.4737966,1,0.7289767
IMG_0533.png,0.5255581,1,0.6472282,0.6137275,1,0.5561775,0.5947913,1,0.5922701,0.5889085,1,0.5939865,0.5756967,1,0.5797197,0.5761666,1,0.5790457,0.6221148,1,0.6949065
IMG_0538.png,0.6331361,1,0.4575936,0.838518,1,0.2895548,0.7767066,1,0.3399721,0.7834921,1,0.3365769,0.6791917,1,0.4154854,0.6783202,1,0.4162744,0.850185,1,0.3028879
IMG_0539.png,0.6016597,1,0.5062241,0.8810704,1,0.3075984,0.7597425,1,0.4038931,0.7836325,1,0.3757895,0.6233925,1,0.4664601,0.623112,1,0.4671878,0.8877481,1,0.3132405
IMG_0542.png,0.7868421,1,0.3210527,0.9037511,1,0.3009726,0.8828943,1,0.2743001,0.869225,1,0.2744692,0.8648173,1,0.2626924,0.8651733,1,0.2638723,1,1,0.4179904
IMG_0546.png,0.4588746,1,0.6493506,0.423839,1,0.7154251,0.4578279,1,0.6918573,0.4735981,1,0.6823694,0.4711071,1,0.6697608,0.4706077,1,0.6698307,0.4093574,1,0.7328072
IMG_0549.png,0.7792205,1,0.3203462,0.9533355,1,0.3863562,0.8616384,1,0.3223491,0.8678315,1,0.3210483,0.7977072,1,0.3193145,0.7992777,1,0.319035,1,1,0.6125582
IMG_0550.png,0.7873417,1,0.3164557,0.7565149,1,0.2249843,0.762216,1,0.2571159,0.7723636,1,0.2810165,0.7491745,1,0.2401941,0.7489692,1,0.2408955,0.7682578,1,0.3286396
IMG_0552.png,0.6614172,1,0.440945,0.4665786,1,0.6523527,0.4678342,1,0.658287,0.4590066,1,0.6656876,0.5370347,1,0.5762253,0.5375853,1,0.5757249,0.4598273,1,0.6504166
IMG_0554.png,0.7515463,1,0.3587629,0.9054297,1,0.3661529,0.8254472,1,0.3151422,0.829817,1,0.3117964,0.8566547,1,0.3063561,0.856515,1,0.3064127,1,1,0.5428702
IMG_0556.png,0.791218,1,0.3148302,0.8102866,1,0.4576407,0.8488569,1,0.3291779,0.8345365,1,0.3282622,0.824572,1,0.3315941,0.8251581,1,0.3309736,0.5639151,1,0.6714874
IMG_0559.png,0.5584701,1,0.5726776,0.5192617,1,0.6263315,0.5868056,1,0.5263556,0.5949078,1,0.5295875,0.5912966,1,0.4732811,0.5918804,1,0.4732706,0.4116831,1,0.6994066
IMG_0564.png,0.4386282,1,0.7292419,0.5697618,1,0.7342767,0.5647191,1,0.6154152,0.5517946,1,0.6320931,0.6385063,1,0.5057249,0.6384681,1,0.5055947,0.4109978,1,0.997405
IMG_0565.png,0.7099698,1,0.3141993,0.8641234,1,0.2433408,0.8506163,1,0.2336061,0.8535032,1,0.2390018,0.8607012,1,0.1890053,0.861012,1,0.1890587,0.8272029,1,0.2854948
IMG_0566.png,0.7083332,1,0.3645833,0.9727044,1,0.61542,0.9068689,1,0.4201817,0.9062244,1,0.3997989,0.8113774,1,0.3609941,0.8113988,1,0.360311,1,1,0.9557031
IMG_0567.png,0.8121693,1,0.3068783,0.8192145,1,0.7586339,0.803669,1,0.3514159,0.7850678,1,0.4021791,0.9992348,1,0.1831192,0.9993439,1,0.1829873,0.8488059,1,0.85228
IMG_0570.png,0.5703422,1,0.5019011,0.8540898,1,0.7422394,0.7660631,1,0.6471397,0.7132328,1,0.635579,0.6447586,1,0.4928757,0.6450044,1,0.4935184,0.9918834,1,0.9949156
IMG_0575.png,0.5740403,1,0.499086,0.5715219,1,0.5009062,0.822105,1,0.4642471,0.7952232,1,0.4658231,1.023502,1,0.4207154,1.020432,1,0.4216652,0.5376375,1,0.4936015
IMG_0576.png,0.7325,1,0.4075,0.7320536,1,0.4246993,0.8853768,1,0.38733,0.9024807,1,0.3750478,0.798748,1,0.393285,0.7975936,1,0.3933376,0.8119537,1,0.3482005
IMG_0577.png,0.7913386,1,0.3070866,0.8126098,1,0.4121506,0.8178279,1,0.316587,0.8173522,1,0.3233759,0.8580496,1,0.281482,0.8582461,1,0.2814215,0.5331628,1,0.7063856
IMG_0578.png,0.7974684,1,0.2911393,0.6996058,1,0.8486774,0.7308764,1,0.6329152,0.729022,1,0.6637572,0.6919692,1,0.419544,0.6907192,1,0.4203363,0.9014115,1,1
IMG_0581.png,0.7610619,1,0.3522122,0.6565517,1,0.5005601,0.6686101,1,0.4631874,0.6799577,1,0.4613851,0.6652917,1,0.4354534,0.6651367,1,0.4354965,0.7834156,1,0.3457058
IMG_0583.png,0.4492754,1,0.6702899,0.4780497,1,0.6302916,0.4773385,1,0.6239062,0.4784684,1,0.6223408,0.4745271,1,0.6109227,0.4746421,1,0.6107793,0.6154728,1,0.5321031
IMG_0584.png,0.4382286,1,0.6713289,0.6594449,1,0.5678322,0.5191572,1,0.623814,0.5243119,1,0.6132603,0.5178607,1,0.6263193,0.5175336,1,0.6260777,0.8793317,1,0.5956359
IMG_0586.png,0.7946428,1,0.3080357,0.8561417,1,0.2547345,0.8733307,1,0.2707429,0.8422512,1,0.2837376,0.9013241,1,0.2295107,0.9019754,1,0.2293332,0.8434592,1,0.248207
IMG_0587.png,0.802974,1,0.3048327,0.8160749,1,0.3601685,0.8825894,1,0.3078357,0.8725402,1,0.3210948,0.8189425,1,0.3093711,0.8191389,1,0.3088161,0.9399044,1,0.4683764
IMG_0589.png,0.791045,1,0.3093623,0.8017937,1,0.3008515,0.8273952,1,0.3025556,0.8233521,1,0.3007597,0.7936987,1,0.2979547,0.7944697,1,0.2976601,0.7603594,1,0.3470565
IMG_0592.png,0.7793849,1,0.3345388,0.5805136,1,0.6596531,0.7111391,1,0.44274,0.6905439,1,0.4591817,0.7388761,1,0.3967741,0.7376638,1,0.3971831,0.4189267,1,0.7000962
IMG_0596.png,0.7817592,1,0.320847,0.8025271,1,0.3795746,0.7853316,1,0.3649606,0.7811011,1,0.3674312,0.7887461,1,0.3281379,0.7886253,1,0.328092,0.8295827,1,0.3025757
IMG_0597.png,0.521148,1,0.5845921,0.5085799,1,0.5507298,0.5027386,1,0.5929228,0.5272786,1,0.6215807,0.4975301,1,0.5257284,0.4979509,1,0.5251969,0.5293025,1,0.7611654
IMG_0601.png,0.7774087,1,0.3056479,0.7737962,1,0.3117733,0.8201536,1,0.289067,0.8276082,1,0.2884686,0.8223243,1,0.2838295,0.8218897,1,0.2840915,0.779687,1,0.3180396
IMG_0603.png,0.7150396,1,0.3667546,0.7382003,1,0.3554546,0.7458521,1,0.350204,0.7535009,1,0.3520133,0.7624479,1,0.3271216,0.762656,1,0.3271323,0.8207936,1,0.3234248
IMG_0604.png,0.7166212,1,0.3651226,0.7306995,1,0.3649096,0.7400746,1,0.3490972,0.7442035,1,0.3497862,0.7356888,1,0.3490102,0.7357354,1,0.3488244,0.7873828,1,0.3757197
IMG_0605.png,0.4451532,1,0.6798474,0.4570074,1,0.6199931,0.4458787,1,0.6380607,0.447141,1,0.6380056,0.4690719,1,0.596032,0.4690987,1,0.5967569,0.4568685,1,0.5986526
IMG_0607.png,0.7538461,1,0.3384616,0.7223229,1,0.3827132,0.7365156,1,0.3702082,0.7453588,1,0.3710727,0.7365713,1,0.3690249,0.7364097,1,0.3691191,0.7573884,1,0.3442562
IMG_0609.png,0.4834558,1,0.6158088,0.5204717,1,0.6195778,0.5082004,1,0.5973197,0.5050478,1,0.5948007,0.5182126,1,0.5668225,0.5184336,1,0.5664375,0.6209578,1,0.7373148
IMG_0613.png,0.736842,1,0.3721804,0.8543575,1,0.2541942,0.7525183,1,0.3280355,0.7318104,1,0.3478602,0.8736328,1,0.2326338,0.8736047,1,0.2326185,0.7686286,1,0.3624239
IMG_0614.png,0.73057,1,0.3782384,0.7413668,1,0.3844104,0.716014,1,0.3862108,0.7074111,1,0.4036875,0.7811444,1,0.3229606,0.7813661,1,0.3227359,0.5181737,1,0.4408236
IMG_0615.png,0.6041008,1,0.5126181,0.553282,1,0.5872001,0.6734673,1,0.5133468,0.7156562,1,0.4913737,0.7120197,1,0.4567143,0.7111931,1,0.4574019,0.4690627,1,0.6667828
IMG_0616.png,0.7228918,1,0.3915663,0.8768182,1,0.6136308,0.7895805,1,0.5053288,0.7971631,1,0.521361,0.7969608,1,0.389862,0.7967886,1,0.3920085,1,1,0.8526741
IMG_0617.png,0.7733757,1,0.344955,0.8820749,1,0.383689,0.9406485,1,0.232603,0.9006207,1,0.2533195,1.271632,1,0.2626806,1.263645,1,0.2625504,0.8668851,1,0.4460719
IMG_0618.png,0.7814032,1,0.3115824,0.9707699,1,0.5301147,0.9076121,1,0.3625001,0.8953472,1,0.3783841,0.9250254,1,0.2789035,0.924421,1,0.2809721,1,1,0.7734188
IMG_0621.png,0.7857144,1,0.3059005,0.9382886,1,0.6000051,0.8334112,1,0.4467168,0.8392818,1,0.4683824,0.7583797,1,0.3260862,0.7580586,1,0.3257296,1,1,0.8905318
IMG_0623.png,0.7800687,1,0.3024056,0.7800381,1,0.3232837,0.7674721,1,0.320515,0.7726895,1,0.3294303,0.7516233,1,0.3004256,0.7515475,1,0.3003437,0.7862091,1,0.5503464
IMG_0624.png,0.6382253,1,0.4266212,0.8499555,1,0.3815945,0.8185236,1,0.3215246,0.8323679,1,0.3259194,0.7141823,1,0.3746742,0.7145426,1,0.3758634,1,1,0.5902342
IMG_0632.png,0.8333334,1,0.3070175,0.8921525,1,0.2954018,0.9576182,1,0.2752113,0.9379236,1,0.2829313,0.9371568,1,0.2633477,0.9372906,1,0.2631858,0.8338711,1,0.3050613
IMG_0633.png,0.6871164,1,0.4171778,0.6326037,1,0.6015059,0.6794318,1,0.5225105,0.6801129,1,0.533102,0.6087141,1,0.5222344,0.6075448,1,0.5235881,0.5887319,1,0.7454054
IMG_0637.png,0.5584416,1,0.5064935,0.5901024,1,0.4573526,0.5774891,1,0.47885,0.5812131,1,0.4852757,0.5736149,1,0.4699558,0.5740044,1,0.469773,0.5897186,1,0.4573697
IMG_0661.png,0.4988292,1,0.6182672,0.510552,1,0.6059353,0.5332421,1,0.5874919,0.5416305,1,0.5868076,0.5484689,1,0.548027,0.54862,1,0.5476484,0.4705322,1,0.6549643
IMG_0666.png,0.5817308,1,0.5192308,0.8307791,1,0.334985,0.6934084,1,0.4326461,0.7008155,1,0.4246834,0.6041779,1,0.4902516,0.6036989,1,0.4908088,0.8349757,1,0.2854347
IMG_0671.png,0.4798903,1,0.6480805,0.5195667,1,0.6098576,0.5645807,1,0.5800911,0.5639827,1,0.581039,0.5779645,1,0.5199222,0.5776926,1,0.5203609,0.4491801,1,0.6220762
IMG_0676.png,0.4600763,1,0.756654,0.493163,1,0.7710806,0.4820538,1,0.7708547,0.4785264,1,0.7748631,0.5220753,1,0.71508,0.5216663,1,0.7145494,0.4354491,1,0.8997325
IMG_0677.png,0.4616457,1,0.7622035,0.4378515,1,0.7384544,0.46722,1,0.7403844,0.4664009,1,0.7406698,0.4911618,1,0.7018432,0.4915023,1,0.7015703,0.4245537,1,0.7996155
IMG_0678.png,0.4592251,1,0.7582419,0.45739,1,0.8035316,0.4652372,1,0.7632781,0.4683557,1,0.7608936,0.4850883,1,0.7290286,0.4855874,1,0.7281112,0.4354591,1,0.8014126
IMG_0681.png,0.4812925,1,0.6173469,0.4936543,1,0.6296348,0.5189927,1,0.6273954,0.5310419,1,0.6297625,0.5441596,1,0.5967934,0.5440183,1,0.5968109,0.4556473,1,0.648708
IMG_0682.png,0.4935345,1,0.6971983,0.5188673,1,0.7363908,0.5122537,1,0.6811755,0.513478,1,0.6824682,0.4789831,1,0.7041996,0.4787601,1,0.7046411,0.6868543,1,0.9063947
IMG_0683.png,0.4663574,1,0.7610209,0.4698082,1,0.7423895,0.5095137,1,0.6908974,0.5101717,1,0.6869705,0.4767987,1,0.6908788,0.4762781,1,0.6922904,0.4829953,1,0.7123245
IMG_0684.png,0.4628098,1,0.7520659,0.4632281,1,0.7438259,0.4785703,1,0.7245961,0.4786436,1,0.7266166,0.4829933,1,0.6502947,0.4828443,1,0.6490135,0.4459762,1,0.7718684
IMG_0686.png,0.4792409,1,0.6405694,0.4852629,1,0.6330196,0.5061087,1,0.6214515,0.50739,1,0.6194091,0.4874899,1,0.6461134,0.4872129,1,0.6457308,0.47397,1,0.6562546
IMG_0687.png,0.5060975,1,0.5945122,0.4769604,1,0.6451704,0.5082993,1,0.623191,0.5138435,1,0.6202271,0.5058251,1,0.6218951,0.5052943,1,0.6221013,0.4244281,1,0.6981209
IMG_0743.png,0.4518246,1,0.7686131,0.4699188,1,0.7175424,0.4669561,1,0.6173775,0.4685074,1,0.6274731,0.4589649,1,0.4843426,0.4590744,1,0.4846473,0.4467285,1,0.790016
IMG_0754.png,0.4494624,1,0.7817202,0.5337426,1,0.6408182,0.5193305,1,0.6436154,0.5037385,1,0.6532073,0.5859075,1,0.5995666,0.5859103,1,0.5994733,0.4920759,1,0.6931671
IMG_0757.png,0.4538087,1,0.7763372,0.4471559,1,0.781488,0.5353667,1,0.6743141,0.5429578,1,0.67348,0.5323535,1,0.648806,0.5314135,1,0.6500924,0.4455869,1,0.7835155
IMG_0758.png,0.4582103,1,0.7728613,0.4785766,1,0.8402601,0.50972,1,0.8512087,0.4988256,1,0.8357808,0.477588,1,0.8103622,0.4770602,1,0.8101082,0.5585107,1,0.9587701
IMG_0760.png,0.4530245,1,0.7857143,0.449873,1,0.7899489,0.4899954,1,0.7072421,0.487361,1,0.7136026,0.4859639,1,0.6966484,0.485629,1,0.6975882,0.4507328,1,0.8002281
IMG_0761.png,0.4541485,1,0.779476,0.4969895,1,0.686492,0.4867317,1,0.7197592,0.4858535,1,0.7210695,0.4987967,1,0.676064,0.4986048,1,0.6762951,0.4927706,1,0.6846424
IMG_0762.png,0.4589372,1,0.763285,0.4464243,1,0.7841839,0.4715267,1,0.7478323,0.475014,1,0.742342,0.4640553,1,0.7504606,0.4639236,1,0.7507115,0.4476198,1,0.7891904
IMG_0763.png,0.4528044,1,0.7756496,0.5435161,1,0.6083972,0.5267204,1,0.6446227,0.5279576,1,0.6443106,0.5338645,1,0.6165599,0.5334801,1,0.6170755,0.6109881,1,0.4775915
IMG_0766.png,0.4494383,1,0.7814096,0.5265158,1,0.629825,0.5303495,1,0.627839,0.5250204,1,0.631214,0.5320152,1,0.6021556,0.5317612,1,0.6024401,0.4704327,1,0.7549984
IMG_0767.png,0.4527187,1,0.780733,0.5112668,1,0.6277817,0.507145,1,0.5892113,0.5021248,1,0.5948408,0.5072739,1,0.5050998,0.5077545,1,0.5062833,0.4925253,1,0.7112201
IMG_0770.png,0.4493243,1,0.7837838,0.4464562,1,0.7900498,0.4760287,1,0.7429284,0.4801857,1,0.7396739,0.4548067,1,0.7707605,0.4547089,1,0.7709309,0.4532252,1,0.7858355
IMG_0772.png,0.4485727,1,0.7884003,0.5376058,1,0.6798672,0.491544,1,0.6858059,0.5021542,1,0.6916297,0.4316199,1,0.6428066,0.4331756,1,0.6438941,0.7940963,1,0.4272607
IMG_0773.png,0.454764,1,0.7766214,0.5847291,1,0.5888888,0.5643842,1,0.6049139,0.5589523,1,0.6153806,0.5967522,1,0.5453597,0.5961417,1,0.5459368,0.4795224,1,0.7548244
IMG_0775.png,0.4547647,1,0.7683957,0.542076,1,0.6282211,0.555091,1,0.6105009,0.5489225,1,0.6201007,0.544572,1,0.6173777,0.5444494,1,0.6173453,0.4870082,1,0.7609855
IMG_0776.png,0.4630434,1,0.7673912,0.445053,1,0.8014415,0.4838963,1,0.7336271,0.4894306,1,0.7265429,0.4696028,1,0.7606131,0.4695673,1,0.7607639,0.4426072,1,0.7999718
IMG_0777.png,0.5238097,1,0.6666667,0.529354,1,0.6088725,0.563495,1,0.5516443,0.564931,1,0.5442036,0.5434503,1,0.5875983,0.5432292,1,0.5879859,0.5877512,1,0.5325869
IMG_0778.png,0.4509554,1,0.7821653,0.4461823,1,0.8039541,0.4649142,1,0.7691081,0.4677578,1,0.7634653,0.477195,1,0.7252248,0.4765462,1,0.7262402,0.4441318,1,0.8046148
IMG_0782.png,0.4525044,1,0.7849741,0.4450312,1,0.7850245,0.4872225,1,0.6988988,0.496695,1,0.6879789,0.4650433,1,0.6986711,0.4649178,1,0.6988458,0.4470514,1,0.7737215
IMG_0783.png,0.4477848,1,0.7879744,0.5003578,1,0.6956461,0.5190581,1,0.7039428,0.5176802,1,0.7081954,0.5027499,1,0.6919112,0.5026119,1,0.6919694,0.4519191,1,0.8309839
IMG_0784.png,0.4531178,1,0.786605,0.5007335,1,0.8803005,0.4962775,1,0.8175215,0.4906152,1,0.8164975,0.4734622,1,0.7530087,0.4732343,1,0.7573292,0.7028611,1,1
IMG_0786.png,0.4481053,1,0.784184,0.4465638,1,0.8017621,0.4578083,1,0.7741366,0.4576877,1,0.7692066,0.4500733,1,0.7860822,0.4499752,1,0.7862349,0.4530283,1,0.7942996
IMG_0787.png,0.4456183,1,0.793039,0.4563022,1,0.5632896,0.5161569,1,0.4849977,0.5092499,1,0.4939988,0.434694,1,0.3175649,0.4347724,1,0.3182834,0.4858908,1,0.7368029
IMG_0789.png,0.4538461,1,0.7320513,0.6066664,1,0.7088465,0.493566,1,0.692592,0.4985081,1,0.6870807,0.4964059,1,0.6326423,0.4961725,1,0.6331739,0.9315296,1,0.7147561
IMG_0792.png,0.4513275,1,0.7787611,0.4835902,1,0.7277462,0.4824121,1,0.7141595,0.4802498,1,0.7155434,0.4951011,1,0.693256,0.4953679,1,0.6929289,0.6021509,1,0.4809568
IMG_0793.png,0.4579439,1,0.7819315,0.4415995,1,0.7922908,0.4836486,1,0.7333475,0.4828954,1,0.7368838,0.4849715,1,0.7194234,0.4846654,1,0.7200338,0.4450672,1,0.8016586
IMG_0794.png,0.4550335,1,0.7677849,0.4430415,1,0.7941364,0.483766,1,0.7099488,0.4869992,1,0.7077114,0.477596,1,0.6998485,0.4772333,1,0.7006169,0.444234,1,0.7976571
IMG_0796.png,0.4569932,1,0.7666416,0.9813433,1,0.7051262,0.6825178,1,0.6290587,0.6742491,1,0.6379831,0.5971693,1,0.5707583,0.596509,1,0.571069,1,1,0.9598993
IMG_0797.png,0.4626717,1,0.7554025,0.5162137,1,0.6762961,0.53443,1,0.6470446,0.5214376,1,0.6614996,0.5442152,1,0.6071768,0.5442198,1,0.608723,0.4567041,1,0.8298533
IMG_0798.png,0.595,1,0.5075,0.6143307,1,0.5502583,0.6110542,1,0.5333009,0.6098215,1,0.5395374,0.6108627,1,0.5636236,0.6101045,1,0.5648134,0.6017399,1,0.5448759
IMG_0800.png,0.4605809,1,0.780083,0.4387742,1,0.8101819,0.4809705,1,0.7377551,0.4830448,1,0.7340535,0.4801996,1,0.7176433,0.4790936,1,0.7197947,0.4411341,1,0.8055568
IMG_0801.png,0.446224,1,0.7871851,0.4406002,1,0.7927087,0.4672947,1,0.7379583,0.4738305,1,0.7266013,0.4557758,1,0.7566912,0.455586,1,0.7571116,0.4426503,1,0.7925282
IMG_0803.png,0.4437983,1,0.7403099,0.5298203,1,0.8975591,0.4808265,1,0.7996557,0.4824566,1,0.8158775,0.4682081,1,0.6003987,0.4687807,1,0.6056333,0.7125963,1,1
IMG_0804.png,0.4418606,1,0.7866531,0.4887915,1,0.7999934,0.5585998,1,0.6478068,0.5561481,1,0.6591564,0.5097464,1,0.5010019,0.5093076,1,0.5014747,0.45354,1,0.8570991
IMG_0806.png,0.4442529,1,0.7959771,0.4394477,1,0.8022803,0.4606137,1,0.7421541,0.4614893,1,0.7391596,0.4841925,1,0.64037,0.4839983,1,0.6409595,0.4477428,1,0.7855938
IMG_0808.png,0.4482759,1,0.7643677,0.4300528,1,0.8299346,0.4511812,1,0.776424,0.4501717,1,0.7758481,0.4384252,1,0.7822634,0.4383694,1,0.7827037,0.4398083,1,0.8215353
IMG_0809.png,0.4377267,1,0.7629986,0.5330952,1,0.6603601,0.5273234,1,0.6287724,0.5305122,1,0.6370352,0.5242839,1,0.6316485,0.523956,1,0.6314986,0.5400957,1,0.639139
IMG_0810.png,0.4444443,1,0.7843138,0.4390513,1,0.8045627,0.4552672,1,0.7623315,0.4645937,1,0.766021,0.4384582,1,0.7796527,0.4384515,1,0.7795846,0.4431543,1,0.8010718
IMG_0812.png,0.4440434,1,0.7924189,0.4356404,1,0.827588,0.4695413,1,0.7333606,0.4720372,1,0.7140025,0.4532224,1,0.7564716,0.4526211,1,0.7581885,0.4375584,1,0.8306039
IMG_0813.png,0.4444444,1,0.7960423,0.4398127,1,0.8087958,0.4528473,1,0.7904138,0.4518249,1,0.7920709,0.4445462,1,0.7847772,0.444444,1,0.7852137,0.4420306,1,0.8035108
IMG_0814.png,0.4406779,1,0.7966102,0.4566743,1,0.7542765,0.4894363,1,0.6941597,0.4928848,1,0.6787909,0.4903692,1,0.6437331,0.4907155,1,0.6433026,0.4576352,1,0.7246554
IMG_0817.png,0.4396324,1,0.8031496,0.4361153,1,0.8088888,0.4617745,1,0.7450578,0.4635429,1,0.7424226,0.4487286,1,0.7636972,0.4485578,1,0.7642135,0.4402205,1,0.8056848
IMG_0818.png,0.4441417,1,0.8038147,0.4368229,1,0.8060542,0.4636192,1,0.767581,0.4646683,1,0.7644605,0.4590797,1,0.7537724,0.4589196,1,0.7542119,0.4435792,1,0.7910944
IMG_0823.png,0.4382129,1,0.7861218,0.4485769,1,0.7969856,0.4888506,1,0.7186612,0.4872977,1,0.7118334,0.4837726,1,0.5959988,0.4827796,1,0.598615,0.4390981,1,0.8103157
IMG_0825.png,0.4363057,1,0.8025476,0.4318424,1,0.8184942,0.4529198,1,0.7385877,0.4545702,1,0.73828,0.4363143,1,0.5853047,0.436111,1,0.5898254,0.4347958,1,0.818603
IMG_0826.png,0.4385082,1,0.8014113,0.4356685,1,0.8117668,0.4479217,1,0.7580154,0.4492575,1,0.7637404,0.43405,1,0.698015,0.4340396,1,0.6991355,0.4362962,1,0.8074351
IMG_0829.png,0.4374078,1,0.8033872,0.4363629,1,0.8150955,0.4581481,1,0.790334,0.4558985,1,0.7873636,0.4563841,1,0.6714425,0.4561266,1,0.6733121,0.4409484,1,0.8160843
IMG_0831.png,0.439141,1,0.7852031,0.4352691,1,0.8126203,0.4661555,1,0.742968,0.4683301,1,0.736581,0.4480334,1,0.7665057,0.4478759,1,0.767131,0.4376873,1,0.8203772
IMG_0832.png,0.4397495,1,0.8028164,0.43333,1,0.8112525,0.4414638,1,0.7742183,0.4402541,1,0.7726578,0.447965,1,0.7698304,0.4477332,1,0.7704925,0.4333649,1,0.8153555
IMG_0838.png,0.7603386,1,0.3073308,0.9987606,1,0.9664455,0.9171971,1,0.5339328,0.9394121,1,0.5686011,0.6952424,1,0.4210444,0.6958116,1,0.4210742,1,1,1
IMG_0840.png,0.756821,1,0.3190985,0.8881936,1,0.8211658,0.7582614,1,0.3685703,0.7539139,1,0.3759319,0.7146707,1,0.3470273,0.71363,1,0.3507514,0.9917907,1,0.8890214
IMG_0842.png,0.452381,1,0.7751322,0.4348194,1,0.8222105,0.4541665,1,0.778459,0.4526193,1,0.7776476,0.4604135,1,0.7675842,0.4597773,1,0.7690132,0.436675,1,0.8178606
IMG_0843.png,0.4352158,1,0.8156141,0.4968284,1,0.8240201,0.4644044,1,0.7840602,0.4731985,1,0.7812979,0.4578462,1,0.7503588,0.4573475,1,0.7514688,0.9430013,1,0.951094
IMG_0844.png,0.4506518,1,0.7504656,0.5231573,1,0.7820239,0.5203065,1,0.6736187,0.5182113,1,0.6891257,0.5165047,1,0.6114067,0.5158708,1,0.6122651,0.5664711,1,0.8530718
IMG_0845.png,0.4325397,1,0.8134921,0.4994958,1,0.827886,0.4702894,1,0.7819326,0.4854418,1,0.7716791,0.4387903,1,0.8079256,0.4387101,1,0.8080828,2.344005,1,0.568331
IMG_0846.png,0.4423592,1,0.7989277,0.6400334,1,0.5642701,0.4980178,1,0.7092041,0.5015177,1,0.7065991,0.4890809,1,0.696561,0.4890023,1,0.696481,0.6574431,1,0.5205193
IMG_0849.png,0.6499999,1,0.35,0.6165541,1,0.3718806,0.6097007,1,0.3859666,0.6086252,1,0.3944619,0.6314116,1,0.3580731,0.6314837,1,0.3582396,0.5846758,1,0.4074656
IMG_0853.png,0.9074074,1,0.2469136,0.6230806,1,0.4552285,0.7294719,1,0.3773603,0.7440906,1,0.3714202,0.906073,1,0.2517684,0.9063197,1,0.2516378,0.6198029,1,0.4484662
IMG_0858.png,0.6182795,1,0.4408602,0.6340431,1,0.4615701,0.6633513,1,0.4236227,0.6591979,1,0.4314918,0.7203601,1,0.3487519,0.7208388,1,0.3482609,0.5722164,1,0.5325702
IMG_0859.png,0.4796573,1,0.6959313,0.921451,1,0.8546461,0.7840369,1,0.783717,0.756063,1,0.7481726,0.6847082,1,0.665861,0.6846915,1,0.6630299,1,1,1
IMG_0861.png,0.8112245,1,0.3737246,0.8327622,1,0.4480173,0.7682876,1,0.3987894,0.7933617,1,0.3963065,0.6258751,1,0.3313245,0.6263725,1,0.3323743,0.8815087,1,0.3851514
IMG_0864.png,0.7880393,1,0.3890992,0.8508075,1,0.3955414,0.902707,1,0.3931344,0.9326634,1,0.3926943,0.9762792,1,0.3531732,0.9752507,1,0.3535381,0.9105761,1,0.4539903
IMG_0865.png,0.5030396,1,0.6063831,0.5172373,1,0.6089139,0.5405421,1,0.5952774,0.541176,1,0.5897355,0.582889,1,0.5438347,0.5848954,1,0.5420677,0.4606233,1,0.9500544
IMG_0872.png,0.4893616,1,0.5744681,0.4244471,1,0.6808683,0.4359291,1,0.6499419,0.441196,1,0.6577859,0.4444647,1,0.5888811,0.4437184,1,0.5911936,0.4355707,1,0.681596
IMG_0873.png,0.4205608,1,0.7102804,0.4108027,1,0.7185215,0.4208685,1,0.7105499,0.4239182,1,0.7091662,0.4212836,1,0.7043682,0.4212183,1,0.7045246,0.4034359,1,0.7281796
IMG_0875.png,0.4420849,1,0.6785716,0.5864264,1,0.6077582,0.5625815,1,0.6282551,0.5380324,1,0.6380319,0.9187181,1,0.5693868,0.9208573,1,0.5689451,0.4720029,1,0.6308327
IMG_0876.png,0.5728158,1,0.5048544,0.4738383,1,0.8057654,0.5058451,1,0.758672,0.4883204,1,0.7197559,0.5136757,1,0.6792656,0.5136856,1,0.6777641,0.5448077,1,0.9326296
IMG_0877.png,0.5714285,1,0.5170069,0.6803117,1,0.9119987,0.6233064,1,0.7754088,0.59781,1,0.7611663,0.6084977,1,0.6305523,0.6090695,1,0.6298527,0.9703718,1,0.9939581
IMG_0878.png,0.4977272,1,0.6249998,0.4860249,1,0.6275886,0.5161561,1,0.6207667,0.5131243,1,0.6248333,0.5635423,1,0.5754278,0.5629578,1,0.5757858,0.4109146,1,0.7090883
IMG_0881.png,0.438178,1,0.6832974,0.4531731,1,0.7452289,0.4852174,1,0.671523,0.4713092,1,0.6761161,0.5974005,1,0.6771505,0.6002825,1,0.6768272,0.4446264,1,0.6759481
IMG_0882.png,0.4803257,1,0.632293,0.4918899,1,0.6303609,0.5124223,1,0.6362306,0.5236493,1,0.6264084,0.5149287,1,0.6194348,0.514311,1,0.6198284,0.4350166,1,0.6934603
IMG_0883.png,0.4825931,1,0.6302521,0.5082541,1,0.6100379,0.527611,1,0.6333304,0.5439383,1,0.6254475,0.5296987,1,0.6004078,0.5290694,1,0.6007904,1.052899,1,0.6547929
IMG_0887.png,0.7259887,1,0.3474577,0.7132824,1,0.3667694,0.7251676,1,0.3816221,0.7415286,1,0.3999936,0.6751481,1,0.4010049,0.6751185,1,0.4009758,0.7601821,1,0.3102707
IMG_0888.png,0.712766,1,0.3865249,0.8409268,1,0.5143871,0.7652518,1,0.3755032,0.7808582,1,0.3781064,0.7316981,1,0.3775584,0.7318492,1,0.3771981,0.9372366,1,0.7040391
IMG_0890.png,0.7569167,1,0.3656126,0.8216075,1,0.2875297,0.821879,1,0.3274839,0.8342769,1,0.3243427,0.7346337,1,0.3781218,0.7343797,1,0.3783047,0.8086085,1,0.3049274
IMG_0891.png,0.4484946,1,0.6576866,0.7361465,1,0.4356271,0.625794,1,0.5301,0.6170787,1,0.541958,0.6409988,1,0.4999445,0.6411668,1,0.4994122,0.7886092,1,0.4238903
IMG_0893.png,0.7799999,1,0.2933333,0.7996257,1,0.2969384,0.8610735,1,0.2828601,0.8702166,1,0.2843406,0.8165512,1,0.2945701,0.8167418,1,0.2945402,0.8181302,1,0.2983402
IMG_0894.png,0.8085756,1,0.3047473,0.8842646,1,0.2779904,0.8491818,1,0.2886295,0.8572271,1,0.2970653,0.7966697,1,0.2813521,0.7965271,1,0.2814172,0.8987251,1,0.2980876
IMG_0900.png,0.7888283,1,0.3283379,0.737478,1,0.299855,0.7903276,1,0.3120396,0.8104174,1,0.3223026,0.6531582,1,0.2943079,0.6544678,1,0.2946469,0.8342085,1,0.3247277
IMG_0901.png,0.7647057,1,0.3398692,0.8055293,1,0.3342871,0.6847137,1,0.4049243,0.7037058,1,0.3889418,0.6541518,1,0.3537552,0.6558602,1,0.3529821,0.8259024,1,0.2424662
IMG_0902.png,0.7458563,1,0.3701657,0.7321701,1,0.407092,0.7695181,1,0.3865403,0.7943365,1,0.3742704,0.7145171,1,0.4100155,0.7144497,1,0.410322,0.800158,1,0.3434044
