8D5U5525.png,0.7187906,1,0.6323975,0.8036004,1,0.7633768,0.766836,1,0.5991282,0.853013,1,0.8006157,0.8016222,1,0.6285766,0.8006678,1,0.5561705,0.8627451,1,0.9568627
8D5U5527.png,0.8144092,1,0.4818445,0.8291893,1,0.4763378,0.8349878,1,0.4819331,0.8981508,1,0.7343147,0.8160913,1,0.4733623,0.850314,1,0.4522126,0.8578947,1,0.6789474
8D5U5529.png,0.6546573,1,0.7029878,0.6652171,1,0.7285453,0.6410981,1,0.7299388,0.8310061,1,0.8673911,0.6466303,1,0.704519,0.6458235,1,0.6969938,0.7555556,1,0.8592593
8D5U5531.png,0.726101,1,0.5617616,0.8226734,1,0.6351448,0.806897,1,0.5501772,0.8833531,1,0.7730877,0.7880817,1,0.5872398,0.8816431,1,0.4564179,0.8786127,1,0.849711
8D5U5532.png,0.7457341,1,0.5887373,0.8447578,1,0.9733702,0.7214676,1,0.8738875,0.8904219,1,0.9690297,0.7150581,1,0.9375239,0.7046842,1,0.7491759,0.972549,1,1
8D5U5533.png,0.623542,1,0.7158006,0.6432362,1,0.6948254,0.6468853,1,0.6933301,0.827933,1,0.8363937,0.6372571,1,0.6942104,0.6609284,1,0.6807169,0.6976744,1,0.744186
8D5U5536.png,0.5662869,1,0.8176366,0.6696503,1,0.7341764,0.6712805,1,0.7088863,0.8254204,1,0.9111378,0.6925694,1,0.734753,0.658945,1,0.7157546,0.744186,1,0.7674419
8D5U5537.png,0.5898304,1,0.7576272,0.77629,1,0.5862389,0.7691021,1,0.4663941,0.8724626,1,0.7801177,0.7963165,1,0.4733806,0.7210754,1,0.4959169,0.8,1,0.86
8D5U5540.png,0.5457587,1,0.9098603,0.5753313,1,0.8507582,0.5731303,1,0.864958,0.7927915,1,0.8501503,0.5602761,1,0.8657337,0.5706068,1,0.800548,0.6130952,1,0.7619048
8D5U5544.png,0.6276465,1,0.7222917,0.7273189,1,0.7090477,0.7207499,1,0.6663847,0.8358201,1,0.8386119,0.6999821,1,0.6764172,0.7777991,1,0.5847223,0.8099174,1,0.8512397
8D5U5545.png,0.8528529,1,0.4294294,0.8509785,1,0.4478964,0.8734835,1,0.4458722,0.9461304,1,0.7449211,0.8401696,1,0.4377998,0.8644825,1,0.4393034,0.8421053,1,0.5
8D5U5548.png,0.8256306,1,0.4474791,0.8844582,1,0.4367096,0.9116734,1,0.4044344,0.9445454,1,0.7665773,0.8781103,1,0.4377037,0.9148648,1,0.3894787,0.8979592,1,0.5102041
8D5U5549.png,0.7859427,1,0.5654954,0.6770315,1,0.7922746,0.6972315,1,0.7469439,0.8179621,1,0.8332014,0.672139,1,0.7699272,0.7110668,1,0.6697756,0.7254902,1,0.9411765
8D5U5550.png,0.8051949,1,0.538961,0.6038758,1,0.8061208,0.6405555,1,0.7894179,0.820417,1,0.8705064,0.5914395,1,0.7974623,0.702464,1,0.6801222,0.6645161,1,0.8322581
8D5U5552.png,0.8084896,1,0.5439289,0.7402537,1,0.7787104,0.7411305,1,0.669522,0.8623812,1,0.8126697,0.6897967,1,0.8776338,0.7764429,1,0.5898018,0.7633588,1,1.068702
8D5U5553.png,0.8086643,1,0.5505415,0.8079164,1,0.6101372,0.8019707,1,0.5796039,0.8895701,1,0.7675466,0.7948747,1,0.5914288,0.8124483,1,0.5722176,0.8076923,1,0.6346154
8D5U5554.png,0.8522853,1,0.5094759,0.9175631,1,0.5717855,1.001332,1,0.4123688,0.9705032,1,0.7123457,0.9497598,1,0.4758978,1.015248,1,0.3634599,0.887931,1,0.6853448
8D5U5555.png,0.7983693,1,0.5663453,0.7763072,1,0.7173053,0.8064118,1,0.5898198,0.8832516,1,0.8200332,0.8262289,1,0.5562454,0.871754,1,0.5045848,0.7073171,1,0.8373984
8D5U5557.png,0.849315,1,0.436073,0.9452075,1,0.692834,0.8538283,1,0.6266981,0.9230996,1,0.7792234,0.9298594,1,0.6089773,0.8405443,1,0.5527322,1,1,1
8D5U5558.png,0.825175,1,0.4778556,0.8959719,1,0.4335607,0.8683413,1,0.4434574,0.9314098,1,0.7779249,0.8941348,1,0.4226274,0.9086055,1,0.4080272,0.86,1,0.54
8D5U5561.png,0.5936978,1,0.8278381,0.6386292,1,0.8704999,0.6106166,1,0.8318217,0.8063364,1,0.8799097,0.5996206,1,0.8542076,0.6676982,1,0.6669892,0.7808765,1,0.9601594
8D5U5562.png,0.5884219,1,0.8568596,0.816669,1,0.9232386,0.7230295,1,0.8086254,0.8299989,1,0.8941305,0.8505765,1,0.9503205,0.7227911,1,0.7639085,1,1,1
8D5U5563.png,0.6000872,1,0.8155594,0.6200625,1,0.7954463,0.5993044,1,0.8063343,0.8254559,1,0.903649,0.6089807,1,0.784304,0.6327252,1,0.744752,0.6982249,1,0.887574
8D5U5564.png,0.5739228,1,0.8763,0.8077925,1,0.6614566,0.7584741,1,0.5601063,0.851536,1,0.7846536,0.8864455,1,0.5336966,0.6923688,1,0.496893,0.845,1,0.72
8D5U5567.png,1.123694,1,0.3188153,1.149819,1,0.3392316,1.137671,1,0.3008961,1.088411,1,0.5979304,1.180753,1,0.2776997,1.162462,1,0.2771258,1.116667,1,0.5833333
8D5U5569.png,0.6720002,1,0.7392002,0.7299401,1,0.7990497,0.706833,1,0.6883736,0.8217978,1,0.837271,0.6895904,1,0.7251424,0.7428767,1,0.6218479,0.8156863,1,0.8941176
8D5U5571.png,1.314487,1,0.2756184,1.335448,1,0.3324578,1.363882,1,0.2634261,1.206439,1,0.6914351,1.34926,1,0.2498512,1.386924,1,0.2052494,1.160494,1,0.5679012
8D5U5573.png,0.6755853,1,0.809699,0.7090778,1,0.7152756,0.710036,1,0.6730037,0.8526344,1,0.8523835,0.6847482,1,0.7030931,0.7293223,1,0.6446809,0.8366013,1,0.8104575
8D5U5574.png,0.6195053,1,0.7994505,0.9638192,1,0.715045,1.050242,1,0.4961293,0.9747949,1,0.8055113,1.020247,1,0.8220687,1.149352,1,0.3895591,0.815534,1,0.8252427
8D5U5576.png,0.6000815,1,0.8320423,0.9170051,1,0.9242617,0.9015156,1,0.7317049,0.9389052,1,0.8699286,0.9126104,1,0.9292594,0.8640454,1,0.6484059,1,1,1
8D5U5577.png,0.577876,1,0.8584071,0.6806612,1,0.7896238,0.6567169,1,0.7617281,0.7982496,1,0.8933477,0.6419994,1,0.7841276,0.7174404,1,0.6808909,0.7903226,1,0.9408602
8D5U5578.png,0.9741934,1,0.4774194,0.7266596,1,0.7168845,0.7754515,1,0.67226,0.9412715,1,0.8228593,0.6913581,1,0.7137712,0.9407512,1,0.5119268,1.080402,1,0.6984925
8D5U5579.png,0.6063461,1,0.7887952,0.6703352,1,0.754942,0.6436382,1,0.7652822,0.8156505,1,0.8702472,0.6610635,1,0.7383706,0.6853656,1,0.7085152,0.9457364,1,0.9379845
8D5U5580.png,0.9653182,1,0.5144508,0.6943442,1,0.7784,0.9156445,1,0.5912924,0.9473774,1,0.8536435,0.9640128,1,0.6515816,0.960737,1,0.5076201,0.6941176,1,0.8352941
8D5U5585.png,0.5734264,1,0.8611387,0.7152217,1,0.7920631,0.6760628,1,0.7582889,0.8352355,1,0.8676344,0.6989985,1,0.7496907,0.7686667,1,0.6111281,0.813253,1,0.9216867
8D5U5589.png,0.5549077,1,0.9203111,0.7514296,1,0.8899123,0.5951531,1,0.9573249,0.7980345,1,0.9694757,0.6124488,1,1.029493,0.6431799,1,0.8697599,0.8470588,1,0.745098
8D5U5593.png,0.7855072,1,0.6,0.779835,1,0.6116145,0.7404437,1,0.6202149,0.9299076,1,0.8543912,0.7683492,1,0.6109819,0.8000317,1,0.5959549,0.7777778,1,0.6444444
8D5U5597.png,0.6156156,1,0.7447446,0.6329021,1,0.9097535,0.5449839,1,0.8644391,0.7913757,1,0.9230412,0.4888444,1,0.9031645,0.4980819,1,0.8598127,0.7142857,1,0.9214286
8D5U5599.png,1.124439,1,0.3755606,1.10102,1,0.4277957,1.1085,1,0.4034968,1.08287,1,0.6826159,1.105119,1,0.385396,1.129554,1,0.3669392,1.05036,1,0.6258993
8D5U5607.png,0.5716527,1,0.872385,0.6171221,1,0.8853459,0.5973424,1,0.8441329,0.7861788,1,0.9044101,0.579756,1,0.8529634,0.6449595,1,0.7104566,0.719697,1,0.9015152
8D5U5608.png,0.5761957,1,0.8683722,0.75886,1,0.984866,0.7294459,1,0.9313972,0.8363297,1,0.9680642,0.7669241,1,0.9845077,0.6886989,1,0.8102085,0.9254902,1,1
8D5U5613.png,1.23002,1,0.2592593,1.122402,1,0.4821382,1.212464,1,0.2828664,1.137932,1,0.5724631,1.149339,1,0.2761718,1.260699,1,0.2487726,1.045455,1,0.7768595
8D5U5614.png,1.32008,1,0.302187,1.086208,1,0.7317308,1.248883,1,0.3985678,1.162804,1,0.6440884,1.131472,1,0.5466897,1.308634,1,0.3277209,1,1,1
8D5U5615.png,1.282421,1,0.3342939,1.066812,1,0.8196324,1.220739,1,0.4177805,1.121893,1,0.7681473,1.225078,1,0.4317158,1.271311,1,0.3492615,1,1,0.9803922
8D5U5619.png,1.210174,1,0.3480589,1.087028,1,0.4705013,1.219794,1,0.3643832,1.134211,1,0.7092568,1.095891,1,0.3980737,1.254848,1,0.3088776,1.03937,1,0.5433071
IMG_0281.png,0.4622771,1,0.7489712,0.5162238,1,0.7282719,0.4824345,1,0.7231442,0.741366,1,0.8580012,0.4797662,1,0.7300549,0.485015,1,0.6937085,0.689243,1,0.8326693
IMG_0283.png,0.4642408,1,0.7561689,0.4844856,1,0.7568036,0.4791414,1,0.7432609,0.7369737,1,0.8816074,0.4620136,1,0.7547327,0.5017204,1,0.6243828,0.592,1,0.776
IMG_0285.png,0.463886,1,0.7426249,0.4635109,1,0.7574815,0.4945121,1,0.7461109,0.796368,1,0.905299,0.4553258,1,0.7548533,0.4865191,1,0.5632066,0.4954955,1,0.7477477
IMG_0286.png,0.470817,1,0.7256808,0.4830435,1,0.7490739,0.4746098,1,0.7645189,0.7361426,1,0.8816701,0.4713937,1,0.7450634,0.5049928,1,0.6449403,0.5833333,1,0.75
IMG_0287.png,0.4850543,1,0.7038041,0.4658901,1,0.7614459,0.4723138,1,0.7641203,0.84235,1,1.000783,0.4430544,1,0.7793365,0.4843655,1,0.6802205,0.5675676,1,0.7567568
IMG_0289.png,0.4684512,1,0.7198853,0.4628744,1,0.7651991,0.5146126,1,0.7377646,0.9460639,1,1.050643,0.4525416,1,0.7700585,0.4964401,1,0.5606683,0.5588235,1,0.7647059
IMG_0290.png,0.4731544,1,0.7315436,0.4625105,1,0.7526273,0.4710431,1,0.7203332,0.8118342,1,0.9210154,0.4575505,1,0.7525594,0.4912616,1,0.698318,0.4788732,1,0.7464789
IMG_0291.png,0.471223,1,0.7266188,0.4608156,1,0.773226,0.5015605,1,0.7353463,0.828791,1,0.9409038,0.4594216,1,0.7746409,0.4833113,1,0.72879,0.4716981,1,0.754717
IMG_0293.png,0.4886164,1,0.6777583,0.5981811,1,0.707393,0.4880197,1,0.6543599,0.7509361,1,0.8347013,0.519355,1,0.5505442,0.5673075,1,0.57293,0.6129032,1,0.7096774
IMG_0295.png,0.4714434,1,0.7300105,0.5636078,1,0.7412069,0.4768632,1,0.6328642,0.81355,1,0.9574959,0.4852233,1,0.706881,0.5044184,1,0.6811183,0.7142857,1,0.8428571
IMG_0298.png,0.5094339,1,0.6339621,0.5592773,1,0.6231874,0.4723024,1,0.5582777,0.821377,1,0.9290048,0.5242973,1,0.5815792,0.5582182,1,0.5834799,0.6451613,1,0.7419355
IMG_0302.png,0.4776578,1,0.7195686,0.5142716,1,0.7582141,0.4770956,1,0.761689,0.7998099,1,0.9180789,0.4380059,1,0.7783079,0.502027,1,0.6686768,0.6944444,1,0.7777778
IMG_0303.png,0.476082,1,0.7186786,0.585943,1,0.7148205,0.4996794,1,0.6822408,0.7690104,1,0.8749806,0.5119611,1,0.6423763,0.5263303,1,0.6095056,0.832,1,0.88
IMG_0305.png,0.4746695,1,0.7114535,0.4731667,1,0.7443985,0.4594647,1,0.6988576,0.7643445,1,0.9367998,0.4597385,1,0.7485949,0.4823828,1,0.7093559,0.5,1,0.7321429
IMG_0313.png,0.4762569,1,0.7248604,0.4582439,1,0.7682966,0.4861693,1,0.7860831,0.8796261,1,1.092409,0.4443908,1,0.7625049,0.468796,1,0.6650553,0.5957447,1,0.7659574
IMG_0314.png,0.4751667,1,0.7220164,0.5711132,1,0.5621832,0.5347126,1,0.4426175,0.911369,1,0.8828145,0.4774926,1,0.3421284,0.4924821,1,0.3535814,0.7090909,1,0.8181818
IMG_0317.png,0.4776939,1,0.7343857,0.6341503,1,0.6831241,0.5188017,1,0.4957741,0.7393655,1,0.7461666,0.5094472,1,0.4742663,0.5087024,1,0.4026324,0.6860465,1,0.755814
IMG_0321.png,0.4731544,1,0.738255,0.7000154,1,0.5729251,0.6618858,1,0.5616663,0.9920887,1,1.042345,0.6920015,1,0.5757684,0.6874582,1,0.5374592,0.8181818,1,0.7272727
IMG_0324.png,0.4832868,1,0.7033424,0.6384549,1,0.5742011,0.5684367,1,0.6212685,0.8378378,1,0.9118522,0.6280771,1,0.5949394,0.704284,1,0.4341334,0.8333333,1,0.8
IMG_0334.png,0.4742577,1,0.7217822,0.5966497,1,0.7609356,0.4586292,1,0.7095021,0.7434547,1,0.8801955,0.49238,1,0.6977294,0.5344952,1,0.6727765,0.75,1,0.8782051
IMG_0335.png,0.460812,1,0.7497642,0.5261748,1,0.5606778,0.5882398,1,0.7181973,1.019168,1,1.023298,0.4960503,1,0.5329479,0.4895144,1,0.39706,0.7941176,1,0.7941176
IMG_0337.png,0.462141,1,0.7519583,0.5141797,1,0.7096196,0.4704149,1,0.7444217,0.7749852,1,0.8893512,0.4762271,1,0.7023351,0.5139974,1,0.6281195,0.5714286,1,0.6938776
IMG_0340.png,0.4599155,1,0.7369902,0.5498567,1,0.715528,0.4594092,1,0.7305065,0.7646504,1,0.8682823,0.5000866,1,0.6739525,0.5466168,1,0.6190094,0.6111111,1,0.7777778
IMG_0342.png,0.4695144,1,0.7540475,0.5381707,1,0.6023532,0.4913042,1,0.5636135,0.7262356,1,0.7354117,0.5017257,1,0.5635555,0.4746608,1,0.4670941,0.5844156,1,0.7142857
IMG_0344.png,0.4657738,1,0.7187499,0.5317195,1,0.4406374,0.5352653,1,0.4412033,0.7853648,1,0.7923746,0.4982184,1,0.3180518,0.5318049,1,0.3547527,0.7391304,1,0.6811594
IMG_0345.png,0.4602203,1,0.7209301,0.5932633,1,0.5792822,0.5695797,1,0.5743719,0.9095741,1,0.8930245,0.5754237,1,0.5717395,0.5706096,1,0.474138,0.6666667,1,0.6666667
IMG_0350.png,0.4580153,1,0.7557252,0.4616085,1,0.7457668,0.4723986,1,0.73154,0.7760159,1,0.8604951,0.4586426,1,0.7447503,0.4765956,1,0.6925529,0.5,1,0.7444444
IMG_0351.png,0.4703602,1,0.7343491,0.4726843,1,0.7453454,0.4786561,1,0.7528746,0.7394462,1,0.8623667,0.4623471,1,0.7407687,0.4741151,1,0.6818906,0.5662651,1,0.7108434
IMG_0354.png,0.4823421,1,0.7193307,0.592234,1,0.6518305,0.5565677,1,0.721398,0.8274688,1,1.059136,0.5942587,1,0.614351,0.634287,1,0.5835905,0.6666667,1,0.7272727
IMG_0361.png,0.5331231,1,0.5583596,0.9714673,1,0.9751859,0.6212459,1,0.6103633,0.868386,1,0.8813369,0.8044778,1,0.8291234,0.5804043,1,0.5352026,0.9960784,1,1
IMG_0363.png,0.5069638,1,0.675023,0.5486607,1,0.6060673,0.5216162,1,0.6604476,0.8032859,1,0.8641121,0.5374661,1,0.6032391,0.5810151,1,0.5784715,0.6333333,1,0.7333333
IMG_0366.png,0.5082316,1,0.6789697,0.5207346,1,0.3887284,0.5609639,1,0.4434511,1.048946,1,0.9780477,0.4807299,1,0.3234814,0.4881349,1,0.3224816,0.8275862,1,0.862069
IMG_0370.png,0.466248,1,0.7409734,0.4796025,1,0.7369423,0.4812017,1,0.7197805,0.7456092,1,0.9154015,0.4644414,1,0.7379236,0.5090461,1,0.694076,0.5102041,1,0.7346939
IMG_0374.png,0.4644736,1,0.7434212,0.5719928,1,0.6333144,0.579294,1,0.7301397,0.9649036,1,0.9909881,0.5044571,1,0.5613964,0.5028966,1,0.4447889,0.8163265,1,0.9387755
IMG_0377.png,0.4654026,1,0.7393364,0.5565795,1,0.7431108,0.5500875,1,0.6183092,0.7889292,1,0.8828834,0.4770246,1,0.7449995,0.5855877,1,0.4991896,0.65,1,0.775
IMG_0385.png,0.5066185,1,0.6791015,0.6465509,1,0.6646587,0.5657548,1,0.5815535,0.7948131,1,0.8222431,0.5887341,1,0.569505,0.6153326,1,0.5628932,0.6952381,1,0.7714286
IMG_0387.png,0.4635599,1,0.7529783,0.5007052,1,0.7518942,0.4905307,1,0.6958441,0.734791,1,0.8455325,0.4601131,1,0.7532142,0.5194965,1,0.6364384,0.556962,1,0.7658228
IMG_0392.png,0.4869281,1,0.745098,0.4835334,1,0.7498998,0.4833524,1,0.7278563,0.7670653,1,0.9433303,0.4640859,1,0.7472559,0.5315863,1,0.6765278,0.5545455,1,0.7727273
IMG_0393.png,0.5079516,1,0.6707203,0.4728455,1,0.7524942,0.4740695,1,0.736231,0.8228159,1,0.9471778,0.461177,1,0.7526581,0.4777015,1,0.7092081,0.5185185,1,0.7222222
IMG_0394.png,0.4802982,1,0.7071355,0.4912952,1,0.7381411,0.4815534,1,0.6812494,0.7501583,1,0.8572127,0.4752175,1,0.7322502,0.4762575,1,0.5915856,0.549505,1,0.7178218
IMG_0395.png,0.5067156,1,0.6788766,0.5618089,1,0.6518966,0.5288693,1,0.6145307,0.8237664,1,0.8439258,0.5401868,1,0.6049124,0.5222824,1,0.495217,0.6557377,1,0.8360656
IMG_0396.png,0.4650457,1,0.6747719,0.5528045,1,0.8744886,0.513253,1,0.717785,0.7807355,1,0.8723334,0.5125881,1,0.8361171,0.5628155,1,0.5916845,0.7098039,1,0.9803922
IMG_0401.png,0.4669706,1,0.7403191,0.4839636,1,0.7460427,0.4802795,1,0.6927203,0.7531999,1,0.8829842,0.4615351,1,0.7502714,0.5207501,1,0.664806,0.5227273,1,0.7045455
IMG_0402.png,0.4716158,1,0.7336245,0.4977367,1,0.7271245,0.4854773,1,0.6962375,0.7603692,1,0.8820102,0.465327,1,0.7400295,0.5112355,1,0.6991202,0.5696203,1,0.6962025
IMG_0403.png,0.4699792,1,0.7349896,0.4810074,1,0.7347149,0.4804741,1,0.6957686,0.7510836,1,0.8306015,0.4728573,1,0.7377483,0.4955795,1,0.7052042,0.546875,1,0.7109375
IMG_0404.png,0.4733421,1,0.7295191,0.4697796,1,0.7360238,0.4651828,1,0.7162824,0.7625517,1,0.8990618,0.4643339,1,0.7363771,0.4784922,1,0.7196404,0.5694444,1,0.7222222
IMG_0406.png,0.4811389,1,0.7209965,0.4835708,1,0.7504186,0.4720956,1,0.6927376,0.7592473,1,0.8715472,0.454515,1,0.7505393,0.5210082,1,0.6495028,0.6086957,1,0.7391304
IMG_0407.png,0.4821052,1,0.72,0.5284756,1,0.7230923,0.5118977,1,0.6089235,0.7601976,1,0.78527,0.4823298,1,0.723347,0.5366183,1,0.5902092,0.8291139,1,0.778481
IMG_0409.png,0.4734614,1,0.7411267,0.503717,1,0.7001176,0.4890038,1,0.6950607,0.7298787,1,0.8208066,0.4970961,1,0.6835718,0.4932216,1,0.7119917,0.608,1,0.82
IMG_0410.png,0.5722432,1,0.6083649,0.6943068,1,0.768886,0.6135436,1,0.7139542,0.8376475,1,0.8919145,0.5848505,1,0.6967104,0.5805149,1,0.6659459,0.9960784,1,1
IMG_0411.png,0.4704726,1,0.7362207,0.482802,1,0.7484476,0.4782554,1,0.7264098,0.7420526,1,0.8675388,0.4716409,1,0.7513136,0.4951879,1,0.7425645,0.5827338,1,0.705036
IMG_0414.png,0.4794434,1,0.7039848,0.5871186,1,0.6009613,0.53761,1,0.5946938,0.8193317,1,0.8571365,0.5446326,1,0.597194,0.6029164,1,0.5829051,0.6833333,1,0.6333333
IMG_0416.png,0.4989649,1,0.6583852,0.5799884,1,0.5617494,0.5460129,1,0.5735729,0.9798254,1,0.9652862,0.5265058,1,0.5205097,0.5643762,1,0.5217082,0.6923077,1,0.6923077
IMG_0417.png,0.4534824,1,0.7300457,0.7356098,1,0.741649,0.5581674,1,0.5745408,0.8253728,1,0.8370695,0.5975879,1,0.6119866,0.6075799,1,0.5620726,0.9215686,1,0.945098
IMG_0418.png,0.5352113,1,0.6338028,0.5780166,1,0.5784636,0.5537664,1,0.6197671,0.8220656,1,0.9023252,0.5598259,1,0.5595176,0.624286,1,0.553796,0.6470588,1,0.8823529
IMG_0420.png,0.4686869,1,0.7343435,0.5766098,1,0.6548341,0.585991,1,0.6364752,0.8227159,1,0.8795288,0.5529957,1,0.639007,0.6387298,1,0.6129615,0.6140351,1,0.7192982
IMG_0421.png,0.4715789,1,0.7263158,0.5275743,1,0.662724,0.4972834,1,0.6432199,0.8063732,1,0.9044559,0.5118299,1,0.6240785,0.5707662,1,0.6696645,0.5294118,1,0.7058824
IMG_0423.png,0.473077,1,0.7250002,0.5408495,1,0.7174817,0.4724896,1,0.645741,0.7404255,1,0.8979299,0.474744,1,0.6876384,0.5240551,1,0.6670085,0.6785714,1,0.8214286
IMG_0425.png,0.4679665,1,0.7437325,0.4996814,1,0.7202541,0.4927366,1,0.7089526,0.7843828,1,0.887249,0.4731879,1,0.7250404,0.5150052,1,0.6521649,0.5783133,1,0.7108434
IMG_0428.png,0.4679665,1,0.7381616,0.5867329,1,0.7031578,0.5277601,1,0.6666356,0.7553664,1,0.8628273,0.5524996,1,0.6528062,0.6032457,1,0.6526723,0.8135593,1,0.9322034
IMG_0430.png,0.5329949,1,0.6675126,0.8448135,1,0.6464811,0.6614896,1,0.5978094,0.8029582,1,0.7642978,0.604598,1,0.6105272,0.7193778,1,0.526163,0.9353448,1,0.6508621
IMG_0431.png,0.4583237,1,0.7577497,0.486597,1,0.7556017,0.5107875,1,0.6986296,0.7557996,1,0.8353717,0.4753929,1,0.7537656,0.5094939,1,0.677563,0.5619835,1,0.731405
IMG_0432.png,0.4756691,1,0.718978,0.5113972,1,0.7520022,0.4838721,1,0.7231622,0.7634347,1,0.879348,0.4661615,1,0.7521052,0.5222713,1,0.6759905,1.116279,1,0.6589147
IMG_0439.png,0.4570446,1,0.7835051,0.583173,1,0.7277436,0.4980535,1,0.7100399,0.7659599,1,0.8990735,0.4752678,1,0.7513416,0.5519933,1,0.6589485,0.7179487,1,0.7948718
IMG_0441.png,0.4658385,1,0.7608695,0.482323,1,0.7651188,0.479896,1,0.719909,0.7607792,1,0.8626311,0.4565176,1,0.7677269,0.5228478,1,0.7037963,0.5855263,1,0.7434211
IMG_0442.png,0.4583333,1,0.7569446,0.613031,1,0.7844589,0.5473981,1,0.6850253,0.7696385,1,0.8642882,0.5535669,1,0.7963608,0.5500716,1,0.6690137,0.9019608,1,0.9019608
IMG_0444.png,0.516814,1,0.6654865,0.6430448,1,0.5482854,0.6050765,1,0.553997,0.8195089,1,0.8163866,0.6194142,1,0.5167429,0.6374645,1,0.5117091,0.7142857,1,0.6666667
IMG_0445.png,0.440519,1,0.7916366,0.6062267,1,0.6040364,0.5665561,1,0.5619568,0.8155116,1,0.8322358,0.5415626,1,0.6077169,0.5707545,1,0.5956978,0.6935484,1,0.7580645
IMG_0446.png,0.4610336,1,0.7555373,0.5640317,1,0.6168172,0.5476383,1,0.6639753,0.8380106,1,1.045847,0.549364,1,0.602869,0.6553275,1,0.5842955,0.6571429,1,0.7714286
IMG_0447.png,0.5081555,1,0.6737765,0.5100747,1,0.7119879,0.5431057,1,0.6665458,0.8136429,1,0.8695884,0.4896799,1,0.7136144,0.5427646,1,0.6465716,0.7164179,1,0.761194
IMG_0448.png,0.4589553,1,0.7223881,0.8350131,1,0.8491494,0.528604,1,0.5566396,0.7825479,1,0.864331,0.4599089,1,0.4753086,0.6041293,1,0.5324571,0.9320388,1,0.9320388
IMG_0450.png,0.443539,1,0.7892897,0.5053884,1,0.7039945,0.4969326,1,0.7230866,0.7369272,1,0.830435,0.4965948,1,0.6985256,0.4869431,1,0.7294302,0.5288462,1,0.6875
IMG_0451.png,0.43937,1,0.7984252,0.5088495,1,0.7116075,0.4980445,1,0.7135343,0.7401296,1,0.8719506,0.4930497,1,0.7086564,0.486347,1,0.7366052,0.6092715,1,0.7483444
IMG_0456.png,0.3981482,1,0.8950617,0.486468,1,0.7363495,0.4838371,1,0.7348957,0.7423519,1,0.8427569,0.4732796,1,0.738327,0.4884959,1,0.7234189,0.5495495,1,0.7252252
IMG_0457.png,0.4673618,1,0.7484135,0.5249123,1,0.8427059,0.4781922,1,0.723709,0.7402594,1,0.8889936,0.4141766,1,0.8656846,0.5264066,1,0.6451262,0.5859031,1,0.7621145
IMG_0459.png,0.5074443,1,0.6749381,0.5106335,1,0.7213634,0.5041497,1,0.6566908,0.80288,1,0.8809345,0.4877177,1,0.7280436,0.5352945,1,0.6825559,0.5263158,1,0.7017544
IMG_0461.png,0.6245733,1,0.4880546,0.8138762,1,0.7006722,0.6028561,1,0.5437747,0.8139952,1,0.7961824,0.6071446,1,0.5358082,0.6639266,1,0.4805289,0.9842932,1,0.9005236
IMG_0463.png,0.6871794,1,0.3897437,0.6949413,1,0.3979171,0.6494604,1,0.3804577,0.8449368,1,0.8021767,0.6905193,1,0.3338287,0.7434975,1,0.2866365,0.7346939,1,0.6530612
IMG_0465.png,0.5249999,1,0.6166667,0.6609231,1,0.6378779,0.5721829,1,0.5584064,0.7983511,1,0.7963814,0.5378856,1,0.6248205,0.6212004,1,0.5399019,0.8392857,1,0.8571429
IMG_0466.png,0.4911536,1,0.6475585,0.803711,1,0.6542693,0.5389816,1,0.5859443,0.7801512,1,0.7688815,0.5563467,1,0.5717613,0.5704815,1,0.5252661,0.9045643,1,0.6887967
IMG_0467.png,0.4785713,1,0.6964285,0.5965859,1,0.60143,0.5528241,1,0.5921445,0.765299,1,0.7938267,0.5651867,1,0.5834416,0.5805456,1,0.5752716,0.6302521,1,0.6344538
IMG_0468.png,0.520812,1,0.6598985,0.5564229,1,0.7446902,0.5269632,1,0.6919902,0.8036689,1,0.8877804,0.4686566,1,0.8002564,0.5693023,1,0.650149,0.9534884,1,0.9069767
IMG_0469.png,0.4599019,1,0.7266774,0.7578417,1,0.671687,0.6042878,1,0.5618007,0.7977205,1,0.7953153,0.7256714,1,0.4960282,0.5764201,1,0.528983,0.9032258,1,0.8951613
IMG_0471.png,0.5287981,1,0.6477462,0.5732853,1,0.6382413,0.5128365,1,0.6265081,0.7757015,1,0.8265792,0.5668029,1,0.583446,0.5035714,1,0.6373459,0.7234043,1,0.7553191
IMG_0472.png,0.5161024,1,0.6696943,0.5376745,1,0.690879,0.5063936,1,0.6558949,0.7701994,1,0.819533,0.5037328,1,0.6860624,0.5474952,1,0.6429798,0.6506024,1,0.6626506
IMG_0479.png,0.4725492,1,0.7303924,0.4830016,1,0.7558705,0.5103785,1,0.6845653,0.8936799,1,0.9417001,0.4778539,1,0.7489748,0.4525528,1,0.6626391,0.5555556,1,0.6507937
IMG_0481.png,0.5054944,1,0.676923,0.4925428,1,0.7545334,0.5213619,1,0.5993366,0.8526418,1,1.034009,0.4767206,1,0.7401839,0.4414741,1,0.8210979,0.6176471,1,0.6764706
IMG_0482.png,0.4124295,1,0.7853108,0.4501942,1,0.4051891,0.4490114,1,0.4111907,0.7645359,1,0.8040799,0.4351683,1,0.3862122,0.4126377,1,0.3814038,0.6666667,1,0.7931034
IMG_0483.png,0.4296232,1,0.8090083,0.9194677,1,0.979381,0.8145532,1,0.9620512,0.8810138,1,0.968613,0.9738112,1,0.9932058,0.7289746,1,0.8452216,0.9843137,1,1
IMG_0484.png,0.4062625,1,0.8735448,0.864039,1,0.9188424,0.4743014,1,0.7455887,0.750692,1,0.8668903,0.5286537,1,0.7619009,0.4417465,1,0.5590656,0.9352227,1,0.9595142
IMG_0485.png,0.4516129,1,0.6752688,0.9598787,1,0.9816242,0.6702772,1,0.8358006,0.8458976,1,0.9429982,0.878709,1,0.9305323,0.534021,1,0.687394,0.9803922,1,1
IMG_0486.png,0.4489796,1,0.6775511,0.7879896,1,0.9403425,0.6225167,1,0.8114473,0.8089566,1,0.9217594,0.6578769,1,0.8584333,0.5564135,1,0.6244418,0.9803922,1,0.9960784
IMG_0487.png,0.4555085,1,0.7457626,0.4913929,1,0.7589275,0.4662161,1,0.6189847,0.819029,1,0.8616785,0.4643085,1,0.7147457,0.4430201,1,0.4332428,0.5591398,1,0.7849462
IMG_0488.png,0.5285963,1,0.641248,0.427163,1,0.8444352,0.4977699,1,0.6833349,0.8594349,1,0.960386,0.4217552,1,0.844661,0.403076,1,0.8000435,0.5294118,1,0.6764706
IMG_0489.png,0.4428756,1,0.662388,0.8707347,1,0.9119177,0.6593651,1,0.7080329,0.8804638,1,0.9416578,0.6912906,1,0.7686467,0.4964784,1,0.6982535,0.972549,1,0.9921569
IMG_0490.png,0.440567,1,0.7459104,0.5929959,1,0.9809138,0.5219424,1,0.8161026,0.7312592,1,0.9353913,0.5092527,1,0.9317267,0.4917791,1,0.7115609,0.8941176,1,1
IMG_0492.png,0.4625955,1,0.7419845,0.5049963,1,0.6962704,0.4935184,1,0.696604,0.743863,1,0.8757295,0.4898543,1,0.6927008,0.4722599,1,0.7113191,0.5630631,1,0.6891892
IMG_0494.png,0.5308878,1,0.6399612,0.5060999,1,0.7726004,0.5098307,1,0.6958405,0.8240858,1,0.9357905,0.4635345,1,0.7791093,0.4622436,1,0.6995729,0.6818182,1,0.7121212
IMG_0496.png,0.4546899,1,0.7456281,0.4886818,1,0.7255736,0.4909661,1,0.6829973,0.7457477,1,0.8588567,0.4732307,1,0.7286312,0.5035403,1,0.7139824,0.5592105,1,0.7302632
IMG_0497.png,0.4553038,1,0.7651967,0.53928,1,0.6636168,0.5497395,1,0.6277318,0.7786051,1,0.8215986,0.5073266,1,0.656392,0.5271998,1,0.6207612,0.5714286,1,0.6984127
IMG_0498.png,0.4561736,1,0.7624884,0.4817645,1,0.7636845,0.4798607,1,0.7356144,0.7431956,1,0.8629213,0.4473973,1,0.7715571,0.5144819,1,0.6615531,0.5752212,1,0.7522124
IMG_0500.png,0.4577115,1,0.7569296,0.5711884,1,0.6974984,0.577614,1,0.6101478,0.79444,1,0.8911257,0.5963612,1,0.6411045,0.5870427,1,0.6205221,0.6478873,1,0.7323944
IMG_0501.png,0.457656,1,0.7544909,0.4177885,1,0.9249149,0.462197,1,0.8105946,0.7487447,1,0.8984997,0.387428,1,0.907218,0.5194305,1,0.6984909,0.552795,1,0.9006211
IMG_0503.png,0.5018026,1,0.6914205,0.4964087,1,0.7877091,0.4774368,1,0.7634628,0.7540882,1,0.8714844,0.4750086,1,0.7870316,0.5099452,1,0.7240716,0.5918367,1,0.744898
IMG_0504.png,0.5252746,1,0.6608056,0.5514387,1,0.7695087,0.5224975,1,0.7197689,0.789222,1,0.8490601,0.5157241,1,0.8363062,0.5323677,1,0.6930815,0.8288288,1,0.8018018
IMG_0505.png,0.4798762,1,0.7151702,0.5361521,1,0.6973199,0.4898336,1,0.6619343,0.7266251,1,0.8258096,0.4987897,1,0.6684576,0.5112912,1,0.6867671,0.6538462,1,0.7884615
IMG_0507.png,0.4505929,1,0.7351779,0.5583324,1,0.6342118,0.5235977,1,0.6367891,0.7630072,1,0.8301223,0.5225723,1,0.6410485,0.4918844,1,0.708584,0.5980861,1,0.6267943
IMG_0508.png,0.4601327,1,0.7491691,0.5529741,1,0.6481412,0.5127259,1,0.5946088,0.7854931,1,0.8724906,0.544458,1,0.6344012,0.5526096,1,0.5940737,0.6666667,1,0.8
IMG_0512.png,0.4445929,1,0.7917225,0.4706928,1,0.7640563,0.4675687,1,0.7487467,0.7222773,1,0.8969014,0.4622136,1,0.7563751,0.4967968,1,0.7024506,0.525,1,0.735
IMG_0515.png,0.4444444,1,0.7456788,0.7316891,1,0.9781566,0.6110674,1,0.8768704,0.8093685,1,0.9691356,0.6211405,1,0.9480853,0.6091764,1,0.7312284,0.9764706,1,1
IMG_0518.png,0.4496228,1,0.7798492,0.8248745,1,0.9290664,0.5450072,1,0.7138654,0.783029,1,0.8835343,0.559525,1,0.6896723,0.7286741,1,0.5394606,0.9372549,1,0.9960784
IMG_0519.png,0.4510022,1,0.768374,0.4693708,1,0.7749285,0.4556061,1,0.7741588,0.7434866,1,0.8985145,0.4565966,1,0.7648945,0.4713559,1,0.741013,0.5535714,1,0.7410714
IMG_0520.png,0.5014327,1,0.6848137,0.6476494,1,0.7768746,0.5259136,1,0.6937675,0.8014588,1,0.8647549,0.4701453,1,0.7631672,0.469619,1,0.8164354,1.049587,1,0.8677686
IMG_0521.png,0.4450601,1,0.7460756,0.6427464,1,0.8893175,0.5057816,1,0.7590941,0.7337805,1,0.886175,0.5127148,1,0.7702082,0.5219912,1,0.6411933,0.9607843,1,0.9647059
IMG_0525.png,0.440846,1,0.7997357,0.5195357,1,0.7887021,0.4447859,1,0.7835089,0.7394795,1,0.8854608,0.4603839,1,0.754112,0.5663708,1,0.5924077,0.6140351,1,0.8245614
IMG_0526.png,0.4643586,1,0.7433812,0.4991885,1,0.7345037,0.4813703,1,0.7200421,0.7925729,1,0.9242901,0.4763802,1,0.741001,0.4745474,1,0.7422779,0.5798319,1,0.7142857
IMG_0528.png,0.442623,1,0.7923498,0.4549619,1,0.7885205,0.4744382,1,0.7568779,0.9037043,1,1.065373,0.4668589,1,0.7495036,0.4371852,1,0.8281761,0.4878049,1,0.7317073
IMG_0529.png,0.4280001,1,0.8140001,0.5042321,1,0.5495953,0.5635698,1,0.5504021,0.8910762,1,0.8804917,0.43274,1,0.3605072,0.4194466,1,0.3410767,0.625,1,0.825
IMG_0530.png,0.4438456,1,0.7852651,0.5987136,1,0.8209243,0.5069844,1,0.8076032,0.8043001,1,0.9802813,0.4905723,1,0.72868,0.4631321,1,0.8590627,0.7850467,1,0.9065421
IMG_0533.png,0.5255581,1,0.6472282,0.6404441,1,0.5961729,0.623283,1,0.6256943,0.8026676,1,0.9566394,0.607671,1,0.542519,0.6189322,1,0.5633728,0.7857143,1,0.8214286
IMG_0538.png,0.6331361,1,0.4575936,0.858481,1,0.4066009,0.7435357,1,0.4265956,0.9399102,1,0.6734548,0.8298674,1,0.326555,0.7100736,1,0.4210736,0.8869565,1,0.5391304
IMG_0539.png,0.6016597,1,0.5062241,0.9167275,1,0.5380218,0.7119675,1,0.5019383,0.9154284,1,0.7530106,0.8310062,1,0.5233103,0.6620364,1,0.4597955,0.9313725,1,0.5980392
IMG_0542.png,0.7868421,1,0.3210527,0.9162079,1,0.4279554,0.8753034,1,0.3561283,0.9122831,1,0.5931988,0.9002959,1,0.3366957,0.8949752,1,0.2494229,0.9843137,1,0.6039216
IMG_0546.png,0.4588746,1,0.6493506,0.4347808,1,0.7202293,0.4180374,1,0.7216785,0.8920365,1,0.9480948,0.4275541,1,0.7216438,0.4857841,1,0.6747495,0.4857143,1,0.7428571
IMG_0549.png,0.7792205,1,0.3203462,0.9592247,1,0.5304923,0.8266392,1,0.4357815,0.91069,1,0.6200176,0.9179941,1,0.3565683,0.8524685,1,0.3287352,0.9803922,1,0.6745098
IMG_0550.png,0.7873417,1,0.3164557,0.776757,1,0.275098,0.7367534,1,0.3744467,0.8916593,1,0.8066772,0.7755549,1,0.2447055,0.8209908,1,0.2136665,0.8125,1,0.4375
IMG_0552.png,0.6614172,1,0.440945,0.6418395,1,0.7589949,0.4834038,1,0.6328081,0.7600913,1,0.8834153,0.5013688,1,0.5918166,0.562525,1,0.5678631,0.6631579,1,0.7894737
IMG_0554.png,0.7515463,1,0.3587629,0.9275102,1,0.5641494,0.8115831,1,0.3945165,0.9112528,1,0.6244815,0.8307057,1,0.3772334,0.8521065,1,0.2974425,0.972332,1,0.6956522
IMG_0556.png,0.791218,1,0.3148302,0.839791,1,0.5128625,0.8216909,1,0.4121329,0.9305412,1,0.6544401,0.7375414,1,0.5336141,0.8314364,1,0.3328927,0.7460317,1,0.8253968
IMG_0559.png,0.5584701,1,0.5726776,0.5653246,1,0.6449347,0.5719679,1,0.5274319,0.8314352,1,0.8235497,0.5229442,1,0.5494362,0.6097853,1,0.4639342,0.5520833,1,0.71875
IMG_0564.png,0.4386282,1,0.7292419,0.6341197,1,0.7446665,0.7041185,1,0.5538192,0.8389361,1,0.8998972,0.6992873,1,0.590317,0.701481,1,0.5336297,0.5689655,1,0.9482759
IMG_0565.png,0.7099698,1,0.3141993,0.8794923,1,0.3158193,0.8721966,1,0.2877798,0.9081973,1,0.7305749,0.8750614,1,0.2626158,0.8916737,1,0.1952384,0.8780488,1,0.5121951
IMG_0566.png,0.7083332,1,0.3645833,0.9755471,1,0.6516359,0.9174969,1,0.5341447,0.9399003,1,0.6906855,0.9647418,1,0.5784223,0.9103992,1,0.3802072,1,1,0.8823529
IMG_0567.png,0.8121693,1,0.3068783,0.853999,1,0.7896999,0.9030878,1,0.4539209,0.8690374,1,0.6288402,0.9543282,1,0.4249457,0.9534692,1,0.1373471,0.8644068,1,0.8177966
IMG_0570.png,0.5703422,1,0.5019011,0.846237,1,0.7185955,0.7038278,1,0.5634506,0.8511122,1,0.8315332,0.7440207,1,0.6073971,0.663346,1,0.4981722,0.9686275,1,0.9372549
IMG_0575.png,0.5740403,1,0.499086,0.6101014,1,0.5511878,0.8384584,1,0.5128872,0.9072034,1,0.7558915,0.5857998,1,0.4850024,1.002043,1,0.4089367,0.6666667,1,0.6052632
IMG_0576.png,0.7325,1,0.4075,0.736799,1,0.4413682,0.7371454,1,0.4834144,0.9814404,1,0.8553149,0.6923277,1,0.4272115,0.8392795,1,0.3791207,0.862069,1,0.5517241
IMG_0577.png,0.7913386,1,0.3070866,0.827778,1,0.4423092,0.8021502,1,0.3556607,0.8743429,1,0.6942924,0.8151867,1,0.3463753,0.8589538,1,0.2574108,0.75,1,0.8
IMG_0578.png,0.7974684,1,0.2911393,0.7085763,1,0.837888,0.6656669,1,0.5481066,0.8393016,1,0.8337558,0.6423426,1,0.7264663,0.7186031,1,0.4132446,0.8470588,1,0.9843137
IMG_0581.png,0.7610619,1,0.3522122,0.6683627,1,0.5067691,0.6554686,1,0.5003026,0.9146168,1,0.9028591,0.6791305,1,0.5098388,0.6943191,1,0.4280063,0.8918919,1,0.7297297
IMG_0583.png,0.4492754,1,0.6702899,0.4966772,1,0.6436899,0.4642148,1,0.6360733,0.7730763,1,0.9357301,0.4700195,1,0.6379456,0.4926382,1,0.6138667,0.6521739,1,0.5942029
IMG_0584.png,0.4382286,1,0.6713289,0.7448524,1,0.6872535,0.5471105,1,0.6430429,0.7382764,1,0.8157982,0.4628202,1,0.6780632,0.5269545,1,0.6193453,0.9032258,1,0.7540323
IMG_0586.png,0.7946428,1,0.3080357,0.936023,1,0.6524938,0.8538201,1,0.362567,0.913571,1,0.7129073,0.9740742,1,0.2345068,0.9155651,1,0.1974759,0.95,1,0.7166667
IMG_0587.png,0.802974,1,0.3048327,0.8523467,1,0.5399086,0.8565548,1,0.3700368,0.8894122,1,0.6763523,0.8256218,1,0.4141504,0.8286367,1,0.2740219,0.9333333,1,0.7238095
IMG_0589.png,0.791045,1,0.3093623,0.8467353,1,0.4417696,0.7230177,1,0.3150412,0.8426639,1,0.7135805,0.8044484,1,0.2654008,0.8439705,1,0.2579215,0.8888889,1,0.5925926
IMG_0592.png,0.7793849,1,0.3345388,0.6717918,1,0.6760202,0.7327905,1,0.4321757,0.8278602,1,0.7558595,0.650904,1,0.5448868,0.7806154,1,0.4060511,0.6593407,1,0.7692308
IMG_0596.png,0.7817592,1,0.320847,0.8393477,1,0.5583918,0.7727163,1,0.4036824,0.8865868,1,0.7261985,0.7390687,1,0.4127103,0.8085933,1,0.346284,0.8940397,1,0.6357616
IMG_0597.png,0.521148,1,0.5845921,0.5581629,1,0.5736796,0.5114539,1,0.5136669,0.9035458,1,1.10885,0.5063711,1,0.4693781,0.5136288,1,0.5291691,0.8086957,1,0.8956522
IMG_0601.png,0.7774087,1,0.3056479,0.7760627,1,0.3230084,0.7863982,1,0.3123233,0.9030132,1,0.6842793,0.7689854,1,0.3183758,0.8145295,1,0.2707977,0.7575758,1,0.3333333
IMG_0603.png,0.7150396,1,0.3667546,0.7591695,1,0.4739498,0.6812452,1,0.4063536,0.8256908,1,0.7113628,0.7351008,1,0.3494285,0.78123,1,0.2988156,0.94,1,0.82
IMG_0604.png,0.7166212,1,0.3651226,0.7567506,1,0.4424337,0.7313296,1,0.3951354,0.8677804,1,0.702053,0.7127879,1,0.3850612,0.7476109,1,0.3511128,0.787234,1,0.5531915
IMG_0605.png,0.4451532,1,0.6798474,0.5038727,1,0.6447652,0.3969565,1,0.6479746,0.7508032,1,0.8835658,0.441627,1,0.6519028,0.4842661,1,0.5869391,0.5625,1,0.6875
IMG_0607.png,0.7538461,1,0.3384616,0.7608782,1,0.4323842,0.6910823,1,0.425995,0.9047295,1,0.747255,0.7619205,1,0.4217998,0.7790753,1,0.3800601,0.8064516,1,0.516129
IMG_0609.png,0.4834558,1,0.6158088,0.5582166,1,0.6465737,0.5084595,1,0.6070713,0.7374751,1,0.8004808,0.5111819,1,0.6045733,0.5338207,1,0.5634098,0.6546185,1,0.7188755
IMG_0613.png,0.736842,1,0.3721804,0.8672489,1,0.3184043,0.8754093,1,0.4677598,0.8767171,1,0.8744249,0.8779751,1,0.2699286,0.8541126,1,0.1952796,0.8571429,1,0.5714286
IMG_0614.png,0.73057,1,0.3782384,0.7856859,1,0.4330564,0.7487806,1,0.5175542,0.8775253,1,0.9827961,0.7841944,1,0.4310407,0.8146239,1,0.3236215,0.5909091,1,0.5454545
IMG_0615.png,0.6041008,1,0.5126181,0.5653747,1,0.5986137,0.6322607,1,0.5189351,0.8810621,1,0.8133885,0.5725703,1,0.5391337,0.6890709,1,0.4568658,0.525641,1,0.6923077
IMG_0616.png,0.7228918,1,0.3915663,0.8859109,1,0.6735789,0.7767453,1,0.5071856,0.8873982,1,0.7201388,0.8418455,1,0.5253838,0.8073332,1,0.4194619,0.9803922,1,0.8431373
IMG_0617.png,0.7733757,1,0.344955,0.9198418,1,0.6174389,1.006267,1,0.3162353,1.032017,1,0.581405,0.9321106,1,0.2241712,1.248715,1,0.1993471,0.9216867,1,0.7228916
IMG_0618.png,0.7814032,1,0.3115824,0.9721056,1,0.5592509,0.9155395,1,0.3958155,0.9315162,1,0.6167118,0.927764,1,0.4172149,0.9304989,1,0.2758576,0.9960784,1,0.7215686
IMG_0621.png,0.7857144,1,0.3059005,0.9220434,1,0.5900194,0.8054213,1,0.4255754,0.8967313,1,0.784318,0.8514786,1,0.419141,0.7991529,1,0.2987972,0.9843137,1,0.7137255
IMG_0623.png,0.7800687,1,0.3024056,0.7943464,1,0.3621857,0.7425489,1,0.3783861,0.8773776,1,0.7869885,0.8105879,1,0.3080212,0.8321697,1,0.2426405,0.8695652,1,0.6086957
IMG_0624.png,0.6382253,1,0.4266212,0.8613774,1,0.4658321,0.8137876,1,0.3794623,0.9096736,1,0.5894261,0.8057822,1,0.4127359,0.7480483,1,0.3881886,0.9607843,1,0.6196078
IMG_0632.png,0.8333334,1,0.3070175,0.9097427,1,0.3355395,0.9165907,1,0.334808,0.9845134,1,0.7289829,0.9079478,1,0.3219346,0.9301588,1,0.261952,0.902439,1,0.4390244
IMG_0633.png,0.6871164,1,0.4171778,0.6742393,1,0.6166658,0.6825189,1,0.5009918,0.8963507,1,0.8553973,0.6097181,1,0.5281048,0.640294,1,0.5395998,0.7333333,1,0.76
IMG_0637.png,0.5584416,1,0.5064935,0.6027546,1,0.4799526,0.5871383,1,0.5101371,0.8793012,1,0.8384254,0.5930057,1,0.4691376,0.5930851,1,0.4641048,0.6428571,1,0.5535714
IMG_0661.png,0.4988292,1,0.6182672,0.5205534,1,0.5975448,0.5053257,1,0.6100367,0.8616106,1,0.8010968,0.5008177,1,0.610479,0.5539084,1,0.5358071,0.625,1,0.7083333
IMG_0666.png,0.5817308,1,0.5192308,0.8434698,1,0.3956906,0.6427677,1,0.5054011,0.8553623,1,0.7480293,0.7993744,1,0.4289863,0.631973,1,0.4995621,0.8347826,1,0.4695652
IMG_0671.png,0.4798903,1,0.6480805,0.5854064,1,0.6500491,0.52686,1,0.5714309,0.7857544,1,0.8627447,0.5613262,1,0.5541213,0.6107844,1,0.5037231,0.8181818,1,0.8363636
IMG_0676.png,0.4600763,1,0.756654,0.5532629,1,0.7957759,0.518918,1,0.7472228,0.7198602,1,0.9135976,0.5064009,1,0.71417,0.5473793,1,0.7410716,0.5964912,1,0.9298246
IMG_0677.png,0.4616457,1,0.7622035,0.4980682,1,0.7608109,0.4483943,1,0.7350247,0.7220173,1,0.8749523,0.4451755,1,0.7678381,0.5069943,1,0.7157167,0.6060606,1,0.8333333
IMG_0678.png,0.4592251,1,0.7582419,0.5155601,1,0.8212786,0.4604636,1,0.7794139,0.7224083,1,0.888113,0.4538391,1,0.8557049,0.5008926,1,0.7324162,0.6388889,1,0.8472222
IMG_0681.png,0.4812925,1,0.6173469,0.503755,1,0.6321838,0.4655442,1,0.6301945,0.7765197,1,0.8466126,0.4891466,1,0.6300719,0.5531856,1,0.5903551,0.6,1,0.7090909
IMG_0682.png,0.4935345,1,0.6971983,0.5714703,1,0.7519334,0.4823299,1,0.7191578,0.7303222,1,0.8470018,0.4662856,1,0.74611,0.4988515,1,0.7169492,0.8323353,1,0.9161677
IMG_0683.png,0.4663574,1,0.7610209,0.4988567,1,0.7533897,0.4941366,1,0.7451021,0.7537425,1,0.8523162,0.4501626,1,0.7568938,0.4903429,1,0.7009446,0.5581395,1,0.755814
IMG_0684.png,0.4628098,1,0.7520659,0.5144606,1,0.7695848,0.4617904,1,0.7450779,0.779015,1,0.9300137,0.4538857,1,0.7767165,0.5053869,1,0.6826314,0.6666667,1,0.8431373
IMG_0686.png,0.4792409,1,0.6405694,0.4947029,1,0.6441408,0.5134735,1,0.611367,0.7667606,1,0.8175152,0.4912516,1,0.6282535,0.487175,1,0.6514316,0.5283019,1,0.6792453
IMG_0687.png,0.5060975,1,0.5945122,0.4786905,1,0.6428755,0.4776512,1,0.6401565,0.7807038,1,0.9819748,0.4643547,1,0.6204819,0.5187115,1,0.6249327,0.4594595,1,0.7027027
IMG_0743.png,0.4518246,1,0.7686131,0.6354096,1,0.7784156,0.4511609,1,0.5898496,0.7432222,1,0.8381773,0.4811387,1,0.5943072,0.5030177,1,0.5028433,0.6691176,1,0.8529412
IMG_0754.png,0.4494624,1,0.7817202,0.5641975,1,0.6471233,0.5014242,1,0.6269151,0.793504,1,0.9064146,0.5327472,1,0.6288434,0.6259395,1,0.5896496,0.5333333,1,0.6666667
IMG_0757.png,0.4538087,1,0.7763372,0.4741212,1,0.7810398,0.4796562,1,0.6868627,0.8029947,1,0.9577041,0.4588436,1,0.752592,0.56475,1,0.6526183,0.5416667,1,0.775
IMG_0758.png,0.4582103,1,0.7728613,0.4859926,1,0.8407277,0.5042517,1,0.8670144,0.7208468,1,0.9613291,0.4786432,1,0.8389812,0.4844492,1,0.8104265,0.7007874,1,0.9370079
IMG_0760.png,0.4530245,1,0.7857143,0.5126796,1,0.8066975,0.4871994,1,0.7257413,0.6612618,1,0.8141848,0.4643836,1,0.7848949,0.5150981,1,0.7043477,0.6235955,1,0.8258427
IMG_0761.png,0.4541485,1,0.779476,0.5271449,1,0.6979203,0.4428397,1,0.6353873,0.8318358,1,1.012261,0.5039302,1,0.6591599,0.5230794,1,0.6880626,0.6,1,0.75
IMG_0762.png,0.4589372,1,0.763285,0.4499307,1,0.7808527,0.4659162,1,0.7925475,0.8133568,1,1.093595,0.4457864,1,0.7783368,0.4899762,1,0.7675341,0.5192308,1,0.8076923
IMG_0763.png,0.4528044,1,0.7756496,0.5563636,1,0.6208357,0.5106746,1,0.6240864,0.846401,1,0.9809264,0.531091,1,0.5928405,0.5431936,1,0.60791,0.7142857,1,0.6857143
IMG_0766.png,0.4494383,1,0.7814096,0.5523858,1,0.638595,0.5103102,1,0.6214772,0.7706745,1,0.8313367,0.5262089,1,0.6193772,0.5374114,1,0.5967854,0.6,1,0.8
IMG_0767.png,0.4527187,1,0.780733,0.5936233,1,0.6753237,0.5010774,1,0.5774081,0.729041,1,0.7836198,0.5414043,1,0.5779417,0.5220662,1,0.5022869,0.6129032,1,0.7419355
IMG_0770.png,0.4493243,1,0.7837838,0.4522676,1,0.8022685,0.4575255,1,0.7909243,0.7672152,1,0.9508152,0.450017,1,0.802576,0.4666849,1,0.7872489,0.547619,1,0.8095238
IMG_0772.png,0.4485727,1,0.7884003,0.5628234,1,0.7007991,0.4925602,1,0.6803638,0.7850475,1,0.878223,0.4913067,1,0.6832841,0.4302231,1,0.642365,0.8907563,1,0.7815126
IMG_0773.png,0.454764,1,0.7766214,0.6311379,1,0.600814,0.5454701,1,0.5748407,0.8957869,1,0.9882041,0.623102,1,0.587082,0.644101,1,0.5517769,0.76,1,0.84
IMG_0775.png,0.4547647,1,0.7683957,0.5891869,1,0.6470279,0.5518037,1,0.6105045,0.8822591,1,0.9545444,0.5062018,1,0.6357193,0.5751902,1,0.6120147,0.9,1,0.9333333
IMG_0776.png,0.4630434,1,0.7673912,0.4511849,1,0.7987207,0.4466741,1,0.7718061,0.707572,1,0.8888902,0.4454728,1,0.7968523,0.4838969,1,0.7603574,0.556391,1,0.8195489
IMG_0777.png,0.5238097,1,0.6666667,0.5497831,1,0.6279474,0.4959819,1,0.6221945,0.8109862,1,0.8831813,0.5154738,1,0.60478,0.5712651,1,0.584328,0.787234,1,0.7659574
IMG_0778.png,0.4509554,1,0.7821653,0.470469,1,0.8061861,0.4545277,1,0.7918379,0.7131118,1,0.9119719,0.450439,1,0.7993076,0.4937187,1,0.7241653,0.6206897,1,0.8482759
IMG_0782.png,0.4525044,1,0.7849741,0.4534237,1,0.7854314,0.4536009,1,0.7561472,0.7822736,1,0.8935462,0.4469086,1,0.7834648,0.4916541,1,0.7058021,0.5480769,1,0.7884615
IMG_0783.png,0.4477848,1,0.7879744,0.5368296,1,0.7218408,0.5056305,1,0.7130278,0.9367802,1,1.107331,0.5013968,1,0.6895919,0.5385411,1,0.722433,0.72,1,0.88
IMG_0784.png,0.4531178,1,0.786605,0.5253828,1,0.8825342,0.5000929,1,0.8512099,0.7283673,1,0.924167,0.4669073,1,0.8415948,0.4887499,1,0.7538889,0.7322835,1,0.992126
IMG_0786.png,0.4481053,1,0.784184,0.4539726,1,0.8042743,0.4548472,1,0.7919538,0.7058186,1,0.9009342,0.4498265,1,0.8020501,0.4604233,1,0.7926597,0.5241379,1,0.8
IMG_0787.png,0.4456183,1,0.793039,0.5398903,1,0.5902852,0.6404367,1,0.5676465,1.010168,1,1.022575,0.4313675,1,0.32469,0.4211174,1,0.3052896,0.6666667,1,0.7916667
IMG_0789.png,0.4538461,1,0.7320513,0.6224696,1,0.7507494,0.4845167,1,0.7183099,0.8018536,1,0.9952608,0.4832092,1,0.678246,0.5425256,1,0.639507,0.9069767,1,0.8914729
IMG_0792.png,0.4513275,1,0.7787611,0.5468725,1,0.7562487,0.4743918,1,0.7228122,0.7429466,1,0.9068744,0.4745364,1,0.748663,0.5193998,1,0.7008968,0.8064516,1,0.7419355
IMG_0793.png,0.4579439,1,0.7819315,0.45958,1,0.7954827,0.4653761,1,0.7696046,0.7803457,1,0.9315141,0.4456059,1,0.7886131,0.5158731,1,0.7368812,0.5522388,1,0.8208955
IMG_0794.png,0.4550335,1,0.7677849,0.4566429,1,0.7969265,0.4629567,1,0.7331047,0.7310491,1,0.8682445,0.4502097,1,0.7864024,0.491678,1,0.7053733,0.5321637,1,0.8362573
IMG_0796.png,0.4569932,1,0.7666416,0.9802506,1,0.6914515,0.6852963,1,0.6582741,0.8745828,1,0.9894854,0.9086119,1,0.5866985,0.6399471,1,0.5608123,1,1,0.8039216
IMG_0797.png,0.4626717,1,0.7554025,0.5655751,1,0.6979716,0.5491044,1,0.63839,0.7720881,1,0.8487248,0.5119154,1,0.6636401,0.5680061,1,0.6187015,0.8061224,1,0.9387755
IMG_0798.png,0.595,1,0.5075,0.6376221,1,0.5720396,0.5582796,1,0.5142185,0.8238446,1,0.8693043,0.6330838,1,0.5495243,0.6549326,1,0.568961,0.6842105,1,0.6842105
IMG_0800.png,0.4605809,1,0.780083,0.460306,1,0.8147849,0.4369675,1,0.7564657,0.7411421,1,0.8874211,0.4465266,1,0.8080212,0.5066455,1,0.7367739,0.5632184,1,0.8390805
IMG_0801.png,0.446224,1,0.7871851,0.4459629,1,0.7931362,0.4435496,1,0.7916841,0.7628831,1,0.9614533,0.4398917,1,0.7902738,0.4790143,1,0.7786454,0.5151515,1,0.8181818
IMG_0803.png,0.4437983,1,0.7403099,0.66503,1,0.9160024,0.4841159,1,0.6863708,0.7388759,1,0.9424489,0.5129042,1,0.823146,0.5140807,1,0.6159039,0.772,1,0.984
IMG_0804.png,0.4418606,1,0.7866531,0.6212181,1,0.8338668,0.5370364,1,0.595715,0.8634393,1,0.9138744,0.5252563,1,0.5827861,0.5206478,1,0.4901053,0.6875,1,0.8958333
IMG_0806.png,0.4442529,1,0.7959771,0.5224468,1,0.82399,0.4608528,1,0.7638929,0.7095435,1,0.8865858,0.4598141,1,0.7867206,0.5186307,1,0.6392947,0.6432432,1,0.8486486
IMG_0808.png,0.4482759,1,0.7643677,0.437737,1,0.8312051,0.4449523,1,0.8172518,0.7538983,1,0.959508,0.4306337,1,0.8305659,0.4603775,1,0.7973911,0.5795455,1,0.8181818
IMG_0809.png,0.4377267,1,0.7629986,0.5676319,1,0.6500091,0.565309,1,0.6492465,0.8464432,1,0.9406745,0.5189225,1,0.6185344,0.5477601,1,0.6084617,0.9166667,1,0.875
IMG_0810.png,0.4444443,1,0.7843138,0.4380456,1,0.8068332,0.4488864,1,0.8117042,0.9227888,1,0.9168107,0.4329445,1,0.8058582,0.4551793,1,0.797507,0.4516129,1,0.8064516
IMG_0812.png,0.4440434,1,0.7924189,0.4448918,1,0.8294076,0.4442856,1,0.7968495,0.7049119,1,0.8904966,0.4372908,1,0.8268824,0.467203,1,0.7596784,0.5369128,1,0.8657718
IMG_0813.png,0.4444444,1,0.7960423,0.4479157,1,0.8085385,0.4425568,1,0.8064081,0.7034065,1,0.9230485,0.4413776,1,0.8056083,0.4529328,1,0.7899114,0.5798319,1,0.8319328
IMG_0814.png,0.4406779,1,0.7966102,0.5056692,1,0.7652059,0.4790103,1,0.7470341,0.7464625,1,0.8591763,0.4602442,1,0.7623055,0.511459,1,0.6444468,0.5492958,1,0.7605634
IMG_0817.png,0.4396324,1,0.8031496,0.4439329,1,0.8099549,0.4436999,1,0.7926457,0.6987324,1,0.8899931,0.4377464,1,0.8082434,0.4638488,1,0.7781911,0.6147541,1,0.8196721
IMG_0818.png,0.4441417,1,0.8038147,0.4454663,1,0.8090713,0.4560518,1,0.801977,0.7699593,1,0.9341636,0.4392925,1,0.8067843,0.483903,1,0.7754336,0.4545455,1,0.8
IMG_0823.png,0.4382129,1,0.7861218,0.5606574,1,0.8281882,0.5144043,1,0.7454342,0.7855644,1,0.877337,0.5170647,1,0.6755315,0.5083111,1,0.6077729,0.6764706,1,0.8352941
IMG_0825.png,0.4363057,1,0.8025476,0.4491003,1,0.823854,0.4333533,1,0.7432492,0.7305256,1,0.8936123,0.4361541,1,0.8138179,0.4501178,1,0.589728,0.5214286,1,0.8285714
IMG_0826.png,0.4385082,1,0.8014113,0.4420643,1,0.8099174,0.4368121,1,0.7796807,0.7501523,1,0.9280507,0.4359403,1,0.8088636,0.4427426,1,0.6969387,0.5981308,1,0.8130841
IMG_0829.png,0.4374078,1,0.8033872,0.474781,1,0.823837,0.4550963,1,0.8161657,0.7230336,1,0.9515559,0.4426456,1,0.812867,0.4772729,1,0.674623,0.6217949,1,0.8717949
IMG_0831.png,0.439141,1,0.7852031,0.4497564,1,0.8130181,0.4461095,1,0.7999786,0.7221378,1,0.8995762,0.4360386,1,0.8088985,0.4670702,1,0.7838896,0.5636364,1,0.8090909
IMG_0832.png,0.4397495,1,0.8028164,0.4457037,1,0.8117971,0.4400836,1,0.8130458,0.7125942,1,0.9091954,0.4365685,1,0.808167,0.4763555,1,0.7961289,0.547619,1,0.8214286
IMG_0838.png,0.7603386,1,0.3073308,0.993402,1,0.9573104,0.8699373,1,0.5819884,0.9668816,1,0.8882479,0.9086234,1,0.7462912,0.7410194,1,0.3930842,0.9960784,1,0.9921569
IMG_0840.png,0.756821,1,0.3190985,0.9131491,1,0.8807014,0.6915435,1,0.3963474,0.8508757,1,0.7621107,0.7278066,1,0.3616102,0.7674754,1,0.3427355,0.9824561,1,0.9385965
IMG_0842.png,0.452381,1,0.7751322,0.4524132,1,0.8269967,0.4499358,1,0.8022573,0.7025081,1,0.9393548,0.43732,1,0.8234898,0.4882359,1,0.7793343,0.627907,1,0.8604651
IMG_0843.png,0.4352158,1,0.8156141,0.4959581,1,0.8337143,0.4195259,1,0.8090185,0.7798451,1,0.9794625,0.4286336,1,0.8318883,0.4760692,1,0.7666898,0.987013,1,0.9675325
IMG_0844.png,0.4506518,1,0.7504656,0.6535662,1,0.8309261,0.5236014,1,0.6597373,0.77916,1,0.9414294,0.4867734,1,0.7425561,0.5619324,1,0.6162528,0.7109005,1,0.8957346
IMG_0845.png,0.4325397,1,0.8134921,0.4529199,1,0.8352487,0.439061,1,0.8200024,0.7569849,1,0.9370884,0.4330109,1,0.8392144,0.4524219,1,0.8196195,1.247788,1,0.8141593
IMG_0846.png,0.4423592,1,0.7989277,0.7324241,1,0.7078411,0.4917583,1,0.713483,0.7603594,1,0.8681037,0.5193005,1,0.7072946,0.5251027,1,0.7189459,0.7727273,1,0.7348485
IMG_0849.png,0.6499999,1,0.35,0.6442311,1,0.4238214,0.6320173,1,0.4398995,0.8712463,1,0.7312726,0.6215147,1,0.3911032,0.6726667,1,0.3651633,0.7777778,1,0.6944444
IMG_0853.png,0.9074074,1,0.2469136,0.6569166,1,0.5093261,0.6803722,1,0.4553988,0.7899726,1,0.6670685,0.6960202,1,0.4191168,0.8300284,1,0.1817083,0.7169811,1,0.5660377
IMG_0858.png,0.6182795,1,0.4408602,0.6495651,1,0.5022118,0.6442445,1,0.4446503,0.8053115,1,0.8431822,0.6301413,1,0.4255274,0.7781514,1,0.3083173,0.7058824,1,0.6764706
IMG_0859.png,0.4796573,1,0.6959313,0.9188689,1,0.8417996,0.7846873,1,0.7888393,0.8745592,1,0.8947425,0.850917,1,0.7686921,0.7293007,1,0.6670147,0.9843137,1,0.9294118
IMG_0861.png,0.8112245,1,0.3737246,0.8449586,1,0.5013256,0.6641112,1,0.4007627,0.903055,1,0.7392321,0.7874286,1,0.3754501,0.6452864,1,0.3346229,0.8911917,1,0.4663212
IMG_0864.png,0.7880393,1,0.3890992,0.8603763,1,0.4528258,0.8837078,1,0.4151778,0.9809043,1,0.7627058,0.8546875,1,0.4004778,0.9779634,1,0.3317618,0.939759,1,0.5582329
IMG_0865.png,0.5030396,1,0.6063831,0.5488493,1,0.6075194,0.5155149,1,0.5790028,0.7487307,1,0.798713,0.5274134,1,0.5670779,0.6014952,1,0.5467567,0.75,1,0.85
IMG_0872.png,0.4893616,1,0.5744681,0.4689471,1,0.6992377,0.4248493,1,0.6381977,0.7317958,1,0.9429743,0.4160373,1,0.6247741,0.5169205,1,0.6543925,0.5245902,1,0.7377049
IMG_0873.png,0.4205608,1,0.7102804,0.4297848,1,0.7090285,0.4180167,1,0.7024882,0.6709743,1,0.8374926,0.41894,1,0.7123413,0.4438095,1,0.7054933,0.5357143,1,0.7857143
IMG_0875.png,0.4420849,1,0.6785716,0.6331102,1,0.6555466,0.6888828,1,0.6850332,0.7390749,1,0.8935517,0.6888933,1,0.5529322,0.875982,1,0.531038,0.6341463,1,0.7317073
IMG_0876.png,0.5728158,1,0.5048544,0.483023,1,0.807974,0.4896791,1,0.7721592,0.6575587,1,0.8569365,0.476315,1,0.7969127,0.5246685,1,0.6770488,0.5776892,1,0.9163347
IMG_0877.png,0.5714285,1,0.5170069,0.6867282,1,0.9092354,0.6099422,1,0.7715614,0.7279488,1,0.8835421,0.6151222,1,0.9073059,0.6241637,1,0.6352749,0.972549,1,1
IMG_0878.png,0.4977272,1,0.6249998,0.5037569,1,0.6365179,0.4930908,1,0.5965322,0.7770561,1,0.9252764,0.4908741,1,0.6143726,0.5665993,1,0.5591803,0.5283019,1,0.7358491
IMG_0881.png,0.438178,1,0.6832974,0.482778,1,0.7501644,0.4547868,1,0.7610212,0.767151,1,0.8252138,0.3871571,1,0.7706842,0.6006316,1,0.6027277,0.516129,1,0.6774194
IMG_0882.png,0.4803257,1,0.632293,0.5029658,1,0.6349426,0.4985179,1,0.651268,0.7570479,1,0.8219851,0.4914699,1,0.6219531,0.5147574,1,0.6104082,0.4893617,1,0.7021277
IMG_0883.png,0.4825931,1,0.6302521,0.511612,1,0.6096649,0.4989384,1,0.6289084,0.794141,1,0.8388335,0.5045774,1,0.6062298,0.5259148,1,0.5929659,0.5588235,1,0.6470588
IMG_0887.png,0.7259887,1,0.3474577,0.7342918,1,0.3925971,0.6947832,1,0.4576796,0.9633809,1,0.9555697,0.70405,1,0.3581029,0.7296089,1,0.3886534,0.7741935,1,0.483871
IMG_0888.png,0.712766,1,0.3865249,0.8536739,1,0.6039387,0.740963,1,0.4137519,0.8819738,1,0.7421459,0.7774957,1,0.3596764,0.7651194,1,0.3755515,0.939759,1,0.7891566
IMG_0890.png,0.7569167,1,0.3656126,0.8372897,1,0.3681738,0.747745,1,0.4157011,0.9369152,1,0.6680384,0.8082698,1,0.3694704,0.7754577,1,0.3801227,0.8424658,1,0.4383562
IMG_0891.png,0.4484946,1,0.6576866,0.7465764,1,0.4625196,0.6633537,1,0.5148267,0.7881874,1,0.7622179,0.7302188,1,0.375344,0.64298,1,0.4928664,0.826087,1,0.5108696
IMG_0893.png,0.7799999,1,0.2933333,0.8187786,1,0.3263655,0.8327667,1,0.3085261,0.9172472,1,0.6467147,0.8169347,1,0.3060798,0.8238863,1,0.3021158,0.8518519,1,0.5185185
IMG_0894.png,0.8085756,1,0.3047473,0.9057624,1,0.3549565,0.8985515,1,0.3878198,0.9500111,1,0.8054311,0.8553998,1,0.3128008,0.832927,1,0.2849326,0.9387755,1,0.4489796
IMG_0900.png,0.7888283,1,0.3283379,0.7449622,1,0.3955802,0.6538002,1,0.3312696,0.8982067,1,0.6884331,0.4967693,1,0.2953829,0.6840217,1,0.2889901,0.8333333,1,0.5
IMG_0901.png,0.7647057,1,0.3398692,0.8464058,1,0.5073464,0.6363247,1,0.5028362,0.8967852,1,0.8619129,0.7320818,1,0.4578172,0.6883101,1,0.3478196,0.892562,1,0.553719
IMG_0902.png,0.7458563,1,0.3701657,0.7716548,1,0.4516871,0.709941,1,0.5204533,0.8619458,1,0.8418661,0.7722183,1,0.4113983,0.7685211,1,0.3915852,0.85,1,0.5
