8D5U5525.png,0.7187906,1,0.6323975,0.7767372,1,0.6859942,0.7723222,1,0.5876065,0.7480156,1,0.6133124,0.7994433,1,0.6240035,0.7765477,1,0.5502527,0.7847911,1,0.9467694
8D5U5527.png,0.8144092,1,0.4818445,0.827463,1,0.4701669,0.8357095,1,0.4771664,0.8131861,1,0.4757451,0.8165049,1,0.473197,0.8495778,1,0.4510271,0.7932488,1,0.6204519
8D5U5529.png,0.6546573,1,0.7029878,0.6457862,1,0.7189271,0.6468081,1,0.7245924,0.6751357,1,0.6947643,0.6560823,1,0.7057283,0.6492909,1,0.70221,0.589205,1,0.8079748
8D5U5531.png,0.726101,1,0.5617616,0.8017547,1,0.6110068,0.8091225,1,0.535962,0.7881969,1,0.5344098,0.7859101,1,0.5829313,0.8781819,1,0.4548678,0.7950149,1,0.7733733
8D5U5532.png,0.7457341,1,0.5887373,0.7643351,1,0.9477963,0.7220832,1,0.8587372,0.7570649,1,0.9033304,0.707318,1,0.9330183,0.6886451,1,0.70387,0.9602728,1,0.9984977
8D5U5533.png,0.623542,1,0.7158006,0.6388794,1,0.6928443,0.6504907,1,0.6988658,0.6871067,1,0.6601636,0.6362111,1,0.696176,0.6549503,1,0.6779347,0.6303526,1,0.7045462
8D5U5536.png,0.5662869,1,0.8176366,0.6684254,1,0.7331354,0.6802689,1,0.717933,0.6432516,1,0.7385637,0.6964824,1,0.7412769,0.6471496,1,0.7107196,0.7188433,1,0.730044
8D5U5537.png,0.5898304,1,0.7576272,0.7669067,1,0.5782619,0.7701685,1,0.4708538,0.7467304,1,0.5203703,0.7991741,1,0.4742192,0.7118151,1,0.4923712,0.7880167,1,0.8093062
8D5U5540.png,0.5457587,1,0.9098603,0.5707605,1,0.8494788,0.5769657,1,0.858414,0.6071918,1,0.6817679,0.5598888,1,0.8661212,0.5690117,1,0.7972318,0.6113307,1,0.7676633
8D5U5544.png,0.6276465,1,0.7222917,0.70317,1,0.6958354,0.7212631,1,0.6624146,0.6945361,1,0.6714423,0.6976726,1,0.6748051,0.769677,1,0.578413,0.6483748,1,0.7828059
8D5U5545.png,0.8528529,1,0.4294294,0.843788,1,0.4342759,0.8656629,1,0.4296528,0.8841673,1,0.4408265,0.837204,1,0.434175,0.8573431,1,0.437096,0.8306066,1,0.4391421
8D5U5548.png,0.8256306,1,0.4474791,0.8731867,1,0.4186821,0.9121852,1,0.3863415,0.9060157,1,0.3887124,0.8662491,1,0.4276506,0.9030351,1,0.3821338,0.8578311,1,0.4364075
8D5U5549.png,0.7859427,1,0.5654954,0.667612,1,0.7757496,0.6960414,1,0.7412349,0.7077194,1,0.7232313,0.6714059,1,0.7692485,0.7100177,1,0.6645734,0.6486359,1,0.8712419
8D5U5550.png,0.8051949,1,0.538961,0.5931609,1,0.8036076,0.6411401,1,0.7843695,0.6996595,1,0.7563567,0.5920207,1,0.7959546,0.7015549,1,0.6838876,0.5951274,1,0.8177205
8D5U5552.png,0.8084896,1,0.5439289,0.7249835,1,0.7738719,0.7402926,1,0.6575342,0.7601561,1,0.6332888,0.6881475,1,0.8782766,0.7725589,1,0.5878905,0.7045268,1,1.150994
8D5U5553.png,0.8086643,1,0.5505415,0.7963834,1,0.5845372,0.8031827,1,0.5750893,0.798657,1,0.5735015,0.7942257,1,0.5893103,0.808277,1,0.5674704,0.7946398,1,0.587161
8D5U5554.png,0.8522853,1,0.5094759,0.8971417,1,0.5139287,1.004819,1,0.4016936,0.9325728,1,0.4531592,0.9483988,1,0.4721986,1.015608,1,0.3595307,0.8266505,1,0.5539035
8D5U5555.png,0.7983693,1,0.5663453,0.7506214,1,0.6939856,0.8072517,1,0.5812395,0.8003402,1,0.6111122,0.828748,1,0.5537149,0.8664571,1,0.4985593,0.6112977,1,0.7990371
8D5U5557.png,0.849315,1,0.436073,0.8359443,1,0.4613845,0.8245595,1,0.5787271,0.8427354,1,0.517348,0.8971371,1,0.5678544,0.8063245,1,0.522839,0.8420064,1,0.4829845
8D5U5558.png,0.825175,1,0.4778556,0.8872564,1,0.4111431,0.8652,1,0.4231336,0.8659097,1,0.4497084,0.887175,1,0.4109501,0.9044761,1,0.4006691,0.8386712,1,0.4432557
8D5U5561.png,0.5936978,1,0.8278381,0.5950404,1,0.8584334,0.6140253,1,0.8316151,0.6434506,1,0.7560629,0.5968439,1,0.8527306,0.6582755,1,0.6595196,0.6089491,1,0.8841871
8D5U5562.png,0.5884219,1,0.8568596,0.6309654,1,0.7879031,0.685891,1,0.7773006,0.6658369,1,0.7527963,0.7120098,1,0.8458024,0.6900061,1,0.7116885,0.6304334,1,0.8176495
8D5U5563.png,0.6000872,1,0.8155594,0.6113557,1,0.7969974,0.6101265,1,0.8127216,0.6310357,1,0.7804995,0.6126665,1,0.7915036,0.633216,1,0.7511607,0.5902087,1,0.8466127
8D5U5564.png,0.5739228,1,0.8763,0.7474242,1,0.5846085,0.7604993,1,0.5558843,0.6845701,1,0.5564655,0.8863829,1,0.5297269,0.6923919,1,0.4906714,0.8096773,1,0.7173857
8D5U5567.png,1.123694,1,0.3188153,1.154566,1,0.2887639,1.137316,1,0.2910469,1.129639,1,0.293648,1.181711,1,0.2719232,1.172219,1,0.2678537,1.096677,1,0.3221426
8D5U5569.png,0.6720002,1,0.7392002,0.6719765,1,0.7757485,0.7153371,1,0.676856,0.6889963,1,0.7107207,0.6866709,1,0.7221317,0.7393571,1,0.6208127,0.7230968,1,0.9096236
8D5U5571.png,1.314487,1,0.2756184,1.349216,1,0.2481688,1.350034,1,0.25279,1.306032,1,0.2679878,1.350676,1,0.2468562,1.404962,1,0.2155549,1.199941,1,0.2964256
8D5U5573.png,0.6755853,1,0.809699,0.6895943,1,0.7023595,0.7150178,1,0.6577715,0.7113675,1,0.681904,0.6834668,1,0.7027364,0.7252224,1,0.648839,0.751294,1,0.808893
8D5U5574.png,0.6195053,1,0.7994505,0.9433906,1,0.6940231,1.047854,1,0.4834686,0.9050053,1,0.5373317,1.018589,1,0.8189431,1.158078,1,0.4062635,0.7344086,1,0.7636939
8D5U5576.png,0.6000815,1,0.8320423,0.8101596,1,0.6534674,0.8480565,1,0.6382374,0.8000937,1,0.6444502,0.832219,1,0.7779827,0.8472203,1,0.5477342,0.939784,1,0.9728018
8D5U5577.png,0.577876,1,0.8584071,0.6644031,1,0.7881009,0.6628465,1,0.7595865,0.646112,1,0.7809891,0.6404856,1,0.788566,0.7103728,1,0.6809527,0.731667,1,0.8883909
8D5U5578.png,0.9741934,1,0.4774194,0.7307967,1,0.7098662,0.7708403,1,0.6625911,0.855665,1,0.5987018,0.6899556,1,0.7122337,0.9581667,1,0.5267084,1.080106,1,0.5310144
8D5U5579.png,0.6063461,1,0.7887952,0.6614718,1,0.7508815,0.6484294,1,0.755554,0.6681501,1,0.741087,0.661077,1,0.7401524,0.68232,1,0.7114185,0.9528197,1,0.9644563
8D5U5580.png,0.9653182,1,0.5144508,0.7449856,1,0.7033993,0.89846,1,0.5704767,0.8542992,1,0.6013642,0.9701894,1,0.6272837,0.9697094,1,0.5134415,0.6027018,1,0.7154967
8D5U5585.png,0.5734264,1,0.8611387,0.6833492,1,0.7898554,0.6700941,1,0.7317797,0.6998245,1,0.717037,0.6975736,1,0.7505523,0.7686231,1,0.6222856,0.7270102,1,0.9368449
8D5U5589.png,0.5549077,1,0.9203111,0.7257364,1,0.8923819,0.5937495,1,0.9468036,0.6131074,1,0.8978626,0.6099717,1,1.030024,0.642532,1,0.8710255,0.8388231,1,0.7264605
8D5U5593.png,0.7855072,1,0.6,0.7782355,1,0.6045574,0.7696804,1,0.6253334,0.7664412,1,0.637323,0.7708929,1,0.6058464,0.7951953,1,0.5929032,0.7372122,1,0.6135598
8D5U5597.png,0.6156156,1,0.7447446,0.5348187,1,0.8752502,0.5451482,1,0.8584495,0.5829983,1,0.8285305,0.4879765,1,0.8956599,0.4928092,1,0.8503762,0.5664006,1,0.8578471
8D5U5599.png,1.124439,1,0.3755606,1.104589,1,0.3854703,1.100316,1,0.3921976,1.11964,1,0.3906646,1.101939,1,0.3817707,1.131197,1,0.3687084,1.047077,1,0.4943076
8D5U5607.png,0.5716527,1,0.872385,0.5661407,1,0.8780955,0.5974976,1,0.8372905,0.620699,1,0.7821861,0.5778996,1,0.8510759,0.6330278,1,0.7078588,0.5706168,1,0.8796668
8D5U5608.png,0.5761957,1,0.8683722,0.6946448,1,0.9125207,0.7006991,1,0.8957126,0.6506906,1,0.8995881,0.7467015,1,0.9205048,0.6602023,1,0.7116065,0.8576612,1,1.000831
8D5U5613.png,1.23002,1,0.2592593,1.131101,1,0.3667398,1.214562,1,0.2642354,1.193461,1,0.2654816,1.152516,1,0.2746782,1.275663,1,0.23864,1.033195,1,0.6644802
8D5U5614.png,1.32008,1,0.302187,1.228215,1,0.3442384,1.268879,1,0.3455636,1.299424,1,0.3087519,1.146756,1,0.5098845,1.353594,1,0.2810907,1.120598,1,0.4401545
8D5U5615.png,1.282421,1,0.3342939,1.165907,1,0.6027532,1.229017,1,0.3999679,1.20047,1,0.4368258,1.234398,1,0.4185841,1.284558,1,0.3458496,0.9925873,1,0.8493426
8D5U5619.png,1.210174,1,0.3480589,1.087096,1,0.4056648,1.216722,1,0.3475501,1.196784,1,0.3630297,1.094773,1,0.4002728,1.262412,1,0.3172588,1.035347,1,0.5140324
IMG_0281.png,0.4622771,1,0.7489712,0.4928155,1,0.7150579,0.48648,1,0.721779,0.509205,1,0.6850463,0.4771089,1,0.729479,0.4760068,1,0.6977976,0.631673,1,0.8540853
IMG_0283.png,0.4642408,1,0.7561689,0.4658924,1,0.7503269,0.4749544,1,0.7318594,0.4928196,1,0.7226089,0.4592963,1,0.7541488,0.4934932,1,0.6208761,0.5412898,1,0.802031
IMG_0285.png,0.463886,1,0.7426249,0.4559237,1,0.7563634,0.4896227,1,0.7291984,0.5111164,1,0.6951236,0.4546398,1,0.75587,0.4850573,1,0.5700304,0.4694742,1,0.7379082
IMG_0286.png,0.470817,1,0.7256808,0.4672862,1,0.7431119,0.4832217,1,0.7562287,0.4897101,1,0.7308351,0.4683715,1,0.7444909,0.4875718,1,0.6516711,0.4808602,1,0.7147375
IMG_0287.png,0.4850543,1,0.7038041,0.4719504,1,0.7416373,0.5007657,1,0.7378491,0.512812,1,0.6794983,0.4608157,1,0.7624401,0.4846458,1,0.6758506,0.4786761,1,0.7067578
IMG_0289.png,0.4684512,1,0.7198853,0.4562197,1,0.7592546,0.511014,1,0.708617,0.5870477,1,0.6460562,0.4509592,1,0.76616,0.49318,1,0.562134,0.5074924,1,0.7462792
IMG_0290.png,0.4731544,1,0.7315436,0.4591083,1,0.755885,0.492678,1,0.7207733,0.5180912,1,0.6997609,0.4576431,1,0.7578484,0.4802253,1,0.7007534,0.4749674,1,0.7367206
IMG_0291.png,0.471223,1,0.7266188,0.4562306,1,0.7719681,0.4938295,1,0.7067396,0.5303678,1,0.6743916,0.4560236,1,0.773783,0.4700631,1,0.726267,0.4716405,1,0.7538173
IMG_0293.png,0.4886164,1,0.6777583,0.5101756,1,0.6596109,0.5074782,1,0.6415116,0.5234543,1,0.665749,0.5204408,1,0.5483049,0.551067,1,0.5752463,0.5036306,1,0.6825043
IMG_0295.png,0.4714434,1,0.7300105,0.4851107,1,0.7033417,0.5259663,1,0.6696168,0.4857416,1,0.7137402,0.4871132,1,0.6986619,0.4899968,1,0.6635725,0.4760743,1,0.6754417
IMG_0298.png,0.5094339,1,0.6339621,0.5252694,1,0.6049062,0.5316804,1,0.6009503,0.519956,1,0.628692,0.5282291,1,0.5906746,0.5274231,1,0.5934966,0.5125817,1,0.6448787
IMG_0302.png,0.4776578,1,0.7195686,0.4825881,1,0.7292342,0.4976603,1,0.7327181,0.5276099,1,0.6916942,0.4532532,1,0.7582973,0.4987408,1,0.6712352,0.4909457,1,0.7210157
IMG_0303.png,0.476082,1,0.7186786,0.5201659,1,0.6850916,0.5008583,1,0.676091,0.5140851,1,0.6763077,0.5053788,1,0.6482419,0.5095698,1,0.6181251,0.6550112,1,0.7971672
IMG_0305.png,0.4746695,1,0.7114535,0.4650687,1,0.7457682,0.481379,1,0.7222698,0.4815687,1,0.7287673,0.461003,1,0.7545472,0.4789164,1,0.7028565,0.4747979,1,0.7153237
IMG_0313.png,0.4762569,1,0.7248604,0.4511142,1,0.7596617,0.4554305,1,0.7326764,0.513805,1,0.6158114,0.4484307,1,0.7643077,0.453595,1,0.6632585,0.4740996,1,0.7152184
IMG_0314.png,0.4751667,1,0.7220164,0.5009886,1,0.5427478,0.5636808,1,0.4322915,0.5236105,1,0.4607153,0.5058116,1,0.3528459,0.502656,1,0.3635159,0.461389,1,0.7569507
IMG_0317.png,0.4776939,1,0.7343857,0.5244947,1,0.598766,0.5342627,1,0.4877932,0.5125147,1,0.4950562,0.509525,1,0.4636784,0.496371,1,0.391282,0.518699,1,0.633298
IMG_0321.png,0.4731544,1,0.738255,0.5952001,1,0.5375235,0.6233847,1,0.5793657,0.5555383,1,0.5656753,0.5976641,1,0.5353478,0.5843187,1,0.5240703,0.5770685,1,0.7330951
IMG_0324.png,0.4832868,1,0.7033424,0.636091,1,0.5649732,0.6131109,1,0.5652887,0.6268642,1,0.5764308,0.6408156,1,0.5841931,0.7031639,1,0.4593894,0.5478518,1,0.628156
IMG_0334.png,0.4742577,1,0.7217822,0.4905185,1,0.7101496,0.4701345,1,0.7050981,0.4780651,1,0.702201,0.487914,1,0.6977344,0.4978231,1,0.657941,0.5030616,1,0.7518686
IMG_0335.png,0.460812,1,0.7497642,0.5206109,1,0.5609984,0.6070581,1,0.7099733,0.5471667,1,0.577755,0.5227297,1,0.550525,0.4975246,1,0.4040971,0.5195838,1,0.6303726
IMG_0337.png,0.462141,1,0.7519583,0.4827333,1,0.6971258,0.4738998,1,0.7226267,0.4917878,1,0.6880613,0.4754624,1,0.7026041,0.4857736,1,0.62984,0.5341345,1,0.632525
IMG_0340.png,0.4599155,1,0.7369902,0.478387,1,0.6911497,0.4738358,1,0.7219353,0.4810299,1,0.6899885,0.4818384,1,0.6720315,0.4899317,1,0.6042456,0.475331,1,0.7112233
IMG_0342.png,0.4695144,1,0.7540475,0.4976221,1,0.5756734,0.5002181,1,0.5592798,0.4591126,1,0.4748365,0.5018405,1,0.5641367,0.4712625,1,0.4710394,0.5161986,1,0.7036505
IMG_0344.png,0.4657738,1,0.7187499,0.5082248,1,0.4204517,0.5358082,1,0.4406331,0.5232978,1,0.5127255,0.5037463,1,0.3191471,0.5224384,1,0.3527099,0.5508122,1,0.5565123
IMG_0345.png,0.4602203,1,0.7209301,0.5849633,1,0.5699184,0.5839169,1,0.5594853,0.5692384,1,0.5156251,0.5807241,1,0.5749949,0.5507885,1,0.4719936,0.6002304,1,0.6333389
IMG_0350.png,0.4580153,1,0.7557252,0.4584794,1,0.7468793,0.4820598,1,0.7290819,0.5377021,1,0.5916384,0.4579395,1,0.7473192,0.4621832,1,0.6945287,0.4749408,1,0.7242549
IMG_0351.png,0.4703602,1,0.7343491,0.4625481,1,0.7471936,0.4797686,1,0.749041,0.4802776,1,0.6946991,0.461096,1,0.746249,0.4708203,1,0.6878103,0.489543,1,0.7113809
IMG_0354.png,0.4823421,1,0.7193307,0.5512473,1,0.6265404,0.5351234,1,0.6194449,0.5496686,1,0.6072975,0.5668141,1,0.62521,0.5741473,1,0.611119,0.520685,1,0.6764781
IMG_0361.png,0.5331231,1,0.5583596,0.9723436,1,0.9710349,0.6281426,1,0.6073291,0.6238844,1,0.6067642,0.8010518,1,0.828873,0.5564071,1,0.5333711,1.000778,1,1.000061
IMG_0363.png,0.5069638,1,0.675023,0.5522338,1,0.5981599,0.5445347,1,0.6288995,0.5652297,1,0.6151686,0.5504731,1,0.5988962,0.578082,1,0.583573,0.5414603,1,0.6128171
IMG_0366.png,0.5082316,1,0.6789697,0.5166808,1,0.3622874,0.5807271,1,0.4005089,0.6000907,1,0.4650056,0.5089738,1,0.3335859,0.5107894,1,0.3348816,0.5417085,1,0.6482169
IMG_0370.png,0.466248,1,0.7409734,0.4683497,1,0.7331148,0.4916988,1,0.7183207,0.4875554,1,0.6997942,0.4644256,1,0.7388472,0.4768441,1,0.6838561,0.48493,1,0.7090631
IMG_0374.png,0.4644736,1,0.7434212,0.5042835,1,0.596765,0.563957,1,0.6973766,0.5455252,1,0.5930458,0.5023525,1,0.5366119,0.4977638,1,0.4457971,0.4619449,1,0.7749826
IMG_0377.png,0.4654026,1,0.7393364,0.4946059,1,0.7238364,0.5440442,1,0.6463437,0.5358674,1,0.556133,0.4650751,1,0.7445878,0.548371,1,0.4815909,0.4719638,1,0.7528748
IMG_0385.png,0.5066185,1,0.6791015,0.5745724,1,0.5976674,0.5893659,1,0.5720205,0.5907954,1,0.5542956,0.5963867,1,0.5599768,0.5846312,1,0.5456312,0.5325146,1,0.6402347
IMG_0387.png,0.4635599,1,0.7529783,0.4707604,1,0.7414415,0.4984622,1,0.6905609,0.4942812,1,0.6680583,0.4568362,1,0.7543795,0.5126433,1,0.6356521,0.5264133,1,0.7317466
IMG_0392.png,0.4869281,1,0.745098,0.4679806,1,0.7444247,0.4886412,1,0.7360703,0.5149114,1,0.7051827,0.4632322,1,0.7487435,0.5170494,1,0.6786377,0.4956957,1,0.7359034
IMG_0393.png,0.5079516,1,0.6707203,0.465771,1,0.7537559,0.4896632,1,0.7335002,0.5254268,1,0.6456307,0.4613285,1,0.7577262,0.468991,1,0.6976433,0.4832431,1,0.7184443
IMG_0394.png,0.4802982,1,0.7071355,0.4770704,1,0.7309571,0.4819279,1,0.6778418,0.495309,1,0.6731538,0.4722663,1,0.7312739,0.4721175,1,0.5909031,0.5119783,1,0.6848738
IMG_0395.png,0.5067156,1,0.6788766,0.5358609,1,0.6358758,0.5408169,1,0.5999729,0.5422759,1,0.6046565,0.5405691,1,0.6047867,0.5113945,1,0.4932137,0.4880792,1,0.8007969
IMG_0396.png,0.4650457,1,0.6747719,0.5209697,1,0.8679033,0.5144535,1,0.6912406,0.5484398,1,0.6479576,0.5075845,1,0.8360064,0.5336508,1,0.5953151,0.65479,1,0.984472
IMG_0401.png,0.4669706,1,0.7403191,0.4691911,1,0.7427591,0.4793095,1,0.6986556,0.4936743,1,0.6867224,0.4597815,1,0.7529083,0.5002212,1,0.67308,0.4979762,1,0.6994392
IMG_0402.png,0.4716158,1,0.7336245,0.4804654,1,0.7208898,0.4920678,1,0.7026193,0.5088795,1,0.6795389,0.4636778,1,0.7395158,0.4875599,1,0.688404,0.5233224,1,0.6573781
IMG_0403.png,0.4699792,1,0.7349896,0.4763641,1,0.7314398,0.4975734,1,0.7023014,0.5287426,1,0.6576986,0.4714463,1,0.7365214,0.4858432,1,0.699817,0.5120947,1,0.6828719
IMG_0404.png,0.4733421,1,0.7295191,0.4682707,1,0.7376671,0.4841223,1,0.7242371,0.5133624,1,0.6638437,0.4656632,1,0.7397195,0.4693432,1,0.7189786,0.4942346,1,0.7046243
IMG_0406.png,0.4811389,1,0.7209965,0.4627835,1,0.7459344,0.494021,1,0.7026167,0.510671,1,0.6668025,0.4536387,1,0.7534262,0.5054269,1,0.6458119,0.4810621,1,0.7136707
IMG_0407.png,0.4821052,1,0.72,0.4982207,1,0.7083095,0.5277533,1,0.6110826,0.5493265,1,0.5738799,0.4803363,1,0.7228978,0.5255101,1,0.5835611,0.644845,1,0.4913409
IMG_0409.png,0.4734614,1,0.7411267,0.4871327,1,0.691134,0.4880372,1,0.6939276,0.5183785,1,0.6646412,0.4987157,1,0.6842506,0.491126,1,0.7077885,0.5777548,1,0.8249355
IMG_0410.png,0.5722432,1,0.6083649,0.6702921,1,0.7510515,0.6105265,1,0.7102266,0.6630511,1,0.7540038,0.5819428,1,0.6950436,0.5658214,1,0.6625449,0.9993999,1,0.9987264
IMG_0411.png,0.4704726,1,0.7362207,0.474676,1,0.7457892,0.4791624,1,0.7318575,0.5190679,1,0.672669,0.4701327,1,0.751694,0.4779413,1,0.7335751,0.5136602,1,0.6803495
IMG_0414.png,0.4794434,1,0.7039848,0.5678336,1,0.5807625,0.5572079,1,0.5976106,0.5822543,1,0.5826734,0.552058,1,0.5980054,0.5698368,1,0.5742914,0.5976789,1,0.5476204
IMG_0416.png,0.4989649,1,0.6583852,0.5608979,1,0.54795,0.5496773,1,0.5761739,0.5542711,1,0.5509214,0.5644684,1,0.5411412,0.5638222,1,0.5320128,0.5493776,1,0.5760588
IMG_0417.png,0.4534824,1,0.7300457,0.6487935,1,0.6441441,0.5806042,1,0.579588,0.6126777,1,0.5862302,0.5985046,1,0.6147202,0.5703999,1,0.5503378,0.8894637,1,0.870641
IMG_0418.png,0.5352113,1,0.6338028,0.5759773,1,0.5886481,0.5528224,1,0.6064033,0.5504846,1,0.6162492,0.5751724,1,0.5849095,0.5988485,1,0.5647307,0.5412411,1,0.6789469
IMG_0420.png,0.4686869,1,0.7343435,0.5513459,1,0.6306398,0.5966193,1,0.6232841,0.5867291,1,0.6368529,0.5482033,1,0.6278363,0.6134604,1,0.6129015,0.5084555,1,0.6819164
IMG_0421.png,0.4715789,1,0.7263158,0.5068812,1,0.6697353,0.5105859,1,0.6674299,0.5011092,1,0.6835432,0.519489,1,0.6476569,0.518566,1,0.6360895,0.4863126,1,0.7048989
IMG_0423.png,0.473077,1,0.7250002,0.491438,1,0.7024485,0.5057484,1,0.6542718,0.49115,1,0.7242707,0.4893124,1,0.6989712,0.4985629,1,0.6570174,0.4716464,1,0.7371089
IMG_0425.png,0.4679665,1,0.7437325,0.484942,1,0.7169907,0.4916944,1,0.708241,0.5235175,1,0.675547,0.4723299,1,0.7290242,0.5116449,1,0.6602276,0.5252462,1,0.6630969
IMG_0428.png,0.4679665,1,0.7381616,0.5289518,1,0.6687892,0.5314998,1,0.6651625,0.5467418,1,0.6503021,0.5477103,1,0.6555756,0.56227,1,0.6320506,0.5880294,1,0.7468724
IMG_0430.png,0.5329949,1,0.6675126,0.8121245,1,0.503696,0.6672013,1,0.5903217,0.649962,1,0.5459691,0.5980933,1,0.6076308,0.6966842,1,0.5235292,0.9130683,1,0.3417341
IMG_0431.png,0.4583237,1,0.7577497,0.4752897,1,0.7512236,0.5128281,1,0.6976494,0.5305061,1,0.6631814,0.4735447,1,0.7529536,0.5010828,1,0.6689002,0.5355133,1,0.6984607
IMG_0432.png,0.4756691,1,0.718978,0.5143837,1,0.7462479,0.4917951,1,0.715528,0.5213187,1,0.6781605,0.4661267,1,0.7515944,0.5135263,1,0.6745423,1.286994,1,0.6145245
IMG_0439.png,0.4570446,1,0.7835051,0.5104362,1,0.6877503,0.4924067,1,0.6867752,0.5221882,1,0.66017,0.4754773,1,0.7524236,0.5310698,1,0.6556978,0.5142493,1,0.6625243
IMG_0441.png,0.4658385,1,0.7608695,0.4629447,1,0.7585565,0.4845156,1,0.7259011,0.5125371,1,0.6852274,0.4545094,1,0.7683917,0.502137,1,0.6947012,0.4933174,1,0.7137957
IMG_0442.png,0.4583333,1,0.7569446,0.6065513,1,0.781976,0.5490009,1,0.6863819,0.56409,1,0.6978638,0.5582665,1,0.7908143,0.5379484,1,0.6720103,0.9472044,1,0.9443909
IMG_0444.png,0.516814,1,0.6654865,0.6184056,1,0.5196019,0.6259372,1,0.5203638,0.6228961,1,0.5201931,0.618439,1,0.5177184,0.6207208,1,0.5155471,0.5953037,1,0.5730808
IMG_0445.png,0.440519,1,0.7916366,0.5596499,1,0.5692506,0.5740243,1,0.5608435,0.5446115,1,0.5968852,0.5451126,1,0.6084843,0.5535818,1,0.5890402,0.5973905,1,0.6381468
IMG_0446.png,0.4610336,1,0.7555373,0.5530709,1,0.60362,0.5569699,1,0.6003509,0.5574588,1,0.6131885,0.5556045,1,0.5988507,0.5818099,1,0.5579315,0.5571432,1,0.662538
IMG_0447.png,0.5081555,1,0.6737765,0.4986674,1,0.7061729,0.5565804,1,0.6603767,0.5787583,1,0.6018168,0.4861666,1,0.7134779,0.5297679,1,0.6476147,0.5154915,1,0.6778948
IMG_0448.png,0.4589553,1,0.7223881,0.7846008,1,0.8055967,0.5380555,1,0.5377413,0.5638248,1,0.6232562,0.4433497,1,0.4791325,0.5586826,1,0.5322815,0.9286955,1,0.8783207
IMG_0450.png,0.443539,1,0.7892897,0.4998571,1,0.7003149,0.4937322,1,0.7179218,0.5058517,1,0.6777233,0.4963476,1,0.6987299,0.474275,1,0.7159819,0.521471,1,0.6769963
IMG_0451.png,0.43937,1,0.7984252,0.4951273,1,0.7049121,0.4962562,1,0.7074382,0.4949981,1,0.7041087,0.4909488,1,0.7084634,0.46714,1,0.7218394,0.5111462,1,0.6767468
IMG_0456.png,0.3981482,1,0.8950617,0.4795669,1,0.7326928,0.4783936,1,0.7310963,0.5096487,1,0.6932779,0.4724502,1,0.7381019,0.4772685,1,0.7211873,0.5360901,1,0.6952453
IMG_0457.png,0.4673618,1,0.7484135,0.4546502,1,0.8186511,0.4806402,1,0.7309929,0.4929397,1,0.7149996,0.4034421,1,0.8685003,0.518962,1,0.6472226,0.5057094,1,0.7113958
IMG_0459.png,0.5074443,1,0.6749381,0.4942004,1,0.7111545,0.5152184,1,0.6693533,0.5500294,1,0.6403516,0.4832779,1,0.7254044,0.504604,1,0.6817363,0.5147477,1,0.6715899
IMG_0461.png,0.6245733,1,0.4880546,0.7778171,1,0.5989252,0.6156501,1,0.5181001,0.6582249,1,0.5075913,0.6135817,1,0.532796,0.6492063,1,0.484103,1.012053,1,0.8449781
IMG_0463.png,0.6871794,1,0.3897437,0.6788371,1,0.3553662,0.6783387,1,0.3455724,0.6510173,1,0.3663573,0.6884208,1,0.3304575,0.7212931,1,0.3135191,0.5480024,1,0.4785397
IMG_0465.png,0.5249999,1,0.6166667,0.5847671,1,0.5492495,0.5898016,1,0.5622278,0.5967184,1,0.5285342,0.5411364,1,0.6289773,0.5761222,1,0.5307975,0.4468662,1,0.4950733
IMG_0466.png,0.4911536,1,0.6475585,0.7143359,1,0.523754,0.5498911,1,0.5723494,0.5790779,1,0.54323,0.5534201,1,0.5703694,0.5585689,1,0.5199276,0.8459504,1,0.3560633
IMG_0467.png,0.4785713,1,0.6964285,0.5710405,1,0.5731976,0.5573727,1,0.5900633,0.5713619,1,0.5675421,0.5627038,1,0.5798899,0.558668,1,0.5768048,0.5709938,1,0.5787516
IMG_0468.png,0.520812,1,0.6598985,0.5163379,1,0.7161245,0.5313556,1,0.6813431,0.5562745,1,0.6246683,0.4671208,1,0.7929085,0.534345,1,0.659176,0.8390575,1,0.7776126
IMG_0469.png,0.4599019,1,0.7266774,0.7003319,1,0.6139786,0.6137938,1,0.5461358,0.6025384,1,0.5703553,0.7202762,1,0.4869923,0.5585172,1,0.5363419,0.9279796,1,0.9101714
IMG_0471.png,0.5287981,1,0.6477462,0.5417329,1,0.6167087,0.5075337,1,0.6346405,0.5104559,1,0.5995252,0.5671417,1,0.587871,0.4881909,1,0.6181416,0.549197,1,0.5749392
IMG_0472.png,0.5161024,1,0.6696943,0.5130404,1,0.6732376,0.5198681,1,0.6639053,0.5505453,1,0.6267787,0.5008644,1,0.6837922,0.5264528,1,0.6393956,0.5640163,1,0.6315565
IMG_0479.png,0.4725492,1,0.7303924,0.4784482,1,0.7505137,0.5159957,1,0.6832711,0.5410144,1,0.5951278,0.4764272,1,0.7469496,0.4512366,1,0.667143,0.5542385,1,0.630582
IMG_0481.png,0.5054944,1,0.676923,0.4850504,1,0.7355425,0.5355271,1,0.6353853,0.5791458,1,0.5784789,0.480961,1,0.7337582,0.4359613,1,0.7874996,0.5446674,1,0.6248213
IMG_0482.png,0.4124295,1,0.7853108,0.4438525,1,0.3980722,0.4487323,1,0.4054397,0.4322774,1,0.5220555,0.432978,1,0.3832408,0.4135412,1,0.3849577,0.4177789,1,0.79107
IMG_0483.png,0.4296232,1,0.8090083,0.9212207,1,0.9796346,0.8109258,1,0.9585032,0.7260965,1,0.864712,0.9743859,1,0.9934591,0.7199274,1,0.8418888,1.000534,1,0.9994171
IMG_0484.png,0.4062625,1,0.8735448,0.8251333,1,0.9044948,0.4819327,1,0.7442742,0.4782123,1,0.6745466,0.5173778,1,0.7602803,0.4335918,1,0.5671573,0.913874,1,0.9771887
IMG_0485.png,0.4516129,1,0.6752688,0.9705246,1,0.9852052,0.6714184,1,0.8346036,0.5841319,1,0.7713623,0.8788495,1,0.9313509,0.516375,1,0.6795288,1.002683,1,1.001904
IMG_0486.png,0.4489796,1,0.6775511,0.7545943,1,0.9382576,0.6072681,1,0.7999612,0.581874,1,0.7984704,0.6494336,1,0.8584614,0.5154657,1,0.6053517,1.002978,1,1.002287
IMG_0487.png,0.4555085,1,0.7457626,0.4610779,1,0.7497525,0.4566522,1,0.5898972,0.4819132,1,0.6508173,0.4620992,1,0.7193081,0.4382107,1,0.4446013,0.4969297,1,0.7487863
IMG_0488.png,0.5285963,1,0.641248,0.4257573,1,0.8407807,0.4810151,1,0.6825132,0.5491335,1,0.5935078,0.4223217,1,0.8415336,0.4023831,1,0.8016588,0.532049,1,0.6581599
IMG_0489.png,0.4428756,1,0.662388,0.8465094,1,0.9087771,0.6340885,1,0.7049366,0.7197742,1,0.8370339,0.6885443,1,0.7672096,0.5001871,1,0.6908494,0.9901235,1,1.001014
IMG_0490.png,0.440567,1,0.7459104,0.5415558,1,0.9858326,0.5200959,1,0.8091588,0.4946093,1,0.802769,0.4945681,1,0.9298894,0.4635467,1,0.6788791,0.9703928,1,1.000135
IMG_0492.png,0.4625955,1,0.7419845,0.493386,1,0.6894571,0.4932641,1,0.694201,0.5083394,1,0.6677643,0.48718,1,0.6915555,0.4651056,1,0.7113494,0.5258398,1,0.6587426
IMG_0494.png,0.5308878,1,0.6399612,0.4840119,1,0.7558307,0.5208981,1,0.6861034,0.5495591,1,0.6065633,0.4633495,1,0.7728153,0.4461038,1,0.6932557,0.5415704,1,0.6176465
IMG_0496.png,0.4546899,1,0.7456281,0.4799412,1,0.7205074,0.4947912,1,0.6903797,0.513008,1,0.666058,0.4723184,1,0.728121,0.474281,1,0.6980427,0.5214035,1,0.6727783
IMG_0497.png,0.4553038,1,0.7651967,0.5153602,1,0.6472545,0.5345195,1,0.6171504,0.5263009,1,0.6310208,0.5067947,1,0.655465,0.5287277,1,0.6217781,0.5136268,1,0.6527665
IMG_0498.png,0.4561736,1,0.7624884,0.4574854,1,0.7564504,0.4908519,1,0.7371054,0.5150275,1,0.6821357,0.443398,1,0.7725374,0.4974196,1,0.6639514,0.4840866,1,0.73546
IMG_0500.png,0.4577115,1,0.7569296,0.5061578,1,0.6652987,0.5952565,1,0.6353805,0.5133279,1,0.6762891,0.5845312,1,0.6502839,0.5663826,1,0.6245228,0.4871861,1,0.6402089
IMG_0501.png,0.457656,1,0.7544909,0.378672,1,0.9222917,0.4606078,1,0.8118976,0.4872082,1,0.7491762,0.3829892,1,0.9081596,0.4964924,1,0.6968131,0.4074242,1,0.8693686
IMG_0503.png,0.5018026,1,0.6914205,0.4737209,1,0.7805205,0.4814773,1,0.7622013,0.5170322,1,0.6994594,0.4727124,1,0.7869581,0.4863414,1,0.715601,0.5360066,1,0.7025014
IMG_0504.png,0.5252746,1,0.6608056,0.5247958,1,0.753268,0.5275611,1,0.7115192,0.5908496,1,0.6168812,0.5141158,1,0.8333754,0.5121163,1,0.6867058,0.6120694,1,0.5494709
IMG_0505.png,0.4798762,1,0.7151702,0.4959178,1,0.6775772,0.4976542,1,0.6790437,0.4972557,1,0.6810737,0.4984038,1,0.6711957,0.4943951,1,0.6776993,0.4871853,1,0.6927155
IMG_0507.png,0.4505929,1,0.7351779,0.5415757,1,0.6187705,0.5210238,1,0.6413921,0.5252699,1,0.6391222,0.5184732,1,0.6396288,0.4771841,1,0.6952087,0.5736491,1,0.5867689
IMG_0508.png,0.4601327,1,0.7491691,0.5352341,1,0.6359158,0.5340453,1,0.5936535,0.5161351,1,0.6398904,0.550624,1,0.6402435,0.5578923,1,0.5985985,0.4913466,1,0.6964195
IMG_0512.png,0.4445929,1,0.7917225,0.459899,1,0.760399,0.47207,1,0.7464083,0.4858993,1,0.7335242,0.4600692,1,0.7557436,0.4881704,1,0.7025816,0.5005486,1,0.7143534
IMG_0515.png,0.4444444,1,0.7456788,0.6800733,1,0.9775665,0.6071741,1,0.8669136,0.6224748,1,0.8786175,0.6106618,1,0.9481893,0.5621696,1,0.7051628,0.9948581,1,1.002606
IMG_0518.png,0.4496228,1,0.7798492,0.7501448,1,0.8944664,0.5670529,1,0.7050283,0.5737078,1,0.6830531,0.5549191,1,0.6969661,0.7305727,1,0.5827893,0.916377,1,1.000892
IMG_0519.png,0.4510022,1,0.768374,0.4562742,1,0.7716992,0.4561211,1,0.7699006,0.4848039,1,0.706523,0.4546502,1,0.7659562,0.4491509,1,0.725183,0.5139793,1,0.714198
IMG_0520.png,0.5014327,1,0.6848137,0.6580882,1,0.7628608,0.5217448,1,0.7028677,0.5379881,1,0.6527001,0.466977,1,0.7624229,0.4498954,1,0.7894659,1.079375,1,0.7850783
IMG_0521.png,0.4450601,1,0.7460756,0.5556518,1,0.8656697,0.4997849,1,0.7561047,0.5061404,1,0.7407718,0.5054738,1,0.7685701,0.4904406,1,0.6170109,0.873697,1,1.000029
IMG_0525.png,0.440846,1,0.7997357,0.4495125,1,0.7669373,0.459338,1,0.7694009,0.4930502,1,0.675286,0.4494072,1,0.7599374,0.5305359,1,0.6117169,0.4449115,1,0.7900652
IMG_0526.png,0.4643586,1,0.7433812,0.4922429,1,0.728746,0.4966977,1,0.727336,0.5147618,1,0.6930505,0.4779213,1,0.741723,0.4638643,1,0.7322783,0.5373311,1,0.6506306
IMG_0528.png,0.442623,1,0.7923498,0.4527307,1,0.7862624,0.4722537,1,0.7673936,0.5037052,1,0.7062927,0.4697413,1,0.7523775,0.423457,1,0.8122263,0.4897502,1,0.710639
IMG_0529.png,0.4280001,1,0.8140001,0.4559137,1,0.5314048,0.5443953,1,0.5560533,0.4441523,1,0.4798894,0.4576498,1,0.3985465,0.4409701,1,0.3749482,0.4646635,1,0.7673462
IMG_0530.png,0.4438456,1,0.7852651,0.4845591,1,0.7697457,0.5049235,1,0.7944427,0.4978064,1,0.7646099,0.5060809,1,0.7180324,0.4584169,1,0.8417232,0.4737796,1,0.7289613
IMG_0533.png,0.5255581,1,0.6472282,0.6137276,1,0.556176,0.6254017,1,0.5479047,0.5885995,1,0.5942361,0.6121425,1,0.5440411,0.5761653,1,0.5790487,0.6221248,1,0.6948865
IMG_0538.png,0.6331361,1,0.4575936,0.8385181,1,0.2895553,0.755992,1,0.3606483,0.7830187,1,0.3372453,0.8250522,1,0.2887159,0.6784319,1,0.4162422,0.850184,1,0.3028821
IMG_0539.png,0.6016597,1,0.5062241,0.8810716,1,0.3075981,0.7201279,1,0.449726,0.787518,1,0.37211,0.8160579,1,0.5289674,0.6233711,1,0.4671248,0.8877458,1,0.3132429
IMG_0542.png,0.7868421,1,0.3210527,0.8913547,1,0.2890445,0.9009947,1,0.2704737,0.8656274,1,0.271886,0.9004314,1,0.2981311,0.8631266,1,0.2618266,0.9863963,1,0.3698494
IMG_0546.png,0.4588746,1,0.6493506,0.423839,1,0.7154251,0.4201173,1,0.7193765,0.4742707,1,0.681129,0.422908,1,0.7170359,0.4706114,1,0.6698386,0.4094063,1,0.7327975
IMG_0549.png,0.7792205,1,0.3203462,0.9385989,1,0.3890226,0.8370585,1,0.3498273,0.8618379,1,0.3169456,0.9120796,1,0.3066669,0.7911712,1,0.3174718,0.9981733,1,0.6154709
IMG_0550.png,0.7873417,1,0.3164557,0.7565155,1,0.2249845,0.756603,1,0.2395863,0.7721479,1,0.2792606,0.7611576,1,0.2164804,0.7489723,1,0.240894,0.7683194,1,0.3286686
IMG_0552.png,0.6614172,1,0.440945,0.4665788,1,0.6523526,0.5057693,1,0.6293331,0.4605485,1,0.6649769,0.5077093,1,0.6156702,0.5375952,1,0.575743,0.459829,1,0.650416
IMG_0554.png,0.7515463,1,0.3587629,0.8778197,1,0.2742027,0.8105399,1,0.3370269,0.8280057,1,0.3092679,0.8233368,1,0.3177546,0.8556983,1,0.3055422,0.915932,1,0.318074
IMG_0556.png,0.791218,1,0.3148302,0.8102864,1,0.4576409,0.8260246,1,0.3727469,0.8336746,1,0.3288025,0.7363551,1,0.5309263,0.8251475,1,0.3309884,0.5638965,1,0.6715205
IMG_0559.png,0.5584701,1,0.5726776,0.5192616,1,0.6263307,0.577198,1,0.5021413,0.5948229,1,0.5296083,0.5229402,1,0.5540889,0.5918788,1,0.4732821,0.4116723,1,0.6993994
IMG_0564.png,0.4386282,1,0.7292419,0.5697612,1,0.7342752,0.6628572,1,0.5257687,0.552758,1,0.630648,0.6582363,1,0.5714841,0.6384961,1,0.5056048,0.4109815,1,0.9973735
IMG_0565.png,0.7099698,1,0.3141993,0.8641221,1,0.2433422,0.8645307,1,0.2244793,0.8541843,1,0.2383223,0.8654842,1,0.2511299,0.8610213,1,0.1890651,0.8271908,1,0.2855084
IMG_0566.png,0.7083332,1,0.3645833,0.951413,1,0.5509979,0.905856,1,0.4156413,0.8927627,1,0.3672627,0.9562787,1,0.5391466,0.7817204,1,0.3299409,1.00047,1,0.9290485
IMG_0567.png,0.8121693,1,0.3068783,0.8192174,1,0.7586389,0.9073594,1,0.2980004,0.7861451,1,0.4005812,0.9717591,1,0.4234588,0.9993442,1,0.1829895,0.8488138,1,0.8522877
IMG_0570.png,0.5703422,1,0.5019011,0.8540893,1,0.7422393,0.7099379,1,0.553025,0.7128231,1,0.6349398,0.7425759,1,0.6042506,0.645007,1,0.4935209,0.9918959,1,0.9949246
IMG_0575.png,0.5740403,1,0.499086,0.5715229,1,0.5009061,0.8512518,1,0.4840778,0.7987166,1,0.465772,0.5887256,1,0.4769424,1.02047,1,0.4217115,0.5376528,1,0.4936172
IMG_0576.png,0.7325,1,0.4075,0.7320554,1,0.4246994,0.7415965,1,0.4476404,0.9008208,1,0.3749524,0.709982,1,0.4320388,0.7975994,1,0.3933447,0.8119597,1,0.348193
IMG_0577.png,0.7913386,1,0.3070866,0.8126107,1,0.4121508,0.8289087,1,0.2986267,0.8169756,1,0.323203,0.8085286,1,0.308958,0.8582426,1,0.2814312,0.5331815,1,0.7063862
IMG_0578.png,0.7974684,1,0.2911393,0.6989476,1,0.8482622,0.6761446,1,0.5264628,0.7236572,1,0.6486555,0.6286104,1,0.7251715,0.6917384,1,0.4113238,0.9043285,1,0.9999313
IMG_0581.png,0.7610619,1,0.3522122,0.6565511,1,0.5005603,0.6753226,1,0.4672416,0.6808964,1,0.4603394,0.6748315,1,0.5301993,0.6651465,1,0.4355085,0.7833599,1,0.3457031
IMG_0583.png,0.4492754,1,0.6702899,0.4780503,1,0.6302915,0.4702728,1,0.6320851,0.4785673,1,0.6224814,0.4669042,1,0.6358904,0.4746538,1,0.6107967,0.6154885,1,0.5320787
IMG_0584.png,0.4382286,1,0.6713289,0.6001944,1,0.5923778,0.5326683,1,0.625044,0.5188356,1,0.6152419,0.4532327,1,0.6760735,0.5137109,1,0.6289452,0.7867259,1,0.5475922
IMG_0586.png,0.7946428,1,0.3080357,0.8561387,1,0.2547269,0.9175309,1,0.2655749,0.8445297,1,0.2824424,1.011985,1,0.2401274,0.9019835,1,0.2293313,0.8434538,1,0.2481942
IMG_0587.png,0.802974,1,0.3048327,0.816074,1,0.3601712,0.9288918,1,0.303786,0.8721576,1,0.3208273,0.8062697,1,0.3780912,0.8191486,1,0.3088628,0.9399053,1,0.4683695
IMG_0589.png,0.791045,1,0.3093623,0.8017938,1,0.3008522,0.8189981,1,0.3071987,0.8230812,1,0.3007576,0.7856056,1,0.3036242,0.7944704,1,0.2976603,0.7603386,1,0.3471172
IMG_0592.png,0.7793849,1,0.3345388,0.5805124,1,0.6596538,0.7693384,1,0.4005476,0.6921957,1,0.4575586,0.6494315,1,0.5372209,0.7377053,1,0.3971816,0.4189179,1,0.700103
IMG_0596.png,0.7817592,1,0.320847,0.8025261,1,0.3795744,0.7839846,1,0.3737922,0.7813872,1,0.3666936,0.7421355,1,0.4058982,0.7886344,1,0.3280885,0.8295801,1,0.3025692
IMG_0597.png,0.521148,1,0.5845921,0.5085802,1,0.5507305,0.5065674,1,0.4948445,0.527814,1,0.6208894,0.5023403,1,0.4652684,0.4979684,1,0.5251976,0.5293147,1,0.7611674
IMG_0601.png,0.7774087,1,0.3056479,0.7737972,1,0.3117739,0.8026162,1,0.299595,0.8268562,1,0.2887462,0.77026,1,0.3112314,0.8218894,1,0.2840932,0.7796413,1,0.3180235
IMG_0603.png,0.7150396,1,0.3667546,0.7382007,1,0.3554531,0.7300833,1,0.359967,0.7531917,1,0.3519594,0.7412599,1,0.3456818,0.7626556,1,0.3271376,0.8207928,1,0.3233992
IMG_0604.png,0.7166212,1,0.3651226,0.7307001,1,0.3649113,0.7377804,1,0.3575666,0.7441601,1,0.3497719,0.7089337,1,0.3748516,0.7357429,1,0.3488364,0.7874226,1,0.3757248
IMG_0605.png,0.4451532,1,0.6798474,0.4570089,1,0.6199931,0.4355637,1,0.6519855,0.4470528,1,0.638117,0.4467148,1,0.6710001,0.4690963,1,0.5967597,0.4568498,1,0.5986438
IMG_0607.png,0.7538461,1,0.3384616,0.7223238,1,0.3827129,0.6819984,1,0.3773032,0.7445066,1,0.3717979,0.7176722,1,0.3912205,0.7364204,1,0.369131,0.7574497,1,0.3442369
IMG_0609.png,0.4834558,1,0.6158088,0.5204717,1,0.619578,0.5139057,1,0.604231,0.5051347,1,0.5946707,0.5077149,1,0.6031032,0.5184383,1,0.5664348,0.6209509,1,0.737317
IMG_0613.png,0.736842,1,0.3721804,0.8543579,1,0.2541949,0.8255308,1,0.2594055,0.7327832,1,0.3471045,0.8574215,1,0.2465453,0.8736066,1,0.2326164,0.7686304,1,0.3623546
IMG_0614.png,0.73057,1,0.3782384,0.7413681,1,0.3844087,0.71219,1,0.4010936,0.7062418,1,0.4039698,0.7332569,1,0.3846147,0.781365,1,0.3227402,0.5182121,1,0.4408788
IMG_0615.png,0.6041008,1,0.5126181,0.5532815,1,0.5871988,0.6259799,1,0.5056637,0.7046054,1,0.4977284,0.577648,1,0.5332475,0.7111279,1,0.4574513,0.4690464,1,0.6667661
IMG_0616.png,0.7228918,1,0.3915663,0.8419104,1,0.5849784,0.7758304,1,0.4621775,0.7796632,1,0.5034571,0.8365675,1,0.4912341,0.7854315,1,0.3651796,0.9948722,1,0.8449091
IMG_0617.png,0.7733757,1,0.344955,0.8820757,1,0.3836875,0.9590077,1,0.2372618,0.9029122,1,0.2540796,0.9407409,1,0.219963,1.263625,1,0.2625576,0.8668884,1,0.4460738
IMG_0618.png,0.7814032,1,0.3115824,0.9597584,1,0.5058605,0.9224419,1,0.3390701,0.8862902,1,0.3650331,0.929696,1,0.3847486,0.9220128,1,0.2714326,0.9858546,1,0.7095583
IMG_0621.png,0.7857144,1,0.3059005,0.9299727,1,0.5585009,0.8154774,1,0.3999951,0.8261913,1,0.4473137,0.8481758,1,0.4098088,0.7520368,1,0.3171477,1.004503,1,0.8300408
IMG_0623.png,0.7800687,1,0.3024056,0.780037,1,0.3232877,0.7844789,1,0.300721,0.7719692,1,0.3293017,0.7929129,1,0.2898762,0.7515486,1,0.300347,0.7862055,1,0.550411
IMG_0624.png,0.6382253,1,0.4266212,0.8512731,1,0.3837687,0.8083698,1,0.3220503,0.8298507,1,0.3235127,0.800883,1,0.3923487,0.7081484,1,0.3769167,0.9857782,1,0.5914192
IMG_0632.png,0.8333334,1,0.3070175,0.8921527,1,0.2954012,0.9171997,1,0.2883152,0.9394373,1,0.2821124,0.8879266,1,0.2975135,0.9372998,1,0.2631825,0.8338843,1,0.3050241
IMG_0633.png,0.6871164,1,0.4171778,0.6326045,1,0.6015046,0.6818601,1,0.492428,0.6799353,1,0.5323871,0.6031772,1,0.5255909,0.6076334,1,0.5235893,0.5887186,1,0.7453799
IMG_0637.png,0.5584416,1,0.5064935,0.5901025,1,0.457352,0.5859132,1,0.4735428,0.5805789,1,0.4850873,0.5869666,1,0.4618796,0.5740035,1,0.4697743,0.5896894,1,0.4573525
IMG_0661.png,0.4988292,1,0.6182672,0.5105528,1,0.6059358,0.5104908,1,0.6012425,0.5376698,1,0.5890161,0.4958566,1,0.6235674,0.5486069,1,0.5476669,0.4706324,1,0.654985
IMG_0666.png,0.5817308,1,0.5192308,0.8307777,1,0.3349844,0.6419273,1,0.4746747,0.7004888,1,0.4249187,0.7817252,1,0.4312261,0.6037006,1,0.4908103,0.8349486,1,0.285445
IMG_0671.png,0.4798903,1,0.6480805,0.5195704,1,0.6098589,0.56802,1,0.5866192,0.564404,1,0.5805544,0.5592571,1,0.5677135,0.5776967,1,0.5203658,0.4491946,1,0.622104
IMG_0676.png,0.4600763,1,0.756654,0.4931638,1,0.7710809,0.5249866,1,0.7372768,0.4786137,1,0.7745784,0.5074283,1,0.7062949,0.5216765,1,0.7145748,0.4354395,1,0.8997236
IMG_0677.png,0.4616457,1,0.7622035,0.4378507,1,0.738454,0.4653045,1,0.7432961,0.4667518,1,0.7402111,0.4463263,1,0.7630059,0.4915094,1,0.7015707,0.4245436,1,0.7996169
IMG_0678.png,0.4592251,1,0.7582419,0.4573893,1,0.8035311,0.4672333,1,0.781522,0.4683095,1,0.7612349,0.4507279,1,0.8505842,0.4855797,1,0.7281404,0.4354289,1,0.8013898
IMG_0681.png,0.4812925,1,0.6173469,0.4936534,1,0.6296338,0.4891287,1,0.63669,0.5304558,1,0.6291967,0.4889301,1,0.6284827,0.5440196,1,0.5968143,0.4556317,1,0.6487046
IMG_0682.png,0.4935345,1,0.6971983,0.5188687,1,0.7363912,0.4902101,1,0.714506,0.5144741,1,0.6825654,0.4655021,1,0.7470019,0.4788054,1,0.704667,0.6868593,1,0.906389
IMG_0683.png,0.4663574,1,0.7610209,0.4698079,1,0.742389,0.4963837,1,0.7310869,0.5100885,1,0.686924,0.4488256,1,0.7577954,0.4762837,1,0.6922978,0.4829899,1,0.712302
IMG_0684.png,0.4628098,1,0.7520659,0.463229,1,0.7438247,0.4713263,1,0.7167753,0.4788679,1,0.7248285,0.456053,1,0.7643839,0.4828473,1,0.6490056,0.445951,1,0.7718638
IMG_0686.png,0.4792409,1,0.6405694,0.4852626,1,0.6330203,0.5068066,1,0.613948,0.5072107,1,0.6194954,0.492305,1,0.6228924,0.4872149,1,0.6457297,0.4739849,1,0.6562541
IMG_0687.png,0.5060975,1,0.5945122,0.4769609,1,0.6451712,0.4881492,1,0.6379263,0.5129505,1,0.6204887,0.4776626,1,0.6385169,0.5052928,1,0.6221023,0.4243643,1,0.6980666
IMG_0743.png,0.4518246,1,0.7686131,0.4699184,1,0.7175422,0.4702356,1,0.6032026,0.4685152,1,0.6277053,0.4706901,1,0.5925111,0.4590928,1,0.484872,0.4467193,1,0.7900076
IMG_0754.png,0.4494624,1,0.7817202,0.5337417,1,0.6408187,0.5284926,1,0.6312461,0.5053366,1,0.6523738,0.5351285,1,0.6406761,0.5859185,1,0.59947,0.4920297,1,0.6931594
IMG_0757.png,0.4538087,1,0.7763372,0.4471547,1,0.7814867,0.5039129,1,0.7060648,0.5429643,1,0.673268,0.4565926,1,0.7613426,0.5314179,1,0.6500927,0.445581,1,0.7835181
IMG_0758.png,0.4582103,1,0.7728613,0.4772846,1,0.8381103,0.5010254,1,0.8642163,0.4964113,1,0.8285024,0.4783352,1,0.8390263,0.4762053,1,0.8078736,0.540669,1,0.9446751
IMG_0760.png,0.4530245,1,0.7857143,0.449873,1,0.7899487,0.4810736,1,0.7273547,0.487431,1,0.7138165,0.4497614,1,0.7859686,0.4857394,1,0.697665,0.4507317,1,0.8002234
IMG_0761.png,0.4541485,1,0.779476,0.4969886,1,0.6864924,0.4958767,1,0.7081267,0.4859205,1,0.7207699,0.501439,1,0.6763818,0.498604,1,0.6762978,0.492805,1,0.6846043
IMG_0762.png,0.4589372,1,0.763285,0.446424,1,0.7841834,0.4556772,1,0.7788635,0.4751699,1,0.7421846,0.4457964,1,0.7846342,0.4639239,1,0.7507131,0.4475686,1,0.7891859
IMG_0763.png,0.4528044,1,0.7756496,0.5435152,1,0.608396,0.545213,1,0.611172,0.5279324,1,0.6442334,0.5414306,1,0.6077576,0.5334793,1,0.6170747,0.6110162,1,0.4776216
IMG_0766.png,0.4494383,1,0.7814096,0.5265156,1,0.6298246,0.5400935,1,0.6319911,0.5252727,1,0.630949,0.5292678,1,0.6230235,0.5317679,1,0.6024456,0.4704175,1,0.7550032
IMG_0767.png,0.4527187,1,0.780733,0.5112665,1,0.6277834,0.5279047,1,0.5789198,0.502351,1,0.5948898,0.5480228,1,0.5764144,0.5077603,1,0.5063217,0.4924974,1,0.7112153
IMG_0770.png,0.4493243,1,0.7837838,0.4464562,1,0.79005,0.453095,1,0.7716401,0.4803584,1,0.7394743,0.446,1,0.7899207,0.4547135,1,0.7709343,0.4531985,1,0.7858039
IMG_0772.png,0.4485727,1,0.7884003,0.5376062,1,0.6798666,0.5053508,1,0.6940576,0.5023215,1,0.6913856,0.4914102,1,0.6965893,0.4331867,1,0.6438947,0.7940999,1,0.427245
IMG_0773.png,0.454764,1,0.7766214,0.5847301,1,0.5888905,0.5696878,1,0.5660471,0.5593702,1,0.6147286,0.6004693,1,0.6080769,0.5961478,1,0.5459364,0.4794782,1,0.7549079
IMG_0775.png,0.4547647,1,0.7683957,0.5420756,1,0.62822,0.5576786,1,0.6024828,0.5490377,1,0.6199386,0.520723,1,0.6518249,0.5444502,1,0.6173475,0.4869991,1,0.7609685
IMG_0776.png,0.4630434,1,0.7673912,0.4450531,1,0.8014416,0.4553518,1,0.774618,0.489946,1,0.7251891,0.4449018,1,0.8017206,0.4695753,1,0.7607566,0.4425933,1,0.7999739
IMG_0777.png,0.5238097,1,0.6666667,0.5293542,1,0.6088714,0.5273234,1,0.6166439,0.5649604,1,0.5441406,0.5276536,1,0.611968,0.5432318,1,0.5879853,0.5877449,1,0.5325793
IMG_0778.png,0.4509554,1,0.7821653,0.4461822,1,0.8039536,0.4502216,1,0.7964161,0.4677573,1,0.7637579,0.4476286,1,0.8029513,0.4765392,1,0.7263302,0.4441471,1,0.8046295
IMG_0782.png,0.4525044,1,0.7849741,0.445031,1,0.7850246,0.45303,1,0.7500673,0.4965336,1,0.6871672,0.4454613,1,0.7842538,0.4649311,1,0.6988476,0.4470413,1,0.7737172
IMG_0783.png,0.4477848,1,0.7879744,0.5003583,1,0.6956445,0.5118797,1,0.6928111,0.5174116,1,0.7078473,0.5002745,1,0.7002859,0.502614,1,0.6919702,0.4519404,1,0.8309493
IMG_0784.png,0.4531178,1,0.786605,0.4945465,1,0.8754613,0.492772,1,0.8431255,0.4863661,1,0.8089391,0.4625002,1,0.8399935,0.4705859,1,0.7504117,0.6833211,1,0.9966354
IMG_0786.png,0.4481053,1,0.784184,0.4465636,1,0.8017621,0.4525881,1,0.7912709,0.4571995,1,0.7709963,0.4473968,1,0.8017481,0.4499827,1,0.7862667,0.4530236,1,0.7943068
IMG_0787.png,0.4456183,1,0.793039,0.4563014,1,0.5632912,0.4951604,1,0.4201011,0.5084146,1,0.49268,0.4343021,1,0.3287023,0.4347732,1,0.3182849,0.4858552,1,0.7367821
IMG_0789.png,0.4538461,1,0.7320513,0.6066698,1,0.7088443,0.4809642,1,0.7047969,0.4985735,1,0.6868296,0.4752612,1,0.6828669,0.4961742,1,0.6331754,0.9315353,1,0.7147447
IMG_0792.png,0.4513275,1,0.7787611,0.4835902,1,0.7277475,0.4821522,1,0.7222469,0.4801277,1,0.7155891,0.4700508,1,0.7433442,0.4953723,1,0.6929343,0.6021298,1,0.4809627
IMG_0793.png,0.4579439,1,0.7819315,0.4416001,1,0.7922908,0.4595391,1,0.7700152,0.4827415,1,0.737225,0.4419451,1,0.7901901,0.4846681,1,0.7200539,0.4450676,1,0.8016205
IMG_0794.png,0.4550335,1,0.7677849,0.4430418,1,0.7941363,0.4680404,1,0.7394418,0.486822,1,0.7080501,0.446637,1,0.785957,0.4772328,1,0.7006368,0.4442345,1,0.7976541
IMG_0796.png,0.4569932,1,0.7666416,0.9745998,1,0.7187621,0.6858552,1,0.6087692,0.6503731,1,0.6272973,0.9011572,1,0.5748771,0.583962,1,0.5709437,0.9978674,1,0.976401
IMG_0797.png,0.4626717,1,0.7554025,0.5162145,1,0.6762965,0.5497953,1,0.6282274,0.5208571,1,0.6621882,0.5092502,1,0.6564408,0.5442288,1,0.6087412,0.4567067,1,0.8298485
IMG_0798.png,0.595,1,0.5075,0.6143314,1,0.550256,0.6030649,1,0.5233995,0.6098909,1,0.5394093,0.6244833,1,0.5551946,0.6101053,1,0.5648117,0.6017824,1,0.5447579
IMG_0800.png,0.4605809,1,0.780083,0.4387737,1,0.8101813,0.4580438,1,0.7648773,0.4828837,1,0.734023,0.440068,1,0.8059376,0.4790916,1,0.719817,0.4411265,1,0.8055293
IMG_0801.png,0.446224,1,0.7871851,0.4406003,1,0.7927095,0.4463973,1,0.7867063,0.4739713,1,0.7263366,0.4399141,1,0.7919911,0.4555897,1,0.7571124,0.4426281,1,0.7925525
IMG_0803.png,0.4437983,1,0.7403099,0.5323569,1,0.8905032,0.4674049,1,0.6733647,0.4806231,1,0.813967,0.4767688,1,0.8187758,0.467836,1,0.5981327,0.7188274,1,1.00194
IMG_0804.png,0.4418606,1,0.7866531,0.4887889,1,0.7999948,0.5550251,1,0.5863254,0.5555788,1,0.6574948,0.5245302,1,0.5912378,0.5093071,1,0.5014815,0.453535,1,0.8571078
IMG_0806.png,0.4442529,1,0.7959771,0.439447,1,0.8022796,0.4609366,1,0.7656819,0.4610881,1,0.7405233,0.4436333,1,0.784752,0.4839709,1,0.6412855,0.4477354,1,0.785599
IMG_0808.png,0.4482759,1,0.7643677,0.4300528,1,0.8299346,0.4452673,1,0.8147389,0.4502871,1,0.7760934,0.4295797,1,0.8309119,0.4383724,1,0.7827436,0.4398279,1,0.8215295
IMG_0809.png,0.4377267,1,0.7629986,0.5330956,1,0.6603599,0.53456,1,0.6644238,0.5294996,1,0.6362187,0.5339186,1,0.6671244,0.5239497,1,0.6315021,0.5400402,1,0.6391459
IMG_0810.png,0.4444443,1,0.7843138,0.4390516,1,0.8045628,0.4421821,1,0.7771061,0.4643908,1,0.7643895,0.4391263,1,0.8033809,0.4384524,1,0.7795822,0.4432022,1,0.801035
IMG_0812.png,0.4440434,1,0.7924189,0.4356402,1,0.8275875,0.4485309,1,0.8004969,0.4701864,1,0.7193913,0.4353889,1,0.8269058,0.4526229,1,0.75823,0.4375675,1,0.8306005
IMG_0813.png,0.4444444,1,0.7960423,0.4398126,1,0.8087959,0.4463438,1,0.8068892,0.4519762,1,0.7921912,0.4403746,1,0.807529,0.4444471,1,0.78525,0.4420369,1,0.8035196
IMG_0814.png,0.4406779,1,0.7966102,0.4566744,1,0.7542764,0.4822383,1,0.7409318,0.4935138,1,0.6776501,0.4570342,1,0.7631691,0.4907279,1,0.6433332,0.4576433,1,0.7246566
IMG_0817.png,0.4396324,1,0.8031496,0.4361154,1,0.8088892,0.4448006,1,0.7891408,0.4632741,1,0.742842,0.4360884,1,0.807518,0.4485498,1,0.7642383,0.4402316,1,0.8056855
IMG_0818.png,0.4441417,1,0.8038147,0.436823,1,0.8060539,0.454946,1,0.7821116,0.4647636,1,0.7643678,0.4366854,1,0.8050703,0.4589237,1,0.7542151,0.4435979,1,0.7911317
IMG_0823.png,0.4382129,1,0.7861218,0.4485771,1,0.7969844,0.5094526,1,0.7513989,0.4871808,1,0.7122547,0.5181109,1,0.6797267,0.4827976,1,0.5986958,0.4390909,1,0.8103088
IMG_0825.png,0.4363057,1,0.8025476,0.4318423,1,0.8184943,0.4351346,1,0.7354695,0.4544806,1,0.7368194,0.433499,1,0.8112995,0.4361116,1,0.589849,0.4347944,1,0.8186139
IMG_0826.png,0.4385082,1,0.8014113,0.4356682,1,0.8117673,0.4385884,1,0.775966,0.4492306,1,0.7626234,0.4358428,1,0.8124575,0.4340412,1,0.6991546,0.4362911,1,0.8074404
IMG_0829.png,0.4374078,1,0.8033872,0.436363,1,0.8150958,0.4588364,1,0.8119914,0.4557648,1,0.7873423,0.4364124,1,0.8115268,0.4561391,1,0.6735195,0.4409542,1,0.8160866
IMG_0831.png,0.439141,1,0.7852031,0.4352687,1,0.8126199,0.4465665,1,0.7971235,0.4681818,1,0.7370614,0.4351328,1,0.8119789,0.44788,1,0.7671534,0.4376935,1,0.8203777
IMG_0832.png,0.4397495,1,0.8028164,0.43333,1,0.8112524,0.4468634,1,0.813712,0.4405946,1,0.7726518,0.432989,1,0.8097103,0.4477374,1,0.7705346,0.4333583,1,0.8153158
IMG_0838.png,0.7603386,1,0.3073308,0.9999507,1,0.9584258,0.8721524,1,0.4963507,0.9347964,1,0.5492326,0.8964622,1,0.730067,0.6903173,1,0.4115707,0.9980573,1,0.9901661
IMG_0840.png,0.756821,1,0.3190985,0.8881898,1,0.8211625,0.7289316,1,0.3707691,0.753704,1,0.375588,0.7242525,1,0.3571012,0.7136492,1,0.3508163,0.9917775,1,0.8890084
IMG_0842.png,0.452381,1,0.7751322,0.4348193,1,0.8222107,0.4486596,1,0.8038191,0.4520613,1,0.778906,0.4349657,1,0.822235,0.4597734,1,0.7690893,0.4366823,1,0.8178636
IMG_0843.png,0.4352158,1,0.8156141,0.496829,1,0.8240202,0.4387117,1,0.8102395,0.4734688,1,0.7810719,0.4274513,1,0.8247727,0.4573778,1,0.7514897,0.9430098,1,0.9510907
IMG_0844.png,0.4506518,1,0.7504656,0.5231568,1,0.7820242,0.5247855,1,0.6579916,0.517748,1,0.6901323,0.4712489,1,0.7428558,0.5158855,1,0.6124905,0.5664604,1,0.8530591
IMG_0845.png,0.4325397,1,0.8134921,0.4994943,1,0.8278863,0.4388825,1,0.8135913,0.4850066,1,0.7718016,0.4313525,1,0.8304129,0.4387501,1,0.8080811,2.344017,1,0.5683301
IMG_0846.png,0.4423592,1,0.7989277,0.6400313,1,0.5642685,0.4985081,1,0.7018866,0.5017186,1,0.7068521,0.5076454,1,0.6935898,0.4890332,1,0.6965035,0.6574631,1,0.5205155
IMG_0849.png,0.6499999,1,0.35,0.6165539,1,0.3718804,0.6120547,1,0.3815849,0.6099131,1,0.3930991,0.6151649,1,0.3685957,0.6314882,1,0.3582399,0.5846678,1,0.4074731
IMG_0853.png,0.9074074,1,0.2469136,0.6230798,1,0.4552294,0.7276558,1,0.3806747,0.742899,1,0.3724703,0.7018826,1,0.4186332,0.9062728,1,0.2517544,0.6198375,1,0.4484842
IMG_0858.png,0.6182795,1,0.4408602,0.6340425,1,0.4615679,0.6816793,1,0.3996684,0.6585399,1,0.4318896,0.6446429,1,0.4201904,0.7208299,1,0.3482751,0.5722437,1,0.5325315
IMG_0859.png,0.4796573,1,0.6959313,0.9136469,1,0.8487631,0.7779395,1,0.7580724,0.7380204,1,0.7192667,0.840759,1,0.7515051,0.6633495,1,0.6490252,0.9973961,1,0.996289
IMG_0861.png,0.8112245,1,0.3737246,0.8327614,1,0.4480163,0.6624228,1,0.3713926,0.7893034,1,0.3954833,0.7838554,1,0.3652611,0.6264309,1,0.3324223,0.8815159,1,0.3851489
IMG_0864.png,0.7880393,1,0.3890992,0.8508084,1,0.3955419,0.8795629,1,0.3865068,0.9328965,1,0.3923364,0.8536427,1,0.3809791,0.9752619,1,0.3535525,0.9105806,1,0.4539893
IMG_0865.png,0.5030396,1,0.6063831,0.5172382,1,0.6089145,0.5181217,1,0.5763152,0.5406358,1,0.590173,0.5263807,1,0.5737425,0.5848849,1,0.5421284,0.4606255,1,0.9500467
IMG_0872.png,0.4893616,1,0.5744681,0.4244471,1,0.6808663,0.4318235,1,0.6416213,0.4416664,1,0.6574167,0.4122721,1,0.635474,0.4437279,1,0.5912126,0.4356024,1,0.6816125
IMG_0873.png,0.4205608,1,0.7102804,0.4108023,1,0.7185218,0.4123216,1,0.712945,0.4240712,1,0.7088256,0.4105507,1,0.7184726,0.421223,1,0.7045445,0.4034434,1,0.7280862
IMG_0875.png,0.4420849,1,0.6785716,0.5864257,1,0.6077593,0.6943173,1,0.6134884,0.5393777,1,0.6377785,0.6982355,1,0.5511608,0.9208164,1,0.56897,0.4720235,1,0.6307944
IMG_0876.png,0.5728158,1,0.5048544,0.4738376,1,0.8057644,0.4903541,1,0.7625675,0.488529,1,0.7159742,0.4739822,1,0.7956801,0.5136788,1,0.677757,0.5448115,1,0.9326268
IMG_0877.png,0.5714285,1,0.5170069,0.6803108,1,0.9119983,0.6065412,1,0.7617982,0.5989171,1,0.7562372,0.6095884,1,0.9077533,0.6090788,1,0.6298506,0.9703744,1,0.9939574
IMG_0878.png,0.4977272,1,0.6249998,0.4860245,1,0.6275876,0.5163646,1,0.6164963,0.5152903,1,0.6233423,0.491165,1,0.6041819,0.5629638,1,0.5757864,0.4108786,1,0.7090438
IMG_0881.png,0.438178,1,0.6832974,0.4531748,1,0.7452283,0.4486318,1,0.7250049,0.4742363,1,0.6755273,0.3902844,1,0.7795906,0.6003052,1,0.6768243,0.4446158,1,0.6758812
IMG_0882.png,0.4803257,1,0.632293,0.49189,1,0.6303611,0.4943203,1,0.641531,0.5236173,1,0.626266,0.4940511,1,0.623554,0.5143149,1,0.6198319,0.4350312,1,0.6934031
IMG_0883.png,0.4825931,1,0.6302521,0.5082546,1,0.6100385,0.4850337,1,0.6374607,0.5433338,1,0.625135,0.5066569,1,0.6059664,0.5290749,1,0.6007994,1.052952,1,0.6547756
IMG_0887.png,0.7259887,1,0.3474577,0.7132814,1,0.3667693,0.6928924,1,0.37936,0.7385546,1,0.4000591,0.7127375,1,0.3575959,0.6751158,1,0.4009798,0.7601317,1,0.3102411
IMG_0888.png,0.712766,1,0.3865249,0.8409268,1,0.514389,0.7356808,1,0.3832605,0.7798862,1,0.378413,0.7761355,1,0.3413072,0.7318617,1,0.3772319,0.9372381,1,0.7040485
IMG_0890.png,0.7569167,1,0.3656126,0.8216064,1,0.28753,0.7397948,1,0.3846958,0.8344046,1,0.3242031,0.7928835,1,0.3518703,0.7343946,1,0.3783035,0.808609,1,0.304936
IMG_0891.png,0.4484946,1,0.6576866,0.7361468,1,0.4356273,0.6593963,1,0.4999803,0.6174303,1,0.5414051,0.7278156,1,0.3683269,0.6411824,1,0.4994105,0.7885898,1,0.4238836
IMG_0893.png,0.7799999,1,0.2933333,0.7996257,1,0.2969395,0.8343901,1,0.2865277,0.8676123,1,0.2847584,0.7995095,1,0.2951237,0.8167409,1,0.2945437,0.8182385,1,0.2983172
IMG_0894.png,0.8085756,1,0.3047473,0.8842625,1,0.2779901,0.8824955,1,0.2831194,0.8544791,1,0.2971666,0.8309299,1,0.2891067,0.7965203,1,0.2814196,0.8986638,1,0.2981051
IMG_0900.png,0.7888283,1,0.3283379,0.7374778,1,0.2998551,0.6770331,1,0.3015033,0.8080699,1,0.3215779,0.4925007,1,0.2859159,0.6544681,1,0.2946369,0.8342464,1,0.3247489
IMG_0901.png,0.7647057,1,0.3398692,0.8055282,1,0.3342882,0.657549,1,0.4320477,0.701909,1,0.3900305,0.7171482,1,0.4673147,0.6558534,1,0.3529936,0.8259088,1,0.242476
IMG_0902.png,0.7458563,1,0.3701657,0.7321679,1,0.4070927,0.6793245,1,0.4424346,0.7921574,1,0.3745523,0.7458855,1,0.3935079,0.7144528,1,0.4103177,0.8001002,1,0.3434946
