File,GT_R,GT_G,GT_B
CubePlus_0001.tiff,0.16238344,0.45326359,0.38435297
CubePlus_0002.tiff,0.20272769,0.46948682,0.32778548
CubePlus_0003.tiff,0.2039801,0.47142337,0.32459653
CubePlus_0004.tiff,0.20114259,0.46845989,0.33039752
CubePlus_0005.tiff,0.47753165,0.44208861,0.08037975
CubePlus_0006.tiff,0.20460456,0.47116414,0.3242313
CubePlus_0007.tiff,0.21394047,0.4718901,0.31416942
CubePlus_0008.tiff,0.19887955,0.46498599,0.33613445
CubePlus_0009.tiff,0.21114917,0.47212706,0.31672376
CubePlus_0010.tiff,0.38584882,0.46118605,0.15296513
CubePlus_0011.tiff,0.19870816,0.46846741,0.33282443
CubePlus_0012.tiff,0.20660377,0.47248428,0.32091195
CubePlus_0013.tiff,0.20224374,0.46995543,0.32780083
CubePlus_0014.tiff,0.20601972,0.47543012,0.31855016
CubePlus_0015.tiff,0.28492063,0.49920635,0.21587302
CubePlus_0016.tiff,0.20115207,0.47004608,0.32880184
CubePlus_0017.tiff,0.21012531,0.47328321,0.31659148
CubePlus_0018.tiff,0.208744,0.47215904,0.31909696
CubePlus_0019.tiff,0.20108696,0.4698499,0.32906315
CubePlus_0020.tiff,0.47300089,0.43983476,0.08716436
CubePlus_0021.tiff,0.20222377,0.46838082,0.32939541
CubePlus_0022.tiff,0.20224504,0.47337619,0.32437878
CubePlus_0023.tiff,0.20209581,0.46931138,0.32859281
CubePlus_0024.tiff,0.20179509,0.4711102,0.3270947
CubePlus_0025.tiff,0.39111234,0.45901187,0.14987579
CubePlus_0026.tiff,0.20530565,0.46943483,0.32525952
CubePlus_0027.tiff,0.20499244,0.46747352,0.32753404
CubePlus_0028.tiff,0.19937141,0.46857065,0.33205794
CubePlus_0029.tiff,0.16754994,0.45841826,0.3740318
CubePlus_0030.tiff,0.38070404,0.46284224,0.15645372
CubePlus_0031.tiff,0.1998861,0.46697039,0.33314351
CubePlus_0032.tiff,0.18263736,0.4632967,0.35406593
CubePlus_0033.tiff,0.20963855,0.46506024,0.3253012
CubePlus_0034.tiff,0.21305115,0.47160494,0.31534392
CubePlus_0035.tiff,0.47333136,0.45213448,0.07453416
CubePlus_0036.tiff,0.21099821,0.47220562,0.31679617
CubePlus_0037.tiff,0.205625,0.46833333,0.32604167
CubePlus_0038.tiff,0.18488024,0.45883234,0.35628743
CubePlus_0039.tiff,0.2065481,0.46988682,0.32356508
CubePlus_0040.tiff,0.38018079,0.46256183,0.15725738
CubePlus_0041.tiff,0.20362976,0.46950998,0.32686025
CubePlus_0042.tiff,0.20386375,0.4692425,0.32689375
CubePlus_0043.tiff,0.1911913,0.46127984,0.34752886
CubePlus_0044.tiff,0.20357467,0.47106937,0.32535595
CubePlus_0045.tiff,0.3817734,0.46453202,0.15369458
CubePlus_0046.tiff,0.19838126,0.46082314,0.34079559
CubePlus_0047.tiff,0.20738988,0.47178101,0.32082911
CubePlus_0048.tiff,0.20113738,0.47051781,0.32834481
CubePlus_0049.tiff,0.20238437,0.47069808,0.32691755
CubePlus_0050.tiff,0.38396299,0.461835,0.154202
CubePlus_0051.tiff,0.16677169,0.45452636,0.37870195
CubePlus_0052.tiff,0.19591141,0.45400341,0.35008518
CubePlus_0053.tiff,0.205064,0.46939343,0.32554257
CubePlus_0054.tiff,0.19956444,0.46584835,0.33458721
CubePlus_0055.tiff,0.46401419,0.45514445,0.08084136
CubePlus_0056.tiff,0.17142857,0.45793651,0.37063492
CubePlus_0057.tiff,0.20079107,0.46975337,0.32945556
CubePlus_0058.tiff,0.1990593,0.46951117,0.33142953
CubePlus_0059.tiff,0.20438596,0.46842105,0.32719298
CubePlus_0060.tiff,0.27745665,0.49614644,0.22639692
CubePlus_0061.tiff,0.20170597,0.46797123,0.3303228
CubePlus_0062.tiff,0.19976053,0.47096388,0.32927559
CubePlus_0063.tiff,0.1754571,0.45815752,0.36638537
CubePlus_0064.tiff,0.16362696,0.45220541,0.38416764
CubePlus_0065.tiff,0.381337,0.46210689,0.15655611
CubePlus_0066.tiff,0.19896595,0.46817615,0.33285791
CubePlus_0067.tiff,0.18720413,0.46471095,0.34808492
CubePlus_0068.tiff,0.1782742,0.45816908,0.36355672
CubePlus_0069.tiff,0.20374707,0.46771495,0.32853797
CubePlus_0070.tiff,0.39262673,0.45806452,0.14930876
CubePlus_0071.tiff,0.19904159,0.47022078,0.33073763
CubePlus_0072.tiff,0.20271235,0.46776112,0.32952653
CubePlus_0073.tiff,0.20875241,0.47164562,0.31960197
CubePlus_0074.tiff,0.19637053,0.46505959,0.33856988
CubePlus_0075.tiff,0.35380835,0.48321048,0.16298116
CubePlus_0076.tiff,0.21732365,0.47147303,0.31120332
CubePlus_0077.tiff,0.19707082,0.46811272,0.33481646
CubePlus_0078.tiff,0.26798561,0.47661871,0.25539568
CubePlus_0079.tiff,0.19084854,0.46413747,0.345014
CubePlus_0080.tiff,0.24399657,0.49656947,0.25943396
CubePlus_0081.tiff,0.20892857,0.47227891,0.31879252
CubePlus_0082.tiff,0.19766265,0.46673415,0.3356032
CubePlus_0083.tiff,0.20874089,0.47211238,0.31914672
CubePlus_0084.tiff,0.20953576,0.46863237,0.32183187
CubePlus_0085.tiff,0.38175109,0.46159007,0.15665884
CubePlus_0086.tiff,0.2396088,0.47677262,0.28361858
CubePlus_0087.tiff,0.19843103,0.46982385,0.33174512
CubePlus_0088.tiff,0.20063694,0.4656051,0.33375796
CubePlus_0089.tiff,0.20664528,0.47294578,0.32040894
CubePlus_0090.tiff,0.26839378,0.48601036,0.24559585
CubePlus_0091.tiff,0.19650173,0.46848408,0.33501418
CubePlus_0092.tiff,0.18442854,0.46262474,0.35294671
CubePlus_0093.tiff,0.20350519,0.46894674,0.32754807
CubePlus_0094.tiff,0.20669456,0.46945607,0.32384937
CubePlus_0095.tiff,0.37938252,0.46153846,0.15907902
CubePlus_0096.tiff,0.20075758,0.46797521,0.33126722
CubePlus_0097.tiff,0.20387297,0.46568552,0.33044152
CubePlus_0098.tiff,0.20778026,0.47102116,0.32119858
CubePlus_0099.tiff,0.20280112,0.46890756,0.32829132
CubePlus_0100.tiff,0.48492071,0.43899532,0.07608397
CubePlus_0101.tiff,0.20907784,0.47073321,0.32018895
CubePlus_0102.tiff,0.22267853,0.47581565,0.30150582
CubePlus_0103.tiff,0.21398588,0.47765322,0.30836091
CubePlus_0104.tiff,0.20512821,0.47020845,0.32466335
CubePlus_0105.tiff,0.28373854,0.49657883,0.21968263
CubePlus_0106.tiff,0.20216676,0.46817566,0.32965757
CubePlus_0107.tiff,0.19979173,0.46742041,0.33278786
CubePlus_0108.tiff,0.2208589,0.47529868,0.30384243
CubePlus_0109.tiff,0.18361994,0.46196444,0.35441562
CubePlus_0110.tiff,0.38161209,0.4615869,0.15680101
CubePlus_0111.tiff,0.20366599,0.46741344,0.32892057
CubePlus_0112.tiff,0.20626478,0.46985816,0.32387707
CubePlus_0113.tiff,0.17412175,0.45865154,0.36722671
CubePlus_0114.tiff,0.20400684,0.47178109,0.32421207
CubePlus_0115.tiff,0.2909784,0.49174079,0.21728081
CubePlus_0116.tiff,0.20216757,0.46936223,0.3284702
CubePlus_0117.tiff,0.20466321,0.46632124,0.32901554
CubePlus_0118.tiff,0.20011451,0.4673633,0.33252219
CubePlus_0119.tiff,0.19961334,0.46959884,0.33078782
CubePlus_0120.tiff,0.21992925,0.49086085,0.28920991
CubePlus_0121.tiff,0.21026131,0.47512805,0.31461064
CubePlus_0122.tiff,0.22609423,0.47477,0.29913577
CubePlus_0123.tiff,0.22880854,0.47065797,0.30053349
CubePlus_0124.tiff,0.18797327,0.4610245,0.35100223
CubePlus_0125.tiff,0.27600412,0.4953656,0.22863028
CubePlus_0126.tiff,0.19010608,0.46686272,0.34303119
CubePlus_0127.tiff,0.19717405,0.46563905,0.3371869
CubePlus_0128.tiff,0.25485932,0.47546554,0.26967514
CubePlus_0129.tiff,0.19249311,0.47141873,0.33608815
CubePlus_0130.tiff,0.38576721,0.45970979,0.154523
CubePlus_0131.tiff,0.21008075,0.47212816,0.31779109
CubePlus_0132.tiff,0.20614035,0.46798246,0.32587719
CubePlus_0133.tiff,0.20795548,0.47217642,0.3198681
CubePlus_0134.tiff,0.20579043,0.47096562,0.32324395
CubePlus_0135.tiff,0.38908766,0.45930233,0.15161002
CubePlus_0136.tiff,0.18440333,0.46020117,0.3553955
CubePlus_0137.tiff,0.21108704,0.47128927,0.31762369
CubePlus_0138.tiff,0.16913397,0.45558845,0.37527757
CubePlus_0139.tiff,0.20617696,0.46744574,0.3263773
CubePlus_0140.tiff,0.38045007,0.46413502,0.15541491
CubePlus_0141.tiff,0.20167576,0.47057677,0.32774747
CubePlus_0142.tiff,0.20201702,0.46643555,0.33154743
CubePlus_0143.tiff,0.21844127,0.47420417,0.30735456
CubePlus_0144.tiff,0.20246757,0.46947169,0.32806074
CubePlus_0145.tiff,0.23381487,0.4965222,0.26966292
CubePlus_0146.tiff,0.17151024,0.4559314,0.37255836
CubePlus_0147.tiff,0.22134477,0.46750903,0.31114621
CubePlus_0148.tiff,0.20959264,0.47043364,0.31997372
CubePlus_0149.tiff,0.2017846,0.47072636,0.32748904
CubePlus_0150.tiff,0.38297389,0.46197503,0.15505108
CubePlus_0151.tiff,0.20078373,0.46930397,0.3299123
CubePlus_0152.tiff,0.20751897,0.47324929,0.31923175
CubePlus_0153.tiff,0.21378899,0.4746672,0.31154381
CubePlus_0154.tiff,0.21654501,0.47445255,0.30900243
CubePlus_0155.tiff,0.38120752,0.46245502,0.15633747
CubePlus_0156.tiff,0.20508348,0.47121854,0.32369798
CubePlus_0157.tiff,0.17938125,0.46341687,0.35720187
CubePlus_0158.tiff,0.20614732,0.47164812,0.32220456
CubePlus_0159.tiff,0.21313257,0.47485253,0.3120149
CubePlus_0160.tiff,0.28478964,0.49298813,0.22222222
CubePlus_0161.tiff,0.16222791,0.45685019,0.3809219
CubePlus_0162.tiff,0.2041473,0.46996782,0.32588488
CubePlus_0163.tiff,0.20485686,0.47087,0.32427314
CubePlus_0164.tiff,0.19568213,0.46531925,0.33899862
CubePlus_0165.tiff,0.37272156,0.48334381,0.14393463
CubePlus_0166.tiff,0.2025804,0.46986328,0.32755633
CubePlus_0167.tiff,0.20297177,0.46745914,0.32956909
CubePlus_0168.tiff,0.21612011,0.47096009,0.31291979
CubePlus_0169.tiff,0.20336269,0.46917534,0.32746197
CubePlus_0170.tiff,0.37052201,0.48720573,0.14227226
CubePlus_0171.tiff,0.20031285,0.47032241,0.32936473
CubePlus_0172.tiff,0.16699801,0.4546057,0.37839629
CubePlus_0173.tiff,0.20333988,0.47304082,0.3236193
CubePlus_0174.tiff,0.20180723,0.46927711,0.32891566
CubePlus_0175.tiff,0.38074074,0.46148148,0.15777778
CubePlus_0176.tiff,0.20101597,0.46976294,0.32922109
CubePlus_0177.tiff,0.20344758,0.47003407,0.32651834
CubePlus_0178.tiff,0.20213379,0.46900231,0.3288639
CubePlus_0179.tiff,0.19462996,0.46572168,0.33964836
CubePlus_0180.tiff,0.23919523,0.49403875,0.26676602
CubePlus_0181.tiff,0.15604909,0.45061368,0.39333723
CubePlus_0182.tiff,0.20559572,0.47060673,0.32379755
CubePlus_0183.tiff,0.20639417,0.47106435,0.32254148
CubePlus_0184.tiff,0.19140287,0.46998789,0.33860924
CubePlus_0185.tiff,0.37219344,0.48791019,0.13989637
CubePlus_0186.tiff,0.16144068,0.4529661,0.38559322
CubePlus_0187.tiff,0.2036,0.4688,0.3276
CubePlus_0188.tiff,0.21075372,0.4731157,0.31613058
CubePlus_0189.tiff,0.20378151,0.46638655,0.32983193
CubePlus_0190.tiff,0.28908514,0.49827515,0.21263971
CubePlus_0191.tiff,0.21065352,0.47283449,0.31651199
CubePlus_0192.tiff,0.20233625,0.46933667,0.32832708
CubePlus_0193.tiff,0.20723104,0.47001764,0.32275132
CubePlus_0194.tiff,0.20289855,0.46681922,0.33028223
CubePlus_0195.tiff,0.3880597,0.48032564,0.13161465
CubePlus_0196.tiff,0.21970624,0.46878825,0.31150551
CubePlus_0197.tiff,0.16350148,0.45074184,0.38575668
CubePlus_0198.tiff,0.18380241,0.46027187,0.35592571
CubePlus_0199.tiff,0.20645351,0.47018439,0.3233621
CubePlus_0200.tiff,0.25417237,0.49658003,0.24924761
CubePlus_0201.tiff,0.20598911,0.46733212,0.32667877
CubePlus_0202.tiff,0.20886076,0.47081575,0.32032349
CubePlus_0203.tiff,0.21109011,0.47006931,0.31884058
CubePlus_0204.tiff,0.20628183,0.46972269,0.32399547
CubePlus_0205.tiff,0.25952915,0.49383408,0.24663677
CubePlus_0206.tiff,0.18005716,0.46046364,0.3594792
CubePlus_0207.tiff,0.20381956,0.46888377,0.32729667
CubePlus_0208.tiff,0.18359917,0.45977809,0.35662275
CubePlus_0209.tiff,0.19576097,0.46438034,0.3398587
CubePlus_0210.tiff,0.21480844,0.48084374,0.30434783
CubePlus_0211.tiff,0.2113631,0.47112462,0.31751227
CubePlus_0212.tiff,0.20614859,0.47087959,0.32297182
CubePlus_0213.tiff,0.20223923,0.46981293,0.32794785
CubePlus_0214.tiff,0.1761116,0.45684394,0.36704446
CubePlus_0215.tiff,0.38112109,0.46260914,0.15626977
CubePlus_0216.tiff,0.20756235,0.47023331,0.32220434
CubePlus_0217.tiff,0.19896641,0.46511628,0.33591731
CubePlus_0218.tiff,0.20057102,0.46930764,0.33012134
CubePlus_0219.tiff,0.20294229,0.46850245,0.32855526
CubePlus_0220.tiff,0.30065157,0.50418864,0.19515979
CubePlus_0221.tiff,0.2049062,0.47041847,0.32467532
CubePlus_0222.tiff,0.16627451,0.45411765,0.37960784
CubePlus_0223.tiff,0.21578266,0.47322122,0.31099612
CubePlus_0224.tiff,0.20438871,0.47084639,0.32476489
CubePlus_0225.tiff,0.48008596,0.44011461,0.07979943
CubePlus_0226.tiff,0.21302817,0.47036385,0.31660798
CubePlus_0227.tiff,0.20345918,0.4688488,0.32769202
CubePlus_0228.tiff,0.21530383,0.47261815,0.31207802
CubePlus_0229.tiff,0.20233165,0.46955054,0.32811781
CubePlus_0230.tiff,0.225,0.49880952,0.27619048
CubePlus_0231.tiff,0.19906929,0.46716649,0.33376422
CubePlus_0232.tiff,0.21236873,0.47530144,0.31232983
CubePlus_0233.tiff,0.20364912,0.47235088,0.324
CubePlus_0234.tiff,0.18329596,0.46020179,0.35650224
CubePlus_0235.tiff,0.46828194,0.44889868,0.08281938
CubePlus_0236.tiff,0.20333506,0.47008251,0.32658242
CubePlus_0237.tiff,0.17303592,0.46022634,0.36673774
CubePlus_0238.tiff,0.20847419,0.47058824,0.32093757
CubePlus_0239.tiff,0.20753407,0.47480726,0.31765866
CubePlus_0240.tiff,0.38317569,0.46166231,0.155162
CubePlus_0241.tiff,0.20460779,0.46937283,0.32601938
CubePlus_0242.tiff,0.21401435,0.47277332,0.31321233
CubePlus_0243.tiff,0.20126147,0.46731651,0.33142202
CubePlus_0244.tiff,0.18780971,0.46283449,0.3493558
CubePlus_0245.tiff,0.4709778,0.44721465,0.08180756
CubePlus_0246.tiff,0.17561521,0.45973154,0.36465324
CubePlus_0247.tiff,0.20218295,0.4716736,0.32614345
CubePlus_0248.tiff,0.18955224,0.46343284,0.34701493
CubePlus_0249.tiff,0.20951687,0.47293032,0.3175528
CubePlus_0250.tiff,0.26400947,0.50197316,0.23401736
CubePlus_0251.tiff,0.19804287,0.46644921,0.33550792
CubePlus_0252.tiff,0.194626,0.46647301,0.33890099
CubePlus_0253.tiff,0.20171318,0.46587455,0.33241227
CubePlus_0254.tiff,0.18979786,0.46438746,0.34581468
CubePlus_0255.tiff,0.39566396,0.45448749,0.14984856
CubePlus_0256.tiff,0.20320078,0.46880052,0.32799871
CubePlus_0257.tiff,0.20512821,0.46757164,0.32730015
CubePlus_0258.tiff,0.18756128,0.4635103,0.34892842
CubePlus_0259.tiff,0.20585233,0.47277986,0.32136781
CubePlus_0260.tiff,0.28289025,0.49625085,0.2208589
CubePlus_0261.tiff,0.20231868,0.47038032,0.327301
CubePlus_0262.tiff,0.16626127,0.45843468,0.37530405
CubePlus_0263.tiff,0.20285005,0.47122962,0.32592033
CubePlus_0264.tiff,0.18628617,0.46531906,0.34839477
CubePlus_0265.tiff,0.37587658,0.48223469,0.14188873
CubePlus_0266.tiff,0.20443227,0.46987052,0.32569721
CubePlus_0267.tiff,0.21318822,0.47285531,0.31395647
CubePlus_0268.tiff,0.22407504,0.47767935,0.29824561
CubePlus_0269.tiff,0.18477419,0.46193548,0.35329032
CubePlus_0270.tiff,0.22077922,0.49177489,0.28744589
CubePlus_0271.tiff,0.20198511,0.46923077,0.32878412
CubePlus_0272.tiff,0.16282421,0.4573487,0.37982709
CubePlus_0273.tiff,0.1967128,0.46557093,0.33771626
CubePlus_0274.tiff,0.19137056,0.46598985,0.34263959
CubePlus_0275.tiff,0.37630662,0.45993031,0.16376307
CubePlus_0276.tiff,0.17569243,0.459074,0.36523357
CubePlus_0277.tiff,0.18210238,0.46307151,0.3548261
CubePlus_0278.tiff,0.20381345,0.47023963,0.32594692
CubePlus_0279.tiff,0.17016492,0.45802099,0.37181409
CubePlus_0280.tiff,0.28263679,0.49547609,0.22188712
CubePlus_0281.tiff,0.19145049,0.46218487,0.34636463
CubePlus_0282.tiff,0.23850144,0.47446686,0.2870317
CubePlus_0283.tiff,0.20878287,0.47243763,0.3187795
CubePlus_0284.tiff,0.20415369,0.46915888,0.32668744
CubePlus_0285.tiff,0.38694502,0.46162893,0.15142605
CubePlus_0286.tiff,0.21183379,0.46928636,0.31887986
CubePlus_0287.tiff,0.20718954,0.47058824,0.32222222
CubePlus_0288.tiff,0.2149335,0.47934547,0.30572102
CubePlus_0289.tiff,0.20600858,0.46932593,0.32466549
CubePlus_0290.tiff,0.22196952,0.49965886,0.27837162
CubePlus_0291.tiff,0.20331126,0.46865342,0.32803532
CubePlus_0292.tiff,0.20008074,0.47089221,0.32902705
CubePlus_0293.tiff,0.19642857,0.4659749,0.33759653
CubePlus_0294.tiff,0.20317744,0.47313198,0.32369058
CubePlus_0295.tiff,0.30116959,0.50438596,0.19444444
CubePlus_0296.tiff,0.20529801,0.46915301,0.32554897
CubePlus_0297.tiff,0.21904762,0.47333333,0.30761905
CubePlus_0298.tiff,0.15956151,0.45066991,0.38976857
CubePlus_0299.tiff,0.21693122,0.47442681,0.30864198
CubePlus_0300.tiff,0.25484765,0.5,0.24515235
CubePlus_0301.tiff,0.16944938,0.45470693,0.37584369
CubePlus_0302.tiff,0.20256184,0.46969965,0.32773852
CubePlus_0303.tiff,0.20313344,0.4710967,0.32576985
CubePlus_0304.tiff,0.20431115,0.46672915,0.3289597
CubePlus_0305.tiff,0.23645908,0.49654021,0.26700072
CubePlus_0306.tiff,0.20212192,0.47014925,0.32772883
CubePlus_0307.tiff,0.18011027,0.45844395,0.36144578
CubePlus_0308.tiff,0.20582458,0.47160304,0.32257238
CubePlus_0309.tiff,0.20088925,0.4668553,0.33225546
CubePlus_0310.tiff,0.46968239,0.44690407,0.08341354
CubePlus_0311.tiff,0.20210754,0.46582005,0.33207241
CubePlus_0312.tiff,0.18393004,0.46242143,0.35364854
CubePlus_0313.tiff,0.2083935,0.47265343,0.31895307
CubePlus_0314.tiff,0.19864751,0.46703297,0.33431953
CubePlus_0315.tiff,0.31651885,0.51940133,0.16407982
CubePlus_0316.tiff,0.1789925,0.45819936,0.36280815
CubePlus_0317.tiff,0.22004411,0.47635383,0.30360206
CubePlus_0318.tiff,0.20114793,0.46843204,0.33042004
CubePlus_0319.tiff,0.20999372,0.47513335,0.31487292
CubePlus_0320.tiff,0.38632896,0.46048215,0.15318889
CubePlus_0321.tiff,0.18150289,0.45433526,0.36416185
CubePlus_0322.tiff,0.20978628,0.47075366,0.31946007
CubePlus_0323.tiff,0.20592334,0.46898955,0.32508711
CubePlus_0324.tiff,0.18883819,0.46560197,0.34555985
CubePlus_0325.tiff,0.38255034,0.46096786,0.15648181
CubePlus_0326.tiff,0.20032733,0.46775777,0.33191489
CubePlus_0327.tiff,0.20595745,0.47182979,0.32221277
CubePlus_0328.tiff,0.19959103,0.47106209,0.32934688
CubePlus_0329.tiff,0.2030155,0.4697388,0.3272457
CubePlus_0330.tiff,0.22790757,0.49200102,0.28009142
CubePlus_0331.tiff,0.20265549,0.46960168,0.32774284
CubePlus_0332.tiff,0.19760479,0.46506986,0.33732535
CubePlus_0333.tiff,0.19789579,0.47110888,0.33099532
CubePlus_0334.tiff,0.20104819,0.46862717,0.33032465
CubePlus_0335.tiff,0.29802883,0.49897029,0.20300088
CubePlus_0336.tiff,0.1837587,0.46264501,0.35359629
CubePlus_0337.tiff,0.2112813,0.47568685,0.31303185
CubePlus_0338.tiff,0.20634038,0.46829811,0.32536151
CubePlus_0339.tiff,0.2029871,0.46894094,0.32807196
CubePlus_0340.tiff,0.38352045,0.46230954,0.15417001
CubePlus_0341.tiff,0.19977169,0.46518265,0.33504566
CubePlus_0342.tiff,0.15377616,0.44828632,0.39793752
CubePlus_0343.tiff,0.19774011,0.47215496,0.33010492
CubePlus_0344.tiff,0.20510133,0.46750524,0.32739343
CubePlus_0345.tiff,0.28083882,0.49712171,0.22203947
CubePlus_0346.tiff,0.20530499,0.46997989,0.32471512
CubePlus_0347.tiff,0.20487641,0.47260011,0.32252347
CubePlus_0348.tiff,0.20068687,0.46946394,0.32984919
CubePlus_0349.tiff,0.20614985,0.47055002,0.32330013
CubePlus_0350.tiff,0.46305931,0.44745057,0.08949011
CubePlus_0351.tiff,0.19140872,0.46462413,0.34396715
CubePlus_0352.tiff,0.20157631,0.46835443,0.33006926
CubePlus_0353.tiff,0.21623489,0.47219344,0.31157168
CubePlus_0354.tiff,0.22612827,0.46413302,0.30973872
CubePlus_0355.tiff,0.38382327,0.46118641,0.15499032
CubePlus_0356.tiff,0.20819228,0.47291808,0.31888964
CubePlus_0357.tiff,0.20218462,0.46947955,0.32833583
CubePlus_0358.tiff,0.20158103,0.4673913,0.33102767
CubePlus_0359.tiff,0.2,0.46666667,0.33333333
CubePlus_0360.tiff,0.29678312,0.49740574,0.20581114
CubePlus_0361.tiff,0.20254958,0.46671388,0.33073654
CubePlus_0362.tiff,0.20668441,0.47441585,0.31889973
CubePlus_0363.tiff,0.1882969,0.46038251,0.35132058
CubePlus_0364.tiff,0.20016474,0.46952224,0.33031301
CubePlus_0365.tiff,0.2784623,0.49605717,0.22548053
CubePlus_0366.tiff,0.1984127,0.46603175,0.33555556
CubePlus_0367.tiff,0.20235849,0.46957547,0.32806604
CubePlus_0368.tiff,0.20063358,0.47096093,0.32840549
CubePlus_0369.tiff,0.2445336,0.47562688,0.27983952
CubePlus_0370.tiff,0.26560951,0.5024777,0.23191278
CubePlus_0371.tiff,0.2,0.46626506,0.33373494
CubePlus_0372.tiff,0.17979868,0.45609163,0.36410968
CubePlus_0373.tiff,0.17233888,0.44967415,0.37798697
CubePlus_0374.tiff,0.1984418,0.46471127,0.33684693
CubePlus_0375.tiff,0.37999845,0.46275814,0.15724341
CubePlus_0376.tiff,0.19349845,0.46857585,0.3379257
CubePlus_0377.tiff,0.19712352,0.46531303,0.33756345
CubePlus_0378.tiff,0.18035883,0.46270066,0.35694051
CubePlus_0379.tiff,0.20200975,0.46970593,0.32828432
CubePlus_0380.tiff,0.26542751,0.50037175,0.23420074
CubePlus_0381.tiff,0.19565217,0.46245059,0.34189723
CubePlus_0382.tiff,0.19427148,0.46948941,0.3362391
CubePlus_0383.tiff,0.20533446,0.47092859,0.32373695
CubePlus_0384.tiff,0.16840909,0.45886364,0.37272727
CubePlus_0385.tiff,0.27183099,0.4915493,0.23661972
CubePlus_0386.tiff,0.18028534,0.45698227,0.36273238
CubePlus_0387.tiff,0.215427,0.4738292,0.3107438
CubePlus_0388.tiff,0.19547989,0.46874083,0.33577928
CubePlus_0389.tiff,0.2044705,0.46866984,0.32685966
CubePlus_0390.tiff,0.36858476,0.48833593,0.14307932
CubePlus_0391.tiff,0.21378446,0.47343358,0.31278195
CubePlus_0392.tiff,0.20691475,0.46951702,0.32356822
CubePlus_0393.tiff,0.20275229,0.46605505,0.33119266
CubePlus_0394.tiff,0.19861432,0.46546294,0.33592274
CubePlus_0395.tiff,0.38234005,0.46187555,0.1557844
CubePlus_0396.tiff,0.22369801,0.4732611,0.30304089
CubePlus_0397.tiff,0.20271171,0.4698822,0.32740609
CubePlus_0398.tiff,0.20311098,0.46754412,0.3293449
CubePlus_0399.tiff,0.15812939,0.45389869,0.38797192
CubePlus_0400.tiff,0.27491785,0.49616648,0.22891566
CubePlus_0401.tiff,0.1666096,0.4580541,0.3753363
CubePlus_0402.tiff,0.2038835,0.46828479,0.32783172
CubePlus_0403.tiff,0.19214753,0.46638905,0.34146341
CubePlus_0404.tiff,0.1602649,0.45474614,0.38498896
CubePlus_0405.tiff,0.38958641,0.461226,0.14918759
CubePlus_0406.tiff,0.19280922,0.46550196,0.34168882
CubePlus_0407.tiff,0.20067404,0.4680929,0.33123306
CubePlus_0408.tiff,0.20431528,0.46851607,0.32716865
CubePlus_0409.tiff,0.18388246,0.45948353,0.35663402
CubePlus_0410.tiff,0.30483871,0.4983871,0.19677419
CubePlus_0411.tiff,0.1848409,0.45942081,0.35573829
CubePlus_0412.tiff,0.20292416,0.468509,0.32856684
CubePlus_0413.tiff,0.20004933,0.46978293,0.33016774
CubePlus_0414.tiff,0.20433183,0.46832857,0.3273396
CubePlus_0415.tiff,0.45954198,0.44732824,0.09312977
CubePlus_0416.tiff,0.18120301,0.45789474,0.36090226
CubePlus_0417.tiff,0.18154014,0.46411797,0.35434189
CubePlus_0418.tiff,0.19065126,0.46218487,0.34716387
CubePlus_0419.tiff,0.20493786,0.47335057,0.32171157
CubePlus_0420.tiff,0.29738562,0.50373483,0.19887955
CubePlus_0421.tiff,0.20410898,0.46940598,0.32648504
CubePlus_0422.tiff,0.21062475,0.47674889,0.31262636
CubePlus_0423.tiff,0.20741269,0.46935139,0.32323592
CubePlus_0424.tiff,0.20366826,0.46953748,0.32679426
CubePlus_0425.tiff,0.38405797,0.46231884,0.15362319
CubePlus_0426.tiff,0.15585413,0.44952015,0.39462572
CubePlus_0427.tiff,0.21984027,0.47540984,0.30474989
CubePlus_0428.tiff,0.18418418,0.46479813,0.35101768
CubePlus_0429.tiff,0.20107239,0.4691689,0.32975871
CubePlus_0430.tiff,0.27621622,0.5,0.22378378
CubePlus_0431.tiff,0.19571773,0.46562123,0.33866104
CubePlus_0432.tiff,0.1737239,0.45910673,0.36716937
CubePlus_0433.tiff,0.19589754,0.46609088,0.33801158
CubePlus_0434.tiff,0.18022747,0.45844269,0.36132983
CubePlus_0435.tiff,0.38174274,0.46213693,0.15612033
CubePlus_0436.tiff,0.2006079,0.45896657,0.34042553
CubePlus_0437.tiff,0.17647059,0.45766635,0.36586307
CubePlus_0438.tiff,0.20541434,0.4699318,0.32465385
CubePlus_0439.tiff,0.19537214,0.46875,0.33587786
CubePlus_0440.tiff,0.38105568,0.46179802,0.1571463
CubePlus_0441.tiff,0.16093672,0.45266567,0.38639761
CubePlus_0442.tiff,0.21010884,0.47149972,0.31839144
CubePlus_0443.tiff,0.20124224,0.46832298,0.33043478
CubePlus_0444.tiff,0.20305677,0.46943231,0.32751092
CubePlus_0445.tiff,0.38448845,0.46039604,0.15511551
CubePlus_0446.tiff,0.20319099,0.46879399,0.32801502
CubePlus_0447.tiff,0.18139651,0.46603491,0.35256858
CubePlus_0448.tiff,0.16042155,0.45160031,0.38797814
CubePlus_0449.tiff,0.20405797,0.46782609,0.32811594
CubePlus_0450.tiff,0.38517179,0.460217,0.15461121
CubePlus_0451.tiff,0.20425294,0.46950196,0.3262451
CubePlus_0452.tiff,0.20678033,0.47045995,0.32275971
CubePlus_0453.tiff,0.23038481,0.47126437,0.29835082
CubePlus_0454.tiff,0.20263706,0.46703678,0.33032616
CubePlus_0455.tiff,0.3840079,0.46298124,0.15301086
CubePlus_0456.tiff,0.21168501,0.46994073,0.31837426
CubePlus_0457.tiff,0.21081831,0.47087379,0.31830791
CubePlus_0458.tiff,0.20621282,0.46463979,0.32914739
CubePlus_0459.tiff,0.2023988,0.46551724,0.33208396
CubePlus_0460.tiff,0.38223062,0.46200378,0.1557656
CubePlus_0461.tiff,0.18375654,0.46540027,0.35084319
CubePlus_0462.tiff,0.20197597,0.47382209,0.32420194
CubePlus_0463.tiff,0.19901605,0.46690875,0.3340752
CubePlus_0464.tiff,0.19685039,0.46241947,0.34073014
CubePlus_0465.tiff,0.26716247,0.50171625,0.23112128
CubePlus_0466.tiff,0.19842556,0.46804816,0.33352628
CubePlus_0467.tiff,0.21622517,0.47350993,0.3102649
CubePlus_0468.tiff,0.20961305,0.4719764,0.31841055
CubePlus_0469.tiff,0.21448565,0.46675997,0.31875437
CubePlus_0470.tiff,0.26228269,0.49811036,0.23960695
CubePlus_0471.tiff,0.21059349,0.46841098,0.32099553
CubePlus_0472.tiff,0.20068527,0.469163,0.33015174
CubePlus_0473.tiff,0.20171674,0.46738197,0.33090129
CubePlus_0474.tiff,0.20624409,0.4692526,0.32450331
CubePlus_0475.tiff,0.29818182,0.504,0.19781818
CubePlus_0476.tiff,0.21172122,0.47148891,0.31678986
CubePlus_0477.tiff,0.20063694,0.47098372,0.32837933
CubePlus_0478.tiff,0.21282923,0.46771453,0.31945624
CubePlus_0479.tiff,0.2166509,0.47114475,0.31220435
CubePlus_0480.tiff,0.37918871,0.46243386,0.15837743
CubePlus_0481.tiff,0.1785351,0.46083418,0.36063072
CubePlus_0482.tiff,0.19745395,0.46289274,0.3396533
CubePlus_0483.tiff,0.24286708,0.47355602,0.2835769
CubePlus_0484.tiff,0.19359756,0.46443089,0.34197154
CubePlus_0485.tiff,0.3819242,0.46246356,0.15561224
CubePlus_0486.tiff,0.22646007,0.46920938,0.30433055
CubePlus_0487.tiff,0.19931479,0.46977025,0.33091495
CubePlus_0488.tiff,0.20161922,0.4695743,0.32880648
CubePlus_0489.tiff,0.20126517,0.47069455,0.32804028
CubePlus_0490.tiff,0.24623116,0.50125628,0.25251256
CubePlus_0491.tiff,0.19454887,0.46616541,0.33928571
CubePlus_0492.tiff,0.20199275,0.4682971,0.32971014
CubePlus_0493.tiff,0.16487455,0.45519713,0.37992832
CubePlus_0494.tiff,0.1858618,0.46306593,0.35107228
CubePlus_0495.tiff,0.47631408,0.42634653,0.09733939
CubePlus_0496.tiff,0.20141439,0.47028424,0.32830137
CubePlus_0497.tiff,0.2039072,0.46642247,0.32967033
CubePlus_0498.tiff,0.17573222,0.4623431,0.36192469
CubePlus_0499.tiff,0.20372807,0.46907895,0.32719298
CubePlus_0500.tiff,0.38118375,0.46179329,0.15702297
CubePlus_0501.tiff,0.21956088,0.47172322,0.3087159
CubePlus_0502.tiff,0.20728008,0.47067745,0.32204247
CubePlus_0503.tiff,0.1943882,0.46572172,0.33989008
CubePlus_0504.tiff,0.20980775,0.47088325,0.319309
CubePlus_0505.tiff,0.38655462,0.45773604,0.15570934
CubePlus_0506.tiff,0.20558837,0.46955929,0.32485234
CubePlus_0507.tiff,0.21174004,0.47085954,0.31740042
CubePlus_0508.tiff,0.20614079,0.47156853,0.32229068
CubePlus_0509.tiff,0.22273188,0.47935903,0.2979091
CubePlus_0510.tiff,0.23949045,0.50573248,0.25477707
CubePlus_0511.tiff,0.20682232,0.47160126,0.32157642
CubePlus_0512.tiff,0.17023346,0.45817121,0.37159533
CubePlus_0513.tiff,0.20554403,0.47180841,0.32264756
CubePlus_0514.tiff,0.20227859,0.46969046,0.32803095
CubePlus_0515.tiff,0.2388724,0.49777448,0.26335312
CubePlus_0516.tiff,0.22940724,0.47036182,0.30023095
CubePlus_0517.tiff,0.2055814,0.46976744,0.32465116
CubePlus_0518.tiff,0.20121951,0.4695122,0.32926829
CubePlus_0519.tiff,0.2017895,0.46974335,0.32846715
CubePlus_0520.tiff,0.47212469,0.44737518,0.08050013
CubePlus_0521.tiff,0.19537658,0.46756152,0.33706189
CubePlus_0522.tiff,0.20943135,0.46948682,0.32108183
CubePlus_0523.tiff,0.20682819,0.47004405,0.32312775
CubePlus_0524.tiff,0.20632555,0.47011095,0.3235635
CubePlus_0525.tiff,0.3728368,0.46856517,0.15859803
CubePlus_0526.tiff,0.15576471,0.44988235,0.39435294
CubePlus_0527.tiff,0.19090136,0.46598639,0.34311224
CubePlus_0528.tiff,0.17099407,0.45511869,0.37388724
CubePlus_0529.tiff,0.20475698,0.46742503,0.32781799
CubePlus_0530.tiff,0.45887017,0.45787909,0.08325074
CubePlus_0531.tiff,0.17926933,0.45766072,0.36306995
CubePlus_0532.tiff,0.16529146,0.45302103,0.38168752
CubePlus_0533.tiff,0.20576816,0.46866334,0.3255685
CubePlus_0534.tiff,0.20209674,0.46813369,0.32976957
CubePlus_0535.tiff,0.46384595,0.45454545,0.08160859
CubePlus_0536.tiff,0.20313813,0.46763799,0.32922387
CubePlus_0537.tiff,0.20025084,0.46906355,0.33068562
CubePlus_0538.tiff,0.20061118,0.46827251,0.3311163
CubePlus_0539.tiff,0.1615087,0.45228885,0.38620245
CubePlus_0540.tiff,0.23747681,0.49536178,0.26716141
CubePlus_0541.tiff,0.16531687,0.45818992,0.37649322
CubePlus_0542.tiff,0.17067928,0.45657782,0.37274291
CubePlus_0543.tiff,0.18506169,0.4654885,0.34944982
CubePlus_0544.tiff,0.18962848,0.46439628,0.34597523
CubePlus_0545.tiff,0.47150259,0.43828101,0.0902164
CubePlus_0546.tiff,0.20069656,0.46843709,0.33086635
CubePlus_0547.tiff,0.19839712,0.4664704,0.33513248
CubePlus_0548.tiff,0.19322245,0.46510182,0.34167573
CubePlus_0549.tiff,0.22730375,0.47235495,0.3003413
CubePlus_0550.tiff,0.29239766,0.4994152,0.20818713
CubePlus_0551.tiff,0.23324651,0.47667535,0.29007814
CubePlus_0552.tiff,0.18538324,0.45632799,0.35828877
CubePlus_0553.tiff,0.20690979,0.47044146,0.32264875
CubePlus_0554.tiff,0.22212909,0.46269908,0.31517184
CubePlus_0555.tiff,0.2262931,0.49676724,0.27693966
CubePlus_0556.tiff,0.20161912,0.4691596,0.32922128
CubePlus_0557.tiff,0.17206983,0.45885287,0.36907731
CubePlus_0558.tiff,0.20116813,0.46992073,0.32891114
CubePlus_0559.tiff,0.19927176,0.4673949,0.33333333
CubePlus_0560.tiff,0.37852593,0.46041856,0.16105551
CubePlus_0561.tiff,0.21177968,0.47302205,0.31519826
CubePlus_0562.tiff,0.20518111,0.46928015,0.32553874
CubePlus_0563.tiff,0.20466102,0.46949153,0.32584746
CubePlus_0564.tiff,0.21124576,0.47212797,0.31662627
CubePlus_0565.tiff,0.28030303,0.49734848,0.22234848
CubePlus_0566.tiff,0.2005571,0.47032355,0.32911935
CubePlus_0567.tiff,0.20087065,0.46781716,0.33131219
CubePlus_0568.tiff,0.20416038,0.4687133,0.32712632
CubePlus_0569.tiff,0.20322122,0.46849834,0.32828044
CubePlus_0570.tiff,0.24939402,0.49501751,0.25558847
CubePlus_0571.tiff,0.19718585,0.4666797,0.33613445
CubePlus_0572.tiff,0.18373494,0.45843373,0.35783133
CubePlus_0573.tiff,0.1909245,0.45923555,0.34983995
CubePlus_0574.tiff,0.22852059,0.47280122,0.29867819
CubePlus_0575.tiff,0.38450075,0.45901639,0.15648286
CubePlus_0576.tiff,0.20034247,0.46893346,0.33072407
CubePlus_0577.tiff,0.20194384,0.46679266,0.3312635
CubePlus_0578.tiff,0.21724138,0.47344828,0.30931034
CubePlus_0579.tiff,0.17025684,0.45857498,0.37116819
CubePlus_0580.tiff,0.29769618,0.50359971,0.1987041
CubePlus_0581.tiff,0.23152542,0.46983051,0.29864407
CubePlus_0582.tiff,0.19073359,0.45945946,0.34980695
CubePlus_0583.tiff,0.20409859,0.46856826,0.32733315
CubePlus_0584.tiff,0.23393316,0.4714653,0.29460154
CubePlus_0585.tiff,0.38771824,0.4602649,0.15201686
CubePlus_0586.tiff,0.21079258,0.47146534,0.31774208
CubePlus_0587.tiff,0.20394173,0.46700943,0.32904884
CubePlus_0588.tiff,0.20296408,0.46922884,0.32780708
CubePlus_0589.tiff,0.20020679,0.47109691,0.32869631
CubePlus_0590.tiff,0.27920082,0.50102459,0.21977459
CubePlus_0591.tiff,0.20283245,0.46927508,0.32789246
CubePlus_0592.tiff,0.20979316,0.47150696,0.31869987
CubePlus_0593.tiff,0.2124496,0.47429435,0.31325605
CubePlus_0594.tiff,0.20766129,0.46841398,0.32392473
CubePlus_0595.tiff,0.19938885,0.48510313,0.31550802
CubePlus_0596.tiff,0.21699717,0.47478754,0.3082153
CubePlus_0597.tiff,0.23555889,0.47711928,0.28732183
CubePlus_0598.tiff,0.21128319,0.46957965,0.31913717
CubePlus_0599.tiff,0.19388312,0.4653195,0.34079738
CubePlus_0600.tiff,0.38391039,0.4592668,0.15682281
CubePlus_0601.tiff,0.20921771,0.46937538,0.32140691
CubePlus_0602.tiff,0.20949902,0.47245717,0.31804381
CubePlus_0603.tiff,0.21972712,0.47527004,0.30500284
CubePlus_0604.tiff,0.21395881,0.47292143,0.31311976
CubePlus_0605.tiff,0.37912088,0.46043956,0.16043956
CubePlus_0606.tiff,0.16860227,0.4577128,0.37368493
CubePlus_0607.tiff,0.17859405,0.45830695,0.36309901
CubePlus_0608.tiff,0.23010547,0.46979866,0.30009588
CubePlus_0609.tiff,0.19987063,0.46507115,0.33505821
CubePlus_0610.tiff,0.35052265,0.48222997,0.16724739
CubePlus_0611.tiff,0.21416382,0.47013652,0.31569966
CubePlus_0612.tiff,0.20958884,0.47276236,0.31764881
CubePlus_0613.tiff,0.20750293,0.47342712,0.31906995
CubePlus_0614.tiff,0.207684,0.47106928,0.32124672
CubePlus_0615.tiff,0.26401869,0.4953271,0.24065421
CubePlus_0616.tiff,0.1694704,0.45794393,0.37258567
CubePlus_0617.tiff,0.20332481,0.46845695,0.32821824
CubePlus_0618.tiff,0.20164609,0.46881925,0.32953466
CubePlus_0619.tiff,0.20167464,0.47009569,0.32822967
CubePlus_0620.tiff,0.38343641,0.46141436,0.15514923
CubePlus_0621.tiff,0.19892266,0.46633321,0.33474413
CubePlus_0622.tiff,0.19899444,0.46881891,0.33218665
CubePlus_0623.tiff,0.20274709,0.46999104,0.32726187
CubePlus_0624.tiff,0.20292208,0.46753247,0.32954545
CubePlus_0625.tiff,0.37630943,0.48831587,0.1353747
CubePlus_0626.tiff,0.20800652,0.47254762,0.31944586
CubePlus_0627.tiff,0.16731518,0.45358533,0.3790995
CubePlus_0628.tiff,0.21122577,0.47373358,0.31504065
CubePlus_0629.tiff,0.19546599,0.46935348,0.33518052
CubePlus_0630.tiff,0.2688281,0.50050659,0.23066532
CubePlus_0631.tiff,0.18183892,0.46383755,0.35432352
CubePlus_0632.tiff,0.20366599,0.46843177,0.32790224
CubePlus_0633.tiff,0.21062238,0.46834654,0.32103107
CubePlus_0634.tiff,0.20583075,0.47321981,0.32094943
CubePlus_0635.tiff,0.38557335,0.45997089,0.15445577
CubePlus_0636.tiff,0.19760479,0.46781437,0.33458084
CubePlus_0637.tiff,0.18092932,0.45832945,0.36074122
CubePlus_0638.tiff,0.16816278,0.45481747,0.37701975
CubePlus_0639.tiff,0.20856507,0.47024472,0.32119021
CubePlus_0640.tiff,0.37888199,0.46228926,0.15882875
CubePlus_0641.tiff,0.20228735,0.46747677,0.33023588
CubePlus_0642.tiff,0.19673802,0.46381244,0.33944954
CubePlus_0643.tiff,0.17980022,0.4572697,0.36293008
CubePlus_0644.tiff,0.21452894,0.47181233,0.31365872
CubePlus_0645.tiff,0.38305085,0.4779661,0.13898305
CubePlus_0646.tiff,0.20120724,0.46914822,0.32964453
CubePlus_0647.tiff,0.17462087,0.45762712,0.36775201
CubePlus_0648.tiff,0.23274854,0.47017544,0.29707602
CubePlus_0649.tiff,0.21181773,0.47270906,0.31547321
CubePlus_0650.tiff,0.38205365,0.46207216,0.15587419
CubePlus_0651.tiff,0.20134529,0.46928251,0.3293722
CubePlus_0652.tiff,0.2020483,0.46744215,0.33050955
CubePlus_0653.tiff,0.15765799,0.45387508,0.38846693
CubePlus_0654.tiff,0.20026702,0.46595461,0.33377837
CubePlus_0655.tiff,0.38216893,0.46141814,0.15641293
CubePlus_0656.tiff,0.20508501,0.4715883,0.3233267
CubePlus_0657.tiff,0.1979406,0.46668369,0.33537571
CubePlus_0658.tiff,0.20247737,0.4691758,0.32834683
CubePlus_0659.tiff,0.21362799,0.4747698,0.31160221
CubePlus_0660.tiff,0.45630019,0.44255713,0.10114268
CubePlus_0661.tiff,0.23069665,0.47649001,0.29281334
CubePlus_0662.tiff,0.20423689,0.47179307,0.32397004
CubePlus_0663.tiff,0.15752919,0.45500222,0.3874686
CubePlus_0664.tiff,0.20399037,0.46904025,0.32696938
CubePlus_0665.tiff,0.47095371,0.45076111,0.07828518
CubePlus_0666.tiff,0.2026975,0.46936416,0.32793834
CubePlus_0667.tiff,0.20311842,0.46944796,0.32743363
CubePlus_0668.tiff,0.18378209,0.4625861,0.35363181
CubePlus_0669.tiff,0.22021116,0.4725993,0.30718954
CubePlus_0670.tiff,0.21268657,0.49363477,0.29367867
CubePlus_0671.tiff,0.20896314,0.47308406,0.3179528
CubePlus_0672.tiff,0.16798695,0.45864399,0.37336906
CubePlus_0673.tiff,0.2024439,0.47197744,0.32557866
CubePlus_0674.tiff,0.20403023,0.46809404,0.32787573
CubePlus_0675.tiff,0.22893258,0.49297753,0.27808989
CubePlus_0676.tiff,0.20541327,0.47269988,0.32188685
CubePlus_0677.tiff,0.20432017,0.47003995,0.32563989
CubePlus_0678.tiff,0.19966578,0.47236492,0.3279693
CubePlus_0679.tiff,0.20159752,0.47043395,0.32796853
CubePlus_0680.tiff,0.28013468,0.49494949,0.22491582
CubePlus_0681.tiff,0.19964332,0.47002873,0.33032795
CubePlus_0682.tiff,0.20395706,0.46937487,0.32666807
CubePlus_0683.tiff,0.20636323,0.47046693,0.32316983
CubePlus_0684.tiff,0.20566273,0.46935283,0.32498444
CubePlus_0685.tiff,0.49456877,0.42572962,0.07970161
CubePlus_0686.tiff,0.20941638,0.47081903,0.31976459
CubePlus_0687.tiff,0.20821359,0.47158617,0.32020024
CubePlus_0688.tiff,0.20323326,0.4665127,0.33025404
CubePlus_0689.tiff,0.18244514,0.46144201,0.35611285
CubePlus_0690.tiff,0.38206535,0.4621989,0.15573575
CubePlus_0691.tiff,0.17023532,0.45940216,0.37036252
CubePlus_0692.tiff,0.20285014,0.46982855,0.32732131
CubePlus_0693.tiff,0.18065548,0.45723421,0.36211031
CubePlus_0694.tiff,0.20127944,0.47478212,0.32393844
CubePlus_0695.tiff,0.21471653,0.49306393,0.29221954
CubePlus_0696.tiff,0.20741679,0.47057469,0.32200852
CubePlus_0697.tiff,0.20935673,0.47368421,0.31695906
CubePlus_0698.tiff,0.20231142,0.47110724,0.32658133
CubePlus_0699.tiff,0.20481928,0.46787149,0.32730924
CubePlus_0700.tiff,0.25362319,0.50120773,0.24516908
CubePlus_0701.tiff,0.23564696,0.47557841,0.28877464
CubePlus_0702.tiff,0.20226595,0.46964818,0.32808587
CubePlus_0703.tiff,0.20227457,0.46709992,0.33062551
CubePlus_0704.tiff,0.19193234,0.46291477,0.3451529
CubePlus_0705.tiff,0.46983676,0.44381358,0.08634966
CubePlus_0706.tiff,0.20138889,0.46936275,0.32924837
CubePlus_0707.tiff,0.21875,0.47355769,0.30769231
CubePlus_0708.tiff,0.20272206,0.47027221,0.32700573
CubePlus_0709.tiff,0.20637565,0.4715095,0.32211485
CubePlus_0710.tiff,0.33893077,0.48457848,0.17649075
CubePlus_0711.tiff,0.20682068,0.47011368,0.32306564
CubePlus_0712.tiff,0.19955207,0.46898096,0.33146697
CubePlus_0713.tiff,0.18230769,0.46076923,0.35692308
CubePlus_0714.tiff,0.20272769,0.46925566,0.32801664
CubePlus_0715.tiff,0.20389557,0.48570245,0.31040199
CubePlus_0716.tiff,0.20101849,0.46716698,0.33181453
CubePlus_0717.tiff,0.21029389,0.47160043,0.31810568
CubePlus_0718.tiff,0.19071354,0.4616999,0.34758657
CubePlus_0719.tiff,0.18913418,0.46469391,0.34617191
CubePlus_0720.tiff,0.28306809,0.49256457,0.22436734
CubePlus_0721.tiff,0.20596882,0.47144766,0.32258352
CubePlus_0722.tiff,0.20423634,0.46956522,0.32619844
CubePlus_0723.tiff,0.21262038,0.47389762,0.31348201
CubePlus_0724.tiff,0.2116612,0.47214076,0.31619803
CubePlus_0725.tiff,0.38088804,0.46256832,0.15654363
CubePlus_0726.tiff,0.20420792,0.47339109,0.32240099
CubePlus_0727.tiff,0.20199895,0.46940207,0.32859898
CubePlus_0728.tiff,0.20546118,0.47220493,0.3223339
CubePlus_0729.tiff,0.20120321,0.46791444,0.33088235
CubePlus_0730.tiff,0.38042475,0.48476454,0.13481071
CubePlus_0731.tiff,0.20398406,0.46832669,0.32768924
CubePlus_0732.tiff,0.20253479,0.47042744,0.32703777
CubePlus_0733.tiff,0.20376098,0.47012248,0.32611654
CubePlus_0734.tiff,0.20457843,0.46751572,0.32790585
CubePlus_0735.tiff,0.45895118,0.44701627,0.09403255
CubePlus_0736.tiff,0.20739355,0.4690285,0.32357795
CubePlus_0737.tiff,0.20184748,0.46698113,0.33117138
CubePlus_0738.tiff,0.1901246,0.46423627,0.34563913
CubePlus_0739.tiff,0.19960376,0.46557702,0.33481922
CubePlus_0740.tiff,0.28257888,0.49931413,0.218107
CubePlus_0741.tiff,0.20471236,0.47276622,0.32252142
CubePlus_0742.tiff,0.20405728,0.46778043,0.32816229
CubePlus_0743.tiff,0.1978595,0.46542261,0.33671789
CubePlus_0744.tiff,0.18125644,0.45314109,0.36560247
CubePlus_0745.tiff,0.21500514,0.49537513,0.28961973
CubePlus_0746.tiff,0.24632353,0.47426471,0.27941176
CubePlus_0747.tiff,0.19900332,0.46710963,0.33388704
CubePlus_0748.tiff,0.20596672,0.46930579,0.32472748
CubePlus_0749.tiff,0.16631579,0.45263158,0.38105263
CubePlus_0750.tiff,0.38666667,0.45777778,0.15555556
CubePlus_0751.tiff,0.19489173,0.4669628,0.33814547
CubePlus_0752.tiff,0.19489559,0.46403712,0.34106729
CubePlus_0753.tiff,0.17131931,0.45908222,0.36959847
CubePlus_0754.tiff,0.21705138,0.47431124,0.30863738
CubePlus_0755.tiff,0.38248049,0.46053773,0.15698179
CubePlus_0756.tiff,0.21784777,0.47112861,0.31102362
CubePlus_0757.tiff,0.18584953,0.46188341,0.35226707
CubePlus_0758.tiff,0.19619666,0.46846011,0.33534323
CubePlus_0759.tiff,0.23108384,0.47034765,0.29856851
CubePlus_0760.tiff,0.29333333,0.4962963,0.21037037
CubePlus_0761.tiff,0.18187067,0.46016166,0.35796767
CubePlus_0762.tiff,0.16333862,0.45500877,0.3816526
CubePlus_0763.tiff,0.15852614,0.45565553,0.38581834
CubePlus_0764.tiff,0.22720247,0.46213292,0.31066461
CubePlus_0765.tiff,0.38782677,0.45922747,0.15294577
CubePlus_0766.tiff,0.20555801,0.47176886,0.32267314
CubePlus_0767.tiff,0.18786892,0.46244657,0.34968451
CubePlus_0768.tiff,0.21448806,0.47308782,0.31242412
CubePlus_0769.tiff,0.20595099,0.46966161,0.3243874
CubePlus_0770.tiff,0.25667707,0.4960111,0.24731183
CubePlus_0771.tiff,0.20081967,0.46557377,0.33360656
CubePlus_0772.tiff,0.20344828,0.46695402,0.3295977
CubePlus_0773.tiff,0.19982079,0.46729391,0.3328853
CubePlus_0774.tiff,0.20569211,0.46959897,0.32470893
CubePlus_0775.tiff,0.30204891,0.50165235,0.19629874
CubePlus_0776.tiff,0.20365482,0.46923858,0.3271066
CubePlus_0777.tiff,0.20785877,0.46905847,0.32308276
CubePlus_0778.tiff,0.2023701,0.46581586,0.33181404
CubePlus_0779.tiff,0.20044128,0.46961982,0.3299389
CubePlus_0780.tiff,0.38017129,0.46233125,0.15749746
CubePlus_0781.tiff,0.22208398,0.47527216,0.30264386
CubePlus_0782.tiff,0.2059358,0.46981627,0.32424793
CubePlus_0783.tiff,0.20338983,0.46654773,0.33006244
CubePlus_0784.tiff,0.19902266,0.4660151,0.33496224
CubePlus_0785.tiff,0.29353632,0.49839744,0.20806624
CubePlus_0786.tiff,0.16984559,0.45049955,0.37965486
CubePlus_0787.tiff,0.17019667,0.4591528,0.37065053
CubePlus_0788.tiff,0.20026064,0.46698523,0.33275413
CubePlus_0789.tiff,0.20566502,0.46674877,0.32758621
CubePlus_0790.tiff,0.24560805,0.49548013,0.25891182
CubePlus_0791.tiff,0.20164197,0.46776131,0.33059672
CubePlus_0792.tiff,0.2038466,0.46988368,0.32626972
CubePlus_0793.tiff,0.19703704,0.4637037,0.33925926
CubePlus_0794.tiff,0.20122106,0.46858306,0.33019588
CubePlus_0795.tiff,0.38189672,0.46181033,0.15629295
CubePlus_0796.tiff,0.2023301,0.46912621,0.32854369
CubePlus_0797.tiff,0.17777456,0.45711388,0.36511156
CubePlus_0798.tiff,0.21721311,0.47556747,0.30721942
CubePlus_0799.tiff,0.18366084,0.46278818,0.35355098
CubePlus_0800.tiff,0.20582121,0.48544699,0.30873181
CubePlus_0801.tiff,0.1937751,0.46546185,0.34076305
CubePlus_0802.tiff,0.20101523,0.46862944,0.33035533
CubePlus_0803.tiff,0.20986193,0.47192636,0.3182117
CubePlus_0804.tiff,0.2,0.46228374,0.33771626
CubePlus_0805.tiff,0.28135593,0.4940678,0.22457627
CubePlus_0806.tiff,0.20266317,0.4708968,0.32644003
CubePlus_0807.tiff,0.20227482,0.46987396,0.32785121
CubePlus_0808.tiff,0.19583884,0.4656539,0.33850727
CubePlus_0809.tiff,0.20421245,0.46703297,0.32875458
CubePlus_0810.tiff,0.38250537,0.46201492,0.15547971
CubePlus_0811.tiff,0.21036889,0.47245763,0.31717348
CubePlus_0812.tiff,0.19553868,0.46590729,0.33855403
CubePlus_0813.tiff,0.20828736,0.4710065,0.32070614
CubePlus_0814.tiff,0.20108018,0.47057194,0.32834787
CubePlus_0815.tiff,0.4704142,0.44600592,0.08357988
CubePlus_0816.tiff,0.19290466,0.46193644,0.34515891
CubePlus_0817.tiff,0.2034594,0.46936382,0.32717678
CubePlus_0818.tiff,0.19925651,0.46747212,0.33327138
CubePlus_0819.tiff,0.2245827,0.46973529,0.30568201
CubePlus_0820.tiff,0.25922888,0.49712879,0.24364233
CubePlus_0821.tiff,0.20487452,0.46911197,0.32601351
CubePlus_0822.tiff,0.21030376,0.47325393,0.31644231
CubePlus_0823.tiff,0.17295918,0.45918367,0.36785714
CubePlus_0824.tiff,0.20060606,0.46787879,0.33151515
CubePlus_0825.tiff,0.38511646,0.46012633,0.1547572
CubePlus_0826.tiff,0.19601617,0.46535797,0.33862587
CubePlus_0827.tiff,0.20086725,0.46733809,0.33179466
CubePlus_0828.tiff,0.19335347,0.46706949,0.33957704
CubePlus_0829.tiff,0.18953603,0.45705824,0.35340573
CubePlus_0830.tiff,0.28622816,0.49357657,0.22019527
CubePlus_0831.tiff,0.15129396,0.44746737,0.40123866
CubePlus_0832.tiff,0.20807453,0.4681677,0.32375776
CubePlus_0833.tiff,0.20697659,0.47159714,0.32142627
CubePlus_0834.tiff,0.19748306,0.46570854,0.3368084
CubePlus_0835.tiff,0.27977912,0.49907967,0.2211412
CubePlus_0836.tiff,0.20175439,0.46751137,0.33073424
CubePlus_0837.tiff,0.20376778,0.46905037,0.32718185
CubePlus_0838.tiff,0.19673577,0.4640494,0.33921482
CubePlus_0839.tiff,0.20620121,0.47289679,0.32090199
CubePlus_0840.tiff,0.46260636,0.45588894,0.0815047
CubePlus_0841.tiff,0.20245492,0.46976815,0.32777694
CubePlus_0842.tiff,0.20918114,0.47146402,0.31935484
CubePlus_0843.tiff,0.21507572,0.47473201,0.31019227
CubePlus_0844.tiff,0.20731201,0.46987952,0.32280848
CubePlus_0845.tiff,0.38912809,0.45963402,0.15123789
CubePlus_0846.tiff,0.17363469,0.45775536,0.36860995
CubePlus_0847.tiff,0.17269247,0.45937899,0.36792854
CubePlus_0848.tiff,0.21577218,0.47480832,0.3094195
CubePlus_0849.tiff,0.18923849,0.4628363,0.34792522
CubePlus_0850.tiff,0.38233164,0.46053584,0.15713251
CubePlus_0851.tiff,0.2067335,0.46926423,0.32400227
CubePlus_0852.tiff,0.16419189,0.45288407,0.38292404
CubePlus_0853.tiff,0.21915285,0.47467772,0.30616943
CubePlus_0854.tiff,0.20661157,0.46952479,0.32386364
CubePlus_0855.tiff,0.4597977,0.45328304,0.08691925
CubePlus_0856.tiff,0.20290924,0.47064404,0.32644672
CubePlus_0857.tiff,0.17116658,0.45797249,0.37086093
CubePlus_0858.tiff,0.21837456,0.47420495,0.30742049
CubePlus_0859.tiff,0.2228361,0.47206875,0.30509515
CubePlus_0860.tiff,0.38963283,0.47688985,0.13347732
CubePlus_0861.tiff,0.20262035,0.46983547,0.32754418
CubePlus_0862.tiff,0.19234427,0.46433666,0.34331907
CubePlus_0863.tiff,0.20637697,0.47154581,0.32207722
CubePlus_0864.tiff,0.18565401,0.46202532,0.35232068
CubePlus_0865.tiff,0.27439024,0.49728997,0.22831978
CubePlus_0866.tiff,0.20154525,0.46997792,0.32847682
CubePlus_0867.tiff,0.20528109,0.46763203,0.32708688
CubePlus_0868.tiff,0.21642764,0.47435897,0.30921339
CubePlus_0869.tiff,0.1985898,0.47357818,0.32783202
CubePlus_0870.tiff,0.27865854,0.49756098,0.22378049
CubePlus_0871.tiff,0.18010292,0.46255003,0.35734706
CubePlus_0872.tiff,0.17568898,0.45964567,0.36466535
CubePlus_0873.tiff,0.20267341,0.46893064,0.32839595
CubePlus_0874.tiff,0.1978642,0.46705622,0.33507959
CubePlus_0875.tiff,0.38134048,0.46219839,0.15646113
CubePlus_0876.tiff,0.20140928,0.46799765,0.33059307
CubePlus_0877.tiff,0.195477,0.46633741,0.3381856
CubePlus_0878.tiff,0.20625663,0.46765642,0.32608696
CubePlus_0879.tiff,0.21012101,0.47139714,0.31848185
CubePlus_0880.tiff,0.46880873,0.45280388,0.07838739
CubePlus_0881.tiff,0.20817121,0.47137298,0.32045581
CubePlus_0882.tiff,0.20963504,0.47240876,0.3179562
CubePlus_0883.tiff,0.19871138,0.47591155,0.32537707
CubePlus_0884.tiff,0.20252535,0.47136608,0.32610857
CubePlus_0885.tiff,0.34368308,0.48527837,0.17103854
CubePlus_0886.tiff,0.19681275,0.46374502,0.33944223
CubePlus_0887.tiff,0.20321512,0.46999632,0.32678856
CubePlus_0888.tiff,0.21472663,0.47442681,0.31084656
CubePlus_0889.tiff,0.20870189,0.47047574,0.32082238
CubePlus_0890.tiff,0.38735709,0.45931406,0.15332885
CubePlus_0891.tiff,0.20290557,0.46924939,0.32784504
CubePlus_0892.tiff,0.21075237,0.47186019,0.31738744
CubePlus_0893.tiff,0.20142977,0.47035324,0.32821699
CubePlus_0894.tiff,0.22628108,0.46676814,0.30695079
CubePlus_0895.tiff,0.37763713,0.46202532,0.16033755
CubePlus_0896.tiff,0.20321517,0.46805441,0.32873042
CubePlus_0897.tiff,0.20172009,0.46442533,0.33385457
CubePlus_0898.tiff,0.20064725,0.46903991,0.33031284
CubePlus_0899.tiff,0.20623354,0.47295874,0.32080773
CubePlus_0900.tiff,0.38198404,0.46066135,0.15735462
CubePlus_0901.tiff,0.20459016,0.4695082,0.32590164
CubePlus_0902.tiff,0.20752566,0.46921323,0.32326112
CubePlus_0903.tiff,0.19835294,0.46423529,0.33741176
CubePlus_0904.tiff,0.22248848,0.47714286,0.30036866
CubePlus_0905.tiff,0.38608964,0.46120556,0.15270479
CubePlus_0906.tiff,0.21515562,0.46684709,0.31799729
CubePlus_0907.tiff,0.21144279,0.4721704,0.31638682
CubePlus_0908.tiff,0.2124936,0.47158218,0.31592422
CubePlus_0909.tiff,0.21394111,0.47795708,0.30810181
CubePlus_0910.tiff,0.28030994,0.49498633,0.22470374
CubePlus_0911.tiff,0.19106317,0.46733436,0.34160247
CubePlus_0912.tiff,0.20387175,0.47005445,0.32607381
CubePlus_0913.tiff,0.20269403,0.46760744,0.32969852
CubePlus_0914.tiff,0.21683068,0.47472005,0.30844927
CubePlus_0915.tiff,0.2861596,0.49625935,0.21758105
CubePlus_0916.tiff,0.21779019,0.46709214,0.31511767
CubePlus_0917.tiff,0.19942684,0.47024612,0.33032704
CubePlus_0918.tiff,0.20287837,0.46843083,0.32869081
CubePlus_0919.tiff,0.18302207,0.46315789,0.35382003
CubePlus_0920.tiff,0.38810546,0.45984059,0.15205395
CubePlus_0921.tiff,0.17060407,0.45723684,0.37215909
CubePlus_0922.tiff,0.20214965,0.46858206,0.32926829
CubePlus_0923.tiff,0.19020822,0.46314012,0.34665166
CubePlus_0924.tiff,0.17581417,0.46185379,0.36233204
CubePlus_0925.tiff,0.37897222,0.46322862,0.15779916
CubePlus_0926.tiff,0.18789809,0.46390658,0.34819533
CubePlus_0927.tiff,0.21472307,0.47439466,0.31088227
CubePlus_0928.tiff,0.17959927,0.46120219,0.35919854
CubePlus_0929.tiff,0.20224719,0.46808989,0.32966292
CubePlus_0930.tiff,0.20481928,0.47791165,0.31726908
CubePlus_0931.tiff,0.20686084,0.47055016,0.322589
CubePlus_0932.tiff,0.20490064,0.47192746,0.32317191
CubePlus_0933.tiff,0.202138,0.46258503,0.33527697
CubePlus_0934.tiff,0.20013584,0.47000226,0.3298619
CubePlus_0935.tiff,0.20404722,0.48454188,0.31141091
CubePlus_0936.tiff,0.19580518,0.46523086,0.33896396
CubePlus_0937.tiff,0.20334163,0.46676146,0.32989691
CubePlus_0938.tiff,0.20801034,0.46973053,0.32225914
CubePlus_0939.tiff,0.20895737,0.4719182,0.31912442
CubePlus_0940.tiff,0.38489426,0.46102719,0.15407855
CubePlus_0941.tiff,0.20146796,0.47134657,0.32718547
CubePlus_0942.tiff,0.20538813,0.47159817,0.3230137
CubePlus_0943.tiff,0.21324892,0.47127857,0.31547251
CubePlus_0944.tiff,0.17686659,0.46022032,0.3629131
CubePlus_0945.tiff,0.25598086,0.50239234,0.24162679
CubePlus_0946.tiff,0.2140772,0.47259163,0.31333117
CubePlus_0947.tiff,0.22851563,0.47005208,0.30143229
CubePlus_0948.tiff,0.18946396,0.46358595,0.34695009
CubePlus_0949.tiff,0.20634137,0.47036744,0.32329119
CubePlus_0950.tiff,0.20238095,0.48015873,0.31746032
CubePlus_0951.tiff,0.18415324,0.46451894,0.35132782
CubePlus_0952.tiff,0.20450136,0.46953822,0.32596042
CubePlus_0953.tiff,0.20137069,0.4694618,0.32916751
CubePlus_0954.tiff,0.20967301,0.4729939,0.31733309
CubePlus_0955.tiff,0.38128655,0.46140351,0.15730994
CubePlus_0956.tiff,0.21121315,0.4722088,0.31657806
CubePlus_0957.tiff,0.19973545,0.46851852,0.33174603
CubePlus_0958.tiff,0.16734694,0.45306122,0.37959184
CubePlus_0959.tiff,0.18482252,0.4626683,0.35250918
CubePlus_0960.tiff,0.27636364,0.49454545,0.22909091
CubePlus_0961.tiff,0.20052957,0.47043248,0.32903795
CubePlus_0962.tiff,0.19566491,0.46309315,0.34124194
CubePlus_0963.tiff,0.21562607,0.47355851,0.31081542
CubePlus_0964.tiff,0.20009095,0.46612096,0.33378809
CubePlus_0965.tiff,0.37798323,0.48484197,0.1371748
CubePlus_0966.tiff,0.18305224,0.45907034,0.35787742
CubePlus_0967.tiff,0.19572292,0.46768945,0.33658763
CubePlus_0968.tiff,0.20182901,0.47001276,0.32815823
CubePlus_0969.tiff,0.19512195,0.46555413,0.33932392
CubePlus_0970.tiff,0.48130322,0.44076268,0.0779341
CubePlus_0971.tiff,0.20311129,0.46844834,0.32844037
CubePlus_0972.tiff,0.2074971,0.47238348,0.32011942
CubePlus_0973.tiff,0.21382177,0.46609509,0.32008314
CubePlus_0974.tiff,0.21684717,0.47484958,0.30830325
CubePlus_0975.tiff,0.38187373,0.46028513,0.15784114
CubePlus_0976.tiff,0.20846053,0.47012647,0.321413
CubePlus_0977.tiff,0.19173942,0.46423774,0.34402283
CubePlus_0978.tiff,0.21528949,0.46599213,0.31871838
CubePlus_0979.tiff,0.18646081,0.45803642,0.35550277
CubePlus_0980.tiff,0.38472737,0.46095818,0.15431445
CubePlus_0981.tiff,0.17911975,0.46264074,0.35823951
CubePlus_0982.tiff,0.20324427,0.46851145,0.32824427
CubePlus_0983.tiff,0.21722963,0.47474434,0.30802603
CubePlus_0984.tiff,0.20847458,0.47033898,0.32118644
CubePlus_0985.tiff,0.29087828,0.49929398,0.20982773
CubePlus_0986.tiff,0.20452311,0.46853491,0.32694199
CubePlus_0987.tiff,0.19014755,0.4631128,0.34673965
CubePlus_0988.tiff,0.18359375,0.46037946,0.35602679
CubePlus_0989.tiff,0.20163308,0.46937969,0.32898723
CubePlus_0990.tiff,0.25080848,0.49407115,0.25512037
CubePlus_0991.tiff,0.19988102,0.46519929,0.33491969
CubePlus_0992.tiff,0.20483716,0.46957129,0.32559155
CubePlus_0993.tiff,0.20667794,0.46956889,0.32375317
CubePlus_0994.tiff,0.23190443,0.47575545,0.29234013
CubePlus_0995.tiff,0.39488966,0.45760743,0.1475029
CubePlus_0996.tiff,0.1787737,0.46023147,0.36099483
CubePlus_0997.tiff,0.20090439,0.46899225,0.33010336
CubePlus_0998.tiff,0.20321361,0.46691871,0.32986767
CubePlus_0999.tiff,0.20925205,0.47233031,0.31841764
CubePlus_1000.tiff,0.28720627,0.50130548,0.21148825
CubePlus_1001.tiff,0.23895582,0.47590361,0.28514056
CubePlus_1002.tiff,0.2039031,0.46702557,0.32907133
CubePlus_1003.tiff,0.19340404,0.46503149,0.34156447
CubePlus_1004.tiff,0.18240647,0.45945399,0.35813953
CubePlus_1005.tiff,0.20271682,0.48171369,0.31556949
CubePlus_1006.tiff,0.20805703,0.47115385,0.32078912
CubePlus_1007.tiff,0.1999355,0.46597872,0.33408578
CubePlus_1008.tiff,0.21320017,0.47242727,0.31437256
CubePlus_1009.tiff,0.2059656,0.47332898,0.32070542
CubePlus_1010.tiff,0.46690703,0.44398661,0.08910636
CubePlus_1011.tiff,0.2004137,0.4693174,0.3302689
CubePlus_1012.tiff,0.17460317,0.46031746,0.36507937
CubePlus_1013.tiff,0.21437741,0.4775353,0.30808729
CubePlus_1014.tiff,0.20094899,0.46998814,0.32906287
CubePlus_1015.tiff,0.26642214,0.49716572,0.23641214
CubePlus_1016.tiff,0.20233623,0.47291482,0.32474896
CubePlus_1017.tiff,0.20402893,0.46745868,0.3285124
CubePlus_1018.tiff,0.19648241,0.46582915,0.33768844
CubePlus_1019.tiff,0.19245283,0.45283019,0.35471698
CubePlus_1020.tiff,0.29122393,0.49980323,0.20897285
CubePlus_1021.tiff,0.19869707,0.46742671,0.33387622
CubePlus_1022.tiff,0.20751604,0.47222731,0.32025665
CubePlus_1023.tiff,0.20402178,0.46920821,0.32677
CubePlus_1024.tiff,0.19735007,0.46966527,0.33298466
CubePlus_1025.tiff,0.38882283,0.46016647,0.1510107
CubePlus_1026.tiff,0.20135939,0.46516568,0.33347494
CubePlus_1027.tiff,0.19373657,0.46822229,0.33804114
CubePlus_1028.tiff,0.22096056,0.4637103,0.31532914
CubePlus_1029.tiff,0.20636137,0.4696302,0.32400843
CubePlus_1030.tiff,0.38690969,0.47970174,0.13338857
CubePlus_1031.tiff,0.18375095,0.46140218,0.35484687
CubePlus_1032.tiff,0.21074695,0.47179878,0.31745427
CubePlus_1033.tiff,0.20129463,0.46920025,0.32950512
CubePlus_1034.tiff,0.21636265,0.47552826,0.30810908
CubePlus_1035.tiff,0.29863481,0.50511945,0.19624573
CubePlus_1036.tiff,0.20288066,0.4691358,0.32798354
CubePlus_1037.tiff,0.20072072,0.46750751,0.33177177
CubePlus_1038.tiff,0.19994689,0.46508232,0.33497079
CubePlus_1039.tiff,0.20179629,0.46818269,0.33002102
CubePlus_1040.tiff,0.47363281,0.44856771,0.07779948
CubePlus_1041.tiff,0.20170775,0.46914774,0.32914451
CubePlus_1042.tiff,0.16236972,0.44980801,0.38782227
CubePlus_1043.tiff,0.21026184,0.47209733,0.31764084
CubePlus_1044.tiff,0.19987453,0.46712673,0.33299875
CubePlus_1045.tiff,0.29173496,0.49613674,0.21212831
CubePlus_1046.tiff,0.1946464,0.46463979,0.34071381
CubePlus_1047.tiff,0.16891892,0.4527027,0.37837838
CubePlus_1048.tiff,0.20802782,0.47292724,0.31904493
CubePlus_1049.tiff,0.21664168,0.47301349,0.31034483
CubePlus_1050.tiff,0.27540564,0.49679761,0.22779675
CubePlus_1051.tiff,0.24278116,0.47378419,0.28343465
CubePlus_1052.tiff,0.20124031,0.46806202,0.33069767
CubePlus_1053.tiff,0.19682018,0.45592327,0.34725655
CubePlus_1054.tiff,0.21908823,0.47490981,0.30600197
CubePlus_1055.tiff,0.47061863,0.4423446,0.08703676
CubePlus_1056.tiff,0.20548317,0.46905537,0.32546145
CubePlus_1057.tiff,0.1995813,0.46545708,0.33496162
CubePlus_1058.tiff,0.20321893,0.47062245,0.32615862
CubePlus_1059.tiff,0.17504836,0.45502901,0.36992263
CubePlus_1060.tiff,0.25995316,0.49882904,0.2412178
CubePlus_1061.tiff,0.20107285,0.46945838,0.32946877
CubePlus_1062.tiff,0.2022409,0.46778711,0.32997199
CubePlus_1063.tiff,0.20903454,0.47077059,0.32019486
CubePlus_1064.tiff,0.20310559,0.4689441,0.32795031
CubePlus_1065.tiff,0.38709677,0.45842799,0.15447524
CubePlus_1066.tiff,0.2015544,0.46839378,0.33005181
CubePlus_1067.tiff,0.20884078,0.47636947,0.31478976
CubePlus_1068.tiff,0.18486251,0.4622924,0.35284509
CubePlus_1069.tiff,0.20051086,0.46530438,0.33418476
CubePlus_1070.tiff,0.24863601,0.5035074,0.24785659
CubePlus_1071.tiff,0.20978769,0.47103275,0.31917956
CubePlus_1072.tiff,0.17841484,0.46273187,0.35885329
CubePlus_1073.tiff,0.20102937,0.46942174,0.32954889
CubePlus_1074.tiff,0.19074814,0.4625928,0.34665905
CubePlus_1075.tiff,0.38319198,0.46106399,0.15574402
CubePlus_1076.tiff,0.20113798,0.46913229,0.32972973
CubePlus_1077.tiff,0.20380679,0.47189801,0.32429521
CubePlus_1078.tiff,0.207038,0.47063903,0.32232297
CubePlus_1079.tiff,0.2002683,0.4679954,0.3317363
CubePlus_1080.tiff,0.37603149,0.46362444,0.16034407
CubePlus_1081.tiff,0.19793621,0.46904315,0.33302064
CubePlus_1082.tiff,0.20092838,0.47015915,0.32891247
CubePlus_1083.tiff,0.19977395,0.46736366,0.33286239
CubePlus_1084.tiff,0.20371677,0.46883086,0.32745236
CubePlus_1085.tiff,0.39484536,0.47628866,0.12886598
CubePlus_1086.tiff,0.20497312,0.47110215,0.32392473
CubePlus_1087.tiff,0.16033511,0.45659396,0.38307092
CubePlus_1088.tiff,0.2012124,0.46794125,0.33084635
CubePlus_1089.tiff,0.20268888,0.46690048,0.33041064
CubePlus_1090.tiff,0.48232283,0.4400096,0.07766757
CubePlus_1091.tiff,0.19849081,0.46620735,0.33530184
CubePlus_1092.tiff,0.2025666,0.46962313,0.32781027
CubePlus_1093.tiff,0.23191095,0.46846011,0.29962894
CubePlus_1094.tiff,0.18847795,0.45945946,0.35206259
CubePlus_1095.tiff,0.29483358,0.49627422,0.2088922
CubePlus_1096.tiff,0.21207785,0.47452776,0.31339439
CubePlus_1097.tiff,0.19158378,0.46748279,0.34093344
CubePlus_1098.tiff,0.2,0.4644898,0.3355102
CubePlus_1099.tiff,0.19210687,0.46965485,0.33823829
CubePlus_1100.tiff,0.28509485,0.49810298,0.21680217
CubePlus_1101.tiff,0.16734143,0.45479082,0.37786775
CubePlus_1102.tiff,0.20136286,0.46848382,0.33015332
CubePlus_1103.tiff,0.20261873,0.46848646,0.32889481
CubePlus_1104.tiff,0.19284065,0.46728253,0.33987683
CubePlus_1105.tiff,0.27856226,0.49807445,0.22336329
CubePlus_1106.tiff,0.2037246,0.46867946,0.32759594
CubePlus_1107.tiff,0.20419034,0.47052557,0.32528409
CubePlus_1108.tiff,0.17278732,0.46036988,0.3668428
CubePlus_1109.tiff,0.20281273,0.46780163,0.32938564
CubePlus_1110.tiff,0.37885738,0.46142619,0.15971643
CubePlus_1111.tiff,0.20235962,0.47147551,0.32616487
CubePlus_1112.tiff,0.20424242,0.46606061,0.32969697
CubePlus_1113.tiff,0.20430487,0.46859562,0.32709951
CubePlus_1114.tiff,0.20056062,0.47091801,0.32852137
CubePlus_1115.tiff,0.35029547,0.48456993,0.1651346
CubePlus_1116.tiff,0.2014652,0.46764347,0.33089133
CubePlus_1117.tiff,0.19330357,0.47008929,0.33660714
CubePlus_1118.tiff,0.20910698,0.47148541,0.3194076
CubePlus_1119.tiff,0.2014122,0.47217016,0.32641764
CubePlus_1120.tiff,0.46964587,0.44856661,0.08178752
CubePlus_1121.tiff,0.21212121,0.46262626,0.32525253
CubePlus_1122.tiff,0.20015924,0.46863057,0.33121019
CubePlus_1123.tiff,0.20107335,0.46690519,0.33202147
CubePlus_1124.tiff,0.16921899,0.45788668,0.37289433
CubePlus_1125.tiff,0.28092399,0.49776453,0.22131148
CubePlus_1126.tiff,0.20220244,0.47129803,0.32649953
CubePlus_1127.tiff,0.20163488,0.46684832,0.3315168
CubePlus_1128.tiff,0.20280702,0.46596491,0.33122807
CubePlus_1129.tiff,0.21013728,0.47138332,0.31847941
CubePlus_1130.tiff,0.47265956,0.44862028,0.07872016
CubePlus_1131.tiff,0.18887198,0.46402956,0.34709846
CubePlus_1132.tiff,0.20263158,0.46578947,0.33157895
CubePlus_1133.tiff,0.20549242,0.46875,0.32575758
CubePlus_1134.tiff,0.2079076,0.46779209,0.32430031
CubePlus_1135.tiff,0.38251792,0.46135868,0.1561234
CubePlus_1136.tiff,0.1942778,0.46294416,0.34277803
CubePlus_1137.tiff,0.20742592,0.47090325,0.32167083
CubePlus_1138.tiff,0.16491228,0.45614035,0.37894737
CubePlus_1139.tiff,0.20030407,0.46978335,0.32991258
CubePlus_1140.tiff,0.20371886,0.48216583,0.31411531
CubePlus_1141.tiff,0.15958211,0.45595821,0.38445968
CubePlus_1142.tiff,0.1928383,0.46632177,0.34083993
CubePlus_1143.tiff,0.208981,0.47389398,0.31712502
CubePlus_1144.tiff,0.20762905,0.47053449,0.32183646
CubePlus_1145.tiff,0.46442361,0.43960287,0.09597352
CubePlus_1146.tiff,0.20187455,0.46935833,0.32876712
CubePlus_1147.tiff,0.20188482,0.46638743,0.33172775
CubePlus_1148.tiff,0.17103984,0.45772595,0.37123421
CubePlus_1149.tiff,0.20386462,0.47198719,0.32414818
CubePlus_1150.tiff,0.38062112,0.46285714,0.15652174
CubePlus_1151.tiff,0.16218354,0.45411392,0.38370253
CubePlus_1152.tiff,0.20774216,0.47101068,0.32124715
CubePlus_1153.tiff,0.21208791,0.46703297,0.32087912
CubePlus_1154.tiff,0.2028972,0.46981308,0.32728972
CubePlus_1155.tiff,0.3837535,0.46078431,0.15546218
CubePlus_1156.tiff,0.19894447,0.46661313,0.3344424
CubePlus_1157.tiff,0.2088382,0.47113329,0.32002851
CubePlus_1158.tiff,0.24174757,0.47378641,0.28446602
CubePlus_1159.tiff,0.20371912,0.46738829,0.32889259
CubePlus_1160.tiff,0.25667828,0.49651568,0.24680604
CubePlus_1161.tiff,0.19875402,0.47072615,0.33051983
CubePlus_1162.tiff,0.21476385,0.47508367,0.31015247
CubePlus_1163.tiff,0.20205687,0.46581972,0.33212341
CubePlus_1164.tiff,0.16236817,0.45379555,0.38383627
CubePlus_1165.tiff,0.37895511,0.46210449,0.1589404
CubePlus_1166.tiff,0.2046167,0.46964947,0.32573383
CubePlus_1167.tiff,0.16842996,0.45429539,0.37727465
CubePlus_1168.tiff,0.19744795,0.46406985,0.3384822
CubePlus_1169.tiff,0.2021764,0.46735395,0.33046964
CubePlus_1170.tiff,0.27745424,0.4937604,0.22878536
CubePlus_1171.tiff,0.20498084,0.46775223,0.32726692
CubePlus_1172.tiff,0.2031906,0.46767422,0.32913518
CubePlus_1173.tiff,0.20534351,0.46908397,0.32557252
CubePlus_1174.tiff,0.20312779,0.47303324,0.32383897
CubePlus_1175.tiff,0.37579618,0.46019108,0.16401274
CubePlus_1176.tiff,0.1874465,0.46276748,0.34978602
CubePlus_1177.tiff,0.21708892,0.47441629,0.30849478
CubePlus_1178.tiff,0.20640956,0.47039652,0.32319392
CubePlus_1179.tiff,0.1860687,0.46278626,0.35114504
CubePlus_1180.tiff,0.38167135,0.46207865,0.15625
CubePlus_1181.tiff,0.15638271,0.44916313,0.39445416
CubePlus_1182.tiff,0.19322328,0.46463944,0.34213727
CubePlus_1183.tiff,0.19954476,0.46661608,0.33383915
CubePlus_1184.tiff,0.20543841,0.46814149,0.32642009
CubePlus_1185.tiff,0.38161296,0.46295479,0.15543225
CubePlus_1186.tiff,0.16580388,0.46013903,0.37405709
CubePlus_1187.tiff,0.20296167,0.4684669,0.32857143
CubePlus_1188.tiff,0.18672439,0.46378066,0.34949495
CubePlus_1189.tiff,0.20565193,0.47299944,0.32134863
CubePlus_1190.tiff,0.29436893,0.50213592,0.20349515
CubePlus_1191.tiff,0.18890555,0.46026987,0.35082459
CubePlus_1192.tiff,0.19974144,0.46606335,0.33419522
CubePlus_1193.tiff,0.18841151,0.46836815,0.34322034
CubePlus_1194.tiff,0.20491803,0.46890899,0.32617298
CubePlus_1195.tiff,0.38224181,0.4615869,0.15617128
CubePlus_1196.tiff,0.2185129,0.46889226,0.31259484
CubePlus_1197.tiff,0.20924658,0.46917808,0.32157534
CubePlus_1198.tiff,0.20260456,0.47019785,0.3271976
CubePlus_1199.tiff,0.20821414,0.47118921,0.32059665
CubePlus_1200.tiff,0.28875639,0.49744463,0.21379898
CubePlus_1201.tiff,0.21324621,0.47282447,0.31392931
CubePlus_1202.tiff,0.20924499,0.46533128,0.32542373
CubePlus_1203.tiff,0.20094192,0.47191318,0.3271449
CubePlus_1204.tiff,0.21617574,0.47079381,0.31303045
CubePlus_1205.tiff,0.47306706,0.45071455,0.0762184
CubePlus_1206.tiff,0.20043037,0.46910544,0.33046419
CubePlus_1207.tiff,0.20458831,0.46825896,0.32715273
CubePlus_1208.tiff,0.20412569,0.46917726,0.32669705
CubePlus_1209.tiff,0.20247934,0.46576151,0.33175915
CubePlus_1210.tiff,0.38403282,0.46134427,0.15462291
CubePlus_1211.tiff,0.20009231,0.46872836,0.33117932
CubePlus_1212.tiff,0.21612931,0.47643226,0.30743844
CubePlus_1213.tiff,0.22547365,0.4815525,0.29297384
CubePlus_1214.tiff,0.19680851,0.46331151,0.33987998
CubePlus_1215.tiff,0.20475239,0.48345547,0.31179214
CubePlus_1216.tiff,0.1795501,0.45644172,0.36400818
CubePlus_1217.tiff,0.2009009,0.46486486,0.33423423
CubePlus_1218.tiff,0.20439691,0.46939988,0.32620321
CubePlus_1219.tiff,0.210809,0.47163478,0.31755623
CubePlus_1220.tiff,0.37081621,0.48825602,0.14092777
CubePlus_1221.tiff,0.19879518,0.46471601,0.33648881
CubePlus_1222.tiff,0.20295453,0.47366498,0.32338049
CubePlus_1223.tiff,0.19292293,0.46921958,0.33785749
CubePlus_1224.tiff,0.23672177,0.47555399,0.28772423
CubePlus_1225.tiff,0.47708996,0.44398728,0.07892276
CubePlus_1226.tiff,0.22738386,0.46943765,0.30317848
CubePlus_1227.tiff,0.20626944,0.47355827,0.32017229
CubePlus_1228.tiff,0.21316033,0.46987952,0.31696015
CubePlus_1229.tiff,0.2060817,0.47096538,0.32295292
CubePlus_1230.tiff,0.38307916,0.46259985,0.15432099
CubePlus_1231.tiff,0.18898187,0.46304045,0.34797768
CubePlus_1232.tiff,0.20284308,0.47074904,0.32640787
CubePlus_1233.tiff,0.16359447,0.45794931,0.37845622
CubePlus_1234.tiff,0.21418338,0.46991404,0.31590258
CubePlus_1235.tiff,0.25619835,0.49704841,0.24675325
CubePlus_1236.tiff,0.19936618,0.46153846,0.33909536
CubePlus_1237.tiff,0.2040521,0.47001126,0.32593665
CubePlus_1238.tiff,0.23162004,0.46931251,0.29906745
CubePlus_1239.tiff,0.2161191,0.47330595,0.31057495
CubePlus_1240.tiff,0.47697491,0.446113,0.0769121
CubePlus_1241.tiff,0.20603567,0.4702332,0.32373114
CubePlus_1242.tiff,0.20598847,0.47498605,0.31902548
CubePlus_1243.tiff,0.18335344,0.46170084,0.35494572
CubePlus_1244.tiff,0.17762238,0.46013986,0.36223776
CubePlus_1245.tiff,0.37779217,0.49077371,0.13143412
CubePlus_1246.tiff,0.20656455,0.46739606,0.32603939
CubePlus_1247.tiff,0.19912949,0.46572361,0.3351469
CubePlus_1248.tiff,0.20997163,0.47223348,0.31779489
CubePlus_1249.tiff,0.17439294,0.46136865,0.36423841
CubePlus_1250.tiff,0.29983306,0.50851419,0.19165275
CubePlus_1251.tiff,0.20166988,0.46885035,0.32947977
CubePlus_1252.tiff,0.20407577,0.46986223,0.326062
CubePlus_1253.tiff,0.17182021,0.45744342,0.37073637
CubePlus_1254.tiff,0.15947925,0.45628786,0.38423289
CubePlus_1255.tiff,0.38315357,0.46122239,0.15562404
CubePlus_1256.tiff,0.20317933,0.46878622,0.32803444
CubePlus_1257.tiff,0.20416626,0.46914799,0.32668575
CubePlus_1258.tiff,0.20348688,0.46987437,0.32663875
CubePlus_1259.tiff,0.20207469,0.47053942,0.32738589
CubePlus_1260.tiff,0.38570548,0.46087492,0.15341959
CubePlus_1261.tiff,0.20089383,0.47002398,0.32908219
CubePlus_1262.tiff,0.20797546,0.47116564,0.3208589
CubePlus_1263.tiff,0.19206621,0.46347032,0.34446347
CubePlus_1264.tiff,0.17727338,0.4602787,0.36244792
CubePlus_1265.tiff,0.38392107,0.46127204,0.15480688
CubePlus_1266.tiff,0.1937542,0.46490934,0.34133647
CubePlus_1267.tiff,0.22837495,0.4723127,0.29931234
CubePlus_1268.tiff,0.18951165,0.46115427,0.34933407
CubePlus_1269.tiff,0.2019757,0.46976372,0.32826058
CubePlus_1270.tiff,0.47440197,0.43874357,0.08685446
CubePlus_1271.tiff,0.21170499,0.47118543,0.31710958
CubePlus_1272.tiff,0.21909736,0.4754252,0.30547743
CubePlus_1273.tiff,0.20059583,0.46816727,0.3312369
CubePlus_1274.tiff,0.20907248,0.46984288,0.32108464
CubePlus_1275.tiff,0.25275417,0.49449166,0.25275417
CubePlus_1276.tiff,0.19948747,0.46799544,0.33251708
CubePlus_1277.tiff,0.20195385,0.47170288,0.32634327
CubePlus_1278.tiff,0.20685901,0.46924333,0.32389766
CubePlus_1279.tiff,0.16325785,0.45726808,0.37947407
CubePlus_1280.tiff,0.38748037,0.45927754,0.15324209
CubePlus_1281.tiff,0.17117117,0.45045045,0.37837838
CubePlus_1282.tiff,0.20609027,0.46982055,0.32408918
CubePlus_1283.tiff,0.20272572,0.46905168,0.3282226
CubePlus_1284.tiff,0.19862041,0.46703185,0.33434774
CubePlus_1285.tiff,0.20088814,0.4806513,0.31846056
CubePlus_1286.tiff,0.19025929,0.4639103,0.34583041
CubePlus_1287.tiff,0.20553965,0.47453226,0.31992809
CubePlus_1288.tiff,0.16614201,0.4578524,0.3760056
CubePlus_1289.tiff,0.20678108,0.47082461,0.32239431
CubePlus_1290.tiff,0.38173653,0.46257485,0.15568862
CubePlus_1291.tiff,0.1986191,0.46812428,0.33325662
CubePlus_1292.tiff,0.22445141,0.47272727,0.30282132
CubePlus_1293.tiff,0.21424788,0.47457627,0.31117585
CubePlus_1294.tiff,0.18003731,0.4636194,0.35634328
CubePlus_1295.tiff,0.48168183,0.43742316,0.08089501
CubePlus_1296.tiff,0.20024934,0.46618357,0.33356709
CubePlus_1297.tiff,0.19726422,0.46436285,0.33837293
CubePlus_1298.tiff,0.20135797,0.47495548,0.32368655
CubePlus_1299.tiff,0.2136336,0.47169811,0.31466829
CubePlus_1300.tiff,0.38326848,0.4614786,0.15525292
CubePlus_1301.tiff,0.207183,0.47129245,0.32152455
CubePlus_1302.tiff,0.20319303,0.46770682,0.32910015
CubePlus_1303.tiff,0.20014618,0.46826654,0.33158728
CubePlus_1304.tiff,0.16167171,0.45174594,0.38658235
CubePlus_1305.tiff,0.20421754,0.48779134,0.30799112
CubePlus_1306.tiff,0.1788017,0.4613933,0.359805
CubePlus_1307.tiff,0.20558424,0.47045324,0.32396252
CubePlus_1308.tiff,0.20543565,0.46842526,0.32613909
CubePlus_1309.tiff,0.20357371,0.46904914,0.32737715
CubePlus_1310.tiff,0.28942035,0.49432509,0.21625456
CubePlus_1311.tiff,0.18418839,0.46593776,0.34987384
CubePlus_1312.tiff,0.1682787,0.45912865,0.37259266
CubePlus_1313.tiff,0.20227508,0.47507756,0.32264736
CubePlus_1314.tiff,0.1977507,0.46686303,0.33538626
CubePlus_1315.tiff,0.38847986,0.45993937,0.15158077
CubePlus_1316.tiff,0.21183432,0.47573964,0.31242604
CubePlus_1317.tiff,0.197515,0.46443873,0.33804627
CubePlus_1318.tiff,0.2137931,0.47438424,0.31182266
CubePlus_1319.tiff,0.21047331,0.47029204,0.31923464
CubePlus_1320.tiff,0.48353339,0.440751,0.0757156
CubePlus_1321.tiff,0.20136758,0.47216621,0.3264662
CubePlus_1322.tiff,0.20566081,0.47226661,0.32207259
CubePlus_1323.tiff,0.20539799,0.4684355,0.32616651
CubePlus_1324.tiff,0.21436004,0.47502601,0.31061394
CubePlus_1325.tiff,0.47952218,0.43100926,0.08946855
CubePlus_1326.tiff,0.20656314,0.46996777,0.32346909
CubePlus_1327.tiff,0.20101981,0.47107276,0.32790743
CubePlus_1328.tiff,0.20810752,0.47040971,0.32148277
CubePlus_1329.tiff,0.20112016,0.46741344,0.3314664
CubePlus_1330.tiff,0.37577256,0.46106304,0.1631644
CubePlus_1331.tiff,0.20153381,0.46773837,0.33072782
CubePlus_1332.tiff,0.20421635,0.46954855,0.32623509
CubePlus_1333.tiff,0.21045621,0.46053946,0.32900433
CubePlus_1334.tiff,0.20378663,0.46979339,0.32641999
CubePlus_1335.tiff,0.38603013,0.4611622,0.15280767
CubePlus_1336.tiff,0.20301291,0.46879484,0.32819225
CubePlus_1337.tiff,0.21733129,0.47285276,0.30981595
CubePlus_1338.tiff,0.20185185,0.46851852,0.32962963
CubePlus_1339.tiff,0.19082479,0.46217667,0.34699854
CubePlus_1340.tiff,0.30073801,0.49446494,0.20479705
CubePlus_1341.tiff,0.19330454,0.4600432,0.34665227
CubePlus_1342.tiff,0.203229,0.46863051,0.32814049
CubePlus_1343.tiff,0.2067487,0.46998509,0.32326622
CubePlus_1344.tiff,0.20196353,0.46676017,0.3312763
CubePlus_1345.tiff,0.38502151,0.46147829,0.1535002
CubePlus_1346.tiff,0.20212413,0.46730833,0.33056754
CubePlus_1347.tiff,0.18384947,0.4629557,0.35319483
CubePlus_1348.tiff,0.21404983,0.47433203,0.31161813
CubePlus_1349.tiff,0.2052886,0.46858118,0.32613022
CubePlus_1350.tiff,0.2489244,0.49423786,0.25683774
CubePlus_1351.tiff,0.20233139,0.46988621,0.3277824
CubePlus_1352.tiff,0.18812341,0.46532127,0.34655532
CubePlus_1353.tiff,0.18561903,0.46044332,0.35393765
CubePlus_1354.tiff,0.16986564,0.45585413,0.37428023
CubePlus_1355.tiff,0.38041002,0.46013667,0.1594533
CubePlus_1356.tiff,0.2376212,0.47472527,0.28765352
CubePlus_1357.tiff,0.19986937,0.46984542,0.33028522
CubePlus_1358.tiff,0.15408202,0.45228057,0.39363741
CubePlus_1359.tiff,0.20164512,0.46768508,0.3306698
CubePlus_1360.tiff,0.479691,0.43832544,0.08198355
CubePlus_1361.tiff,0.20267644,0.46889952,0.32842404
CubePlus_1362.tiff,0.20650067,0.47055315,0.32294618
CubePlus_1363.tiff,0.20008883,0.46702199,0.33288918
CubePlus_1364.tiff,0.20137687,0.46978316,0.32883997
CubePlus_1365.tiff,0.38273796,0.46177058,0.15549146
CubePlus_1366.tiff,0.20324544,0.46693712,0.32981744
CubePlus_1367.tiff,0.20200463,0.4691596,0.32883577
CubePlus_1368.tiff,0.2049456,0.4694362,0.3256182
CubePlus_1369.tiff,0.16528222,0.45623003,0.37848775
CubePlus_1370.tiff,0.38386856,0.4798357,0.13629574
CubePlus_1371.tiff,0.2056108,0.46946023,0.32492898
CubePlus_1372.tiff,0.19591409,0.46673651,0.3373494
CubePlus_1373.tiff,0.18923199,0.46634996,0.34441805
CubePlus_1374.tiff,0.20093565,0.46976267,0.32930169
CubePlus_1375.tiff,0.22908745,0.49524715,0.2756654
CubePlus_1376.tiff,0.20307918,0.46774194,0.32917889
CubePlus_1377.tiff,0.16324889,0.45195014,0.38480097
CubePlus_1378.tiff,0.20436681,0.47382481,0.32180837
CubePlus_1379.tiff,0.20778477,0.46994848,0.32226674
CubePlus_1380.tiff,0.35138765,0.4820949,0.16651746
CubePlus_1381.tiff,0.21125,0.4703125,0.3184375
CubePlus_1382.tiff,0.21140732,0.47241166,0.31618103
CubePlus_1383.tiff,0.21404895,0.47386537,0.31208567
CubePlus_1384.tiff,0.20129765,0.46974858,0.32895377
CubePlus_1385.tiff,0.27310749,0.503555,0.22333752
CubePlus_1386.tiff,0.2016075,0.46550569,0.33288681
CubePlus_1387.tiff,0.20261438,0.46666667,0.33071895
CubePlus_1388.tiff,0.21750952,0.47417074,0.30831974
CubePlus_1389.tiff,0.21057012,0.47232626,0.31710362
CubePlus_1390.tiff,0.25481314,0.49716874,0.24801812
CubePlus_1391.tiff,0.21272514,0.47468827,0.31258659
CubePlus_1392.tiff,0.20273973,0.46931507,0.32794521
CubePlus_1393.tiff,0.19571168,0.46487226,0.33941606
CubePlus_1394.tiff,0.20164609,0.46786958,0.33048433
CubePlus_1395.tiff,0.3820202,0.46242424,0.15555556
CubePlus_1396.tiff,0.2040556,0.47169256,0.32425184
CubePlus_1397.tiff,0.20478469,0.46794258,0.32727273
CubePlus_1398.tiff,0.20168806,0.47089854,0.3274134
CubePlus_1399.tiff,0.2007521,0.46890367,0.33034423
CubePlus_1400.tiff,0.26959248,0.50470219,0.22570533
CubePlus_1401.tiff,0.171,0.452,0.377
CubePlus_1402.tiff,0.2034498,0.46815568,0.32839452
CubePlus_1403.tiff,0.20967185,0.47046632,0.31986183
CubePlus_1404.tiff,0.21314496,0.47113022,0.31572482
CubePlus_1405.tiff,0.22222222,0.49016603,0.28761175
CubePlus_1406.tiff,0.18348491,0.46427025,0.35224484
CubePlus_1407.tiff,0.19642168,0.46994465,0.33363367
CubePlus_1408.tiff,0.20654266,0.4710712,0.32238614
CubePlus_1409.tiff,0.19399538,0.46420323,0.34180139
CubePlus_1410.tiff,0.27889908,0.49357798,0.22752294
CubePlus_1411.tiff,0.21421354,0.47153924,0.31424722
CubePlus_1412.tiff,0.20097488,0.46737908,0.33164604
CubePlus_1413.tiff,0.19973064,0.46612795,0.33414141
CubePlus_1414.tiff,0.20762712,0.47033898,0.3220339
CubePlus_1415.tiff,0.25565388,0.50245821,0.24188791
CubePlus_1416.tiff,0.20432264,0.47125668,0.32442068
CubePlus_1417.tiff,0.16012658,0.45316456,0.38670886
CubePlus_1418.tiff,0.20037658,0.47127065,0.32835277
CubePlus_1419.tiff,0.17291507,0.45600612,0.37107881
CubePlus_1420.tiff,0.38079569,0.46111277,0.15809153
CubePlus_1421.tiff,0.20549139,0.46981913,0.32468947
CubePlus_1422.tiff,0.17717087,0.45553221,0.36729692
CubePlus_1423.tiff,0.20081061,0.46904937,0.33014001
CubePlus_1424.tiff,0.19994477,0.47068029,0.32937494
CubePlus_1425.tiff,0.28220985,0.49721707,0.22057308
CubePlus_1426.tiff,0.21063395,0.46625767,0.32310838
CubePlus_1427.tiff,0.20519836,0.46785226,0.32694938
CubePlus_1428.tiff,0.20336243,0.46621403,0.33042354
CubePlus_1429.tiff,0.20361373,0.46948072,0.32690556
CubePlus_1430.tiff,0.22266205,0.49084612,0.28649184
CubePlus_1431.tiff,0.22802042,0.4736245,0.29835508
CubePlus_1432.tiff,0.20604651,0.47255814,0.32139535
CubePlus_1433.tiff,0.21564195,0.47287523,0.31148282
CubePlus_1434.tiff,0.19474058,0.4633973,0.34186212
CubePlus_1435.tiff,0.29626467,0.50330843,0.20042689
CubePlus_1436.tiff,0.19879437,0.46751507,0.33369056
CubePlus_1437.tiff,0.20030817,0.46718028,0.33251156
CubePlus_1438.tiff,0.21163895,0.47173397,0.31662708
CubePlus_1439.tiff,0.20540375,0.47006448,0.32453178
CubePlus_1440.tiff,0.38181818,0.46207792,0.1561039
CubePlus_1441.tiff,0.19623847,0.46593329,0.33782825
CubePlus_1442.tiff,0.20259939,0.46712538,0.33027523
CubePlus_1443.tiff,0.20468815,0.46944328,0.32586856
CubePlus_1444.tiff,0.20454545,0.47085561,0.32459893
CubePlus_1445.tiff,0.22432,0.49664,0.27904
CubePlus_1446.tiff,0.20487805,0.469606,0.32551595
CubePlus_1447.tiff,0.15780924,0.45254119,0.38964957
CubePlus_1448.tiff,0.20581655,0.46868009,0.32550336
CubePlus_1449.tiff,0.19559263,0.46613546,0.33827191
CubePlus_1450.tiff,0.38353414,0.46084337,0.15562249
CubePlus_1451.tiff,0.21039604,0.47249725,0.31710671
CubePlus_1452.tiff,0.15606242,0.45078031,0.39315726
CubePlus_1453.tiff,0.20439739,0.46661238,0.32899023
CubePlus_1454.tiff,0.17495183,0.45780347,0.3672447
CubePlus_1455.tiff,0.22751323,0.4973545,0.27513228
CubePlus_1456.tiff,0.18825957,0.46434304,0.34739739
CubePlus_1457.tiff,0.19900643,0.46902396,0.33196961
CubePlus_1458.tiff,0.21275121,0.47124047,0.31600832
CubePlus_1459.tiff,0.17916428,0.46078993,0.36004579
CubePlus_1460.tiff,0.38254081,0.48119233,0.13626686
CubePlus_1461.tiff,0.20655979,0.4711627,0.3222775
CubePlus_1462.tiff,0.21763393,0.47879464,0.30357143
CubePlus_1463.tiff,0.19025224,0.46746473,0.34228303
CubePlus_1464.tiff,0.21092388,0.46833236,0.32074375
CubePlus_1465.tiff,0.37723214,0.47991071,0.14285714
CubePlus_1466.tiff,0.2026889,0.46987747,0.32743363
CubePlus_1467.tiff,0.20594333,0.46233587,0.3317208
CubePlus_1468.tiff,0.20179629,0.46799159,0.33021212
CubePlus_1469.tiff,0.21861422,0.4729019,0.30848388
CubePlus_1470.tiff,0.38230088,0.46283186,0.15486726
CubePlus_1471.tiff,0.20050761,0.46720031,0.33229207
CubePlus_1472.tiff,0.18227545,0.46227545,0.3554491
CubePlus_1473.tiff,0.15994166,0.45721925,0.38283909
CubePlus_1474.tiff,0.20417928,0.47075481,0.32506591
CubePlus_1475.tiff,0.46866929,0.44080468,0.09052603
CubePlus_1476.tiff,0.16285453,0.45242452,0.38472095
CubePlus_1477.tiff,0.20868455,0.47305236,0.31826309
CubePlus_1478.tiff,0.17999065,0.46002805,0.3599813
CubePlus_1479.tiff,0.20132499,0.46853147,0.33014354
CubePlus_1480.tiff,0.48450727,0.43926689,0.07622584
CubePlus_1481.tiff,0.21025901,0.46216353,0.32757745
CubePlus_1482.tiff,0.19104478,0.4641791,0.34477612
CubePlus_1483.tiff,0.22549399,0.47578458,0.29872143
CubePlus_1484.tiff,0.1796997,0.4639039,0.3563964
CubePlus_1485.tiff,0.39096267,0.45579568,0.15324165
CubePlus_1486.tiff,0.20695505,0.46946565,0.3235793
CubePlus_1487.tiff,0.19667413,0.46818036,0.33514551
CubePlus_1488.tiff,0.16990583,0.45782408,0.37227009
CubePlus_1489.tiff,0.18446602,0.45900755,0.35652643
CubePlus_1490.tiff,0.37975647,0.46118721,0.15905632
CubePlus_1491.tiff,0.16829635,0.45863106,0.37307258
CubePlus_1492.tiff,0.20702619,0.47018408,0.32278973
CubePlus_1493.tiff,0.20167177,0.47198022,0.32634801
CubePlus_1494.tiff,0.20355389,0.47081768,0.32562843
CubePlus_1495.tiff,0.37608069,0.46253602,0.16138329
CubePlus_1496.tiff,0.2166205,0.47257618,0.31080332
CubePlus_1497.tiff,0.20010883,0.4674194,0.33247177
CubePlus_1498.tiff,0.20661428,0.47282253,0.3205632
CubePlus_1499.tiff,0.20419378,0.47057122,0.325235
CubePlus_1500.tiff,0.37969201,0.46150144,0.15880654
CubePlus_1501.tiff,0.20003609,0.46756293,0.33240097
CubePlus_1502.tiff,0.20504058,0.470739,0.32422042
CubePlus_1503.tiff,0.18757764,0.45838509,0.35403727
CubePlus_1504.tiff,0.19512962,0.46724273,0.33762765
CubePlus_1505.tiff,0.38310005,0.46034215,0.1565578
CubePlus_1506.tiff,0.18444909,0.45746165,0.35808926
CubePlus_1507.tiff,0.19833729,0.46555819,0.33610451
CubePlus_1508.tiff,0.2017466,0.4696566,0.3285968
CubePlus_1509.tiff,0.2061325,0.46956132,0.32430618
CubePlus_1510.tiff,0.38039562,0.46260754,0.15699684
CubePlus_1511.tiff,0.20527404,0.46690796,0.32781799
CubePlus_1512.tiff,0.19923918,0.46885402,0.3319068
CubePlus_1513.tiff,0.1984426,0.46721929,0.33433811
CubePlus_1514.tiff,0.16314935,0.45413961,0.38271104
CubePlus_1515.tiff,0.26369168,0.5010142,0.23529412
CubePlus_1516.tiff,0.20292044,0.47045989,0.32661967
CubePlus_1517.tiff,0.20718053,0.47256408,0.32025539
CubePlus_1518.tiff,0.2014482,0.46899369,0.32955811
CubePlus_1519.tiff,0.202781,0.47036914,0.32684986
CubePlus_1520.tiff,0.2056213,0.48964497,0.30473373
CubePlus_1521.tiff,0.1824417,0.46273434,0.35482396
CubePlus_1522.tiff,0.1906307,0.46603123,0.34333807
CubePlus_1523.tiff,0.20687802,0.46910263,0.32401934
CubePlus_1524.tiff,0.18677281,0.46172688,0.35150031
CubePlus_1525.tiff,0.35209924,0.47662214,0.17127863
CubePlus_1526.tiff,0.18716759,0.46316623,0.34966618
CubePlus_1527.tiff,0.19857089,0.46746897,0.33396014
CubePlus_1528.tiff,0.20454545,0.46689723,0.32855731
CubePlus_1529.tiff,0.20338836,0.46950478,0.32710686
CubePlus_1530.tiff,0.43892028,0.45963591,0.10144382
CubePlus_1531.tiff,0.2016102,0.4669574,0.33143241
CubePlus_1532.tiff,0.20161774,0.46704614,0.33133613
CubePlus_1533.tiff,0.20156633,0.4690689,0.32936477
CubePlus_1534.tiff,0.20263041,0.47024075,0.32712885
CubePlus_1535.tiff,0.38596491,0.46081871,0.15321637
CubePlus_1536.tiff,0.20258293,0.4699924,0.32742466
CubePlus_1537.tiff,0.19643186,0.4664337,0.33713445
CubePlus_1538.tiff,0.2027027,0.46756757,0.32972973
CubePlus_1539.tiff,0.20230263,0.46875,0.32894737
CubePlus_1540.tiff,0.37913959,0.46301455,0.15784587
CubePlus_1541.tiff,0.18041804,0.45984598,0.35973597
CubePlus_1542.tiff,0.20136852,0.4666015,0.33202998
CubePlus_1543.tiff,0.22616174,0.48106518,0.29277308
CubePlus_1544.tiff,0.20667653,0.47309044,0.32023303
CubePlus_1545.tiff,0.2747182,0.50241546,0.22286634
CubePlus_1546.tiff,0.19329204,0.46289587,0.34381208
CubePlus_1547.tiff,0.20476515,0.46957114,0.32566372
CubePlus_1548.tiff,0.21749963,0.47574381,0.30675656
CubePlus_1549.tiff,0.20854842,0.47222796,0.31922362
CubePlus_1550.tiff,0.38060856,0.46157813,0.15781331
CubePlus_1551.tiff,0.21433692,0.47096774,0.31469534
CubePlus_1552.tiff,0.20253165,0.46942414,0.32804421
CubePlus_1553.tiff,0.21021346,0.47176439,0.31802216
CubePlus_1554.tiff,0.20519316,0.46991767,0.32488917
CubePlus_1555.tiff,0.38183238,0.46069755,0.15747007
CubePlus_1556.tiff,0.17360666,0.45932095,0.36707239
CubePlus_1557.tiff,0.16588785,0.45747664,0.37663551
CubePlus_1558.tiff,0.20542961,0.47229219,0.3222782
CubePlus_1559.tiff,0.19615486,0.4689482,0.33489693
CubePlus_1560.tiff,0.20235726,0.48262666,0.31501607
CubePlus_1561.tiff,0.20335196,0.46927374,0.3273743
CubePlus_1562.tiff,0.20123987,0.4687649,0.32999523
CubePlus_1563.tiff,0.20148945,0.46752172,0.33098883
CubePlus_1564.tiff,0.20747762,0.47147622,0.32104616
CubePlus_1565.tiff,0.3820684,0.46212018,0.15581142
CubePlus_1566.tiff,0.21012644,0.47315303,0.31672053
CubePlus_1567.tiff,0.20254737,0.46940043,0.32805219
CubePlus_1568.tiff,0.20424809,0.46966865,0.32608326
CubePlus_1569.tiff,0.20307785,0.46891973,0.32800241
CubePlus_1570.tiff,0.38552674,0.46013449,0.15433878
CubePlus_1571.tiff,0.17460317,0.45634921,0.36904762
CubePlus_1572.tiff,0.19809178,0.46969559,0.33221263
CubePlus_1573.tiff,0.20187139,0.46894286,0.32918575
CubePlus_1574.tiff,0.22780488,0.46878049,0.30341463
CubePlus_1575.tiff,0.30167826,0.49979533,0.1985264
CubePlus_1576.tiff,0.20298507,0.46925373,0.32776119
CubePlus_1577.tiff,0.20206272,0.4702168,0.32772048
CubePlus_1578.tiff,0.19892257,0.46996864,0.33110879
CubePlus_1579.tiff,0.21827754,0.47705184,0.30467063
CubePlus_1580.tiff,0.48181286,0.44861611,0.06957103
CubePlus_1581.tiff,0.20335762,0.46990814,0.32673424
CubePlus_1582.tiff,0.20279905,0.46923686,0.32796409
CubePlus_1583.tiff,0.20131926,0.46701847,0.33166227
CubePlus_1584.tiff,0.20126532,0.46975089,0.32898379
CubePlus_1585.tiff,0.2055993,0.48206474,0.31233596
CubePlus_1586.tiff,0.20319149,0.46994681,0.3268617
CubePlus_1587.tiff,0.20086549,0.46664263,0.33249189
CubePlus_1588.tiff,0.16390506,0.45230631,0.38378863
CubePlus_1589.tiff,0.20157233,0.47148847,0.3269392
CubePlus_1590.tiff,0.24964183,0.4947469,0.25561127
CubePlus_1591.tiff,0.20353982,0.45784816,0.33861202
CubePlus_1592.tiff,0.20639756,0.46991622,0.32368621
CubePlus_1593.tiff,0.20428157,0.4691582,0.32656023
CubePlus_1594.tiff,0.21165501,0.47179487,0.31655012
CubePlus_1595.tiff,0.38173976,0.46153846,0.15672178
CubePlus_1596.tiff,0.17647059,0.4567474,0.36678201
CubePlus_1597.tiff,0.21117833,0.4698934,0.31892826
CubePlus_1598.tiff,0.20562862,0.47093763,0.32343374
CubePlus_1599.tiff,0.17076649,0.45775401,0.3714795
CubePlus_1600.tiff,0.28,0.49848276,0.22151724
CubePlus_1601.tiff,0.20336311,0.46855842,0.32807847
CubePlus_1602.tiff,0.19671008,0.46641535,0.33687457
CubePlus_1603.tiff,0.19672647,0.46584828,0.33742524
CubePlus_1604.tiff,0.2004752,0.46762697,0.33189783
CubePlus_1605.tiff,0.38367096,0.46101903,0.15531001
CubePlus_1606.tiff,0.20894892,0.46981849,0.32123259
CubePlus_1607.tiff,0.20444856,0.47006487,0.32548656
CubePlus_1608.tiff,0.23026316,0.47532895,0.29440789
CubePlus_1609.tiff,0.21127293,0.47210138,0.31662569
CubePlus_1610.tiff,0.25174568,0.49797868,0.25027563
CubePlus_1611.tiff,0.19724221,0.46482814,0.33792966
CubePlus_1612.tiff,0.22161572,0.469869,0.30851528
CubePlus_1613.tiff,0.20258035,0.47068809,0.32673155
CubePlus_1614.tiff,0.21102662,0.46768061,0.32129278
CubePlus_1615.tiff,0.47076271,0.43121469,0.0980226
CubePlus_1616.tiff,0.21552222,0.47403347,0.31044432
CubePlus_1617.tiff,0.19966417,0.4675622,0.33277362
CubePlus_1618.tiff,0.20025565,0.46676608,0.33297827
CubePlus_1619.tiff,0.19815668,0.46589862,0.3359447
CubePlus_1620.tiff,0.47248495,0.45012898,0.07738607
CubePlus_1621.tiff,0.21064815,0.46990741,0.31944444
CubePlus_1622.tiff,0.22023086,0.4744836,0.30528554
CubePlus_1623.tiff,0.2,0.46493506,0.33506494
CubePlus_1624.tiff,0.19452208,0.4667412,0.33873672
CubePlus_1625.tiff,0.46634571,0.45347653,0.08017776
CubePlus_1626.tiff,0.2117096,0.47166276,0.31662763
CubePlus_1627.tiff,0.20430108,0.46650124,0.32919768
CubePlus_1628.tiff,0.21952373,0.47547705,0.30499921
CubePlus_1629.tiff,0.20849084,0.46961326,0.3218959
CubePlus_1630.tiff,0.38014981,0.4840824,0.13576779
CubePlus_1631.tiff,0.23751601,0.48143406,0.28104994
CubePlus_1632.tiff,0.20134933,0.46926537,0.32938531
CubePlus_1633.tiff,0.17748241,0.45738858,0.36512901
CubePlus_1634.tiff,0.20614784,0.47084655,0.32300561
CubePlus_1635.tiff,0.38291605,0.46244477,0.15463918
CubePlus_1636.tiff,0.17857143,0.46071429,0.36071429
CubePlus_1637.tiff,0.21676301,0.47430957,0.30892742
CubePlus_1638.tiff,0.18817711,0.46899042,0.34283247
CubePlus_1639.tiff,0.20079228,0.46967071,0.32953701
CubePlus_1640.tiff,0.49684814,0.4217765,0.08137536
CubePlus_1641.tiff,0.21760454,0.47289623,0.30949923
CubePlus_1642.tiff,0.2011963,0.46601414,0.33278956
CubePlus_1643.tiff,0.20372928,0.47079716,0.32547356
CubePlus_1644.tiff,0.18335046,0.46372045,0.35292909
CubePlus_1645.tiff,0.26330275,0.49862385,0.23807339
CubePlus_1646.tiff,0.20945647,0.47105612,0.31948741
CubePlus_1647.tiff,0.20055944,0.46853147,0.33090909
CubePlus_1648.tiff,0.20349361,0.47091662,0.32558977
CubePlus_1649.tiff,0.20195815,0.4703398,0.32770205
CubePlus_1650.tiff,0.28692646,0.49842866,0.21464488
CubePlus_1651.tiff,0.19622093,0.4622093,0.34156977
CubePlus_1652.tiff,0.19158744,0.46758859,0.34082397
CubePlus_1653.tiff,0.20216416,0.46740565,0.33043019
CubePlus_1654.tiff,0.20280811,0.46567863,0.33151326
CubePlus_1655.tiff,0.37418419,0.4822335,0.14358231
CubePlus_1656.tiff,0.20261657,0.46829923,0.3290842
CubePlus_1657.tiff,0.19949093,0.46675151,0.33375756
CubePlus_1658.tiff,0.16766813,0.4555119,0.37681997
CubePlus_1659.tiff,0.19989047,0.46911281,0.33099671
CubePlus_1660.tiff,0.38419219,0.46121401,0.1545938
CubePlus_1661.tiff,0.19147622,0.46386658,0.3446572
CubePlus_1662.tiff,0.2048261,0.46992183,0.32525207
CubePlus_1663.tiff,0.19948465,0.46854198,0.33197337
CubePlus_1664.tiff,0.21821544,0.47480351,0.30698104
CubePlus_1665.tiff,0.38403361,0.45966387,0.15630252
CubePlus_1666.tiff,0.20748363,0.47034612,0.32217025
CubePlus_1667.tiff,0.21783181,0.47315096,0.30901722
CubePlus_1668.tiff,0.20052234,0.47030373,0.32917392
CubePlus_1669.tiff,0.20485883,0.46684176,0.32829941
CubePlus_1670.tiff,0.26688633,0.5107084,0.22240527
CubePlus_1671.tiff,0.20161834,0.47089234,0.32748932
CubePlus_1672.tiff,0.16516691,0.45312046,0.38171263
CubePlus_1673.tiff,0.20357225,0.47149073,0.32493703
CubePlus_1674.tiff,0.20170244,0.46946706,0.3288305
CubePlus_1675.tiff,0.251305,0.49739001,0.251305
CubePlus_1676.tiff,0.2053898,0.47045236,0.32415784
CubePlus_1677.tiff,0.16115922,0.45573423,0.38310656
CubePlus_1678.tiff,0.20100903,0.46879979,0.33019118
CubePlus_1679.tiff,0.19987707,0.47055931,0.32956361
CubePlus_1680.tiff,0.28308593,0.4980138,0.21890027
CubePlus_1681.tiff,0.20842495,0.47401921,0.31755584
CubePlus_1682.tiff,0.1575686,0.45116554,0.39126586
CubePlus_1683.tiff,0.2104359,0.46854198,0.32102212
CubePlus_1684.tiff,0.2034142,0.46918239,0.32740341
CubePlus_1685.tiff,0.29566004,0.49969861,0.20464135
CubePlus_1686.tiff,0.20256524,0.47449506,0.3229397
CubePlus_1687.tiff,0.20602663,0.4734875,0.32048587
CubePlus_1688.tiff,0.19404266,0.46984555,0.33611179
CubePlus_1689.tiff,0.18568233,0.46487696,0.34944072
CubePlus_1690.tiff,0.38504673,0.45981308,0.15514019
CubePlus_1691.tiff,0.17366761,0.46006973,0.36626266
CubePlus_1692.tiff,0.20312655,0.47016919,0.32670426
CubePlus_1693.tiff,0.20478558,0.47389683,0.32131759
CubePlus_1694.tiff,0.17623444,0.46146126,0.3623043
CubePlus_1695.tiff,0.39186691,0.45656192,0.15157116
CubePlus_1696.tiff,0.20113662,0.47113885,0.32772454
CubePlus_1697.tiff,0.20189274,0.46958089,0.32852636
CubePlus_1698.tiff,0.20205479,0.46917808,0.32876712
CubePlus_1699.tiff,0.20443483,0.4703894,0.32517577
CubePlus_1700.tiff,0.24858757,0.4952919,0.25612053
CubePlus_1701.tiff,0.20391705,0.46918203,0.32690092
CubePlus_1702.tiff,0.19957133,0.4667778,0.33365087
CubePlus_1703.tiff,0.27281414,0.48362266,0.2435632
CubePlus_1704.tiff,0.19803169,0.46639462,0.33557369
CubePlus_1705.tiff,0.47785978,0.44157442,0.08056581
CubePlus_1706.tiff,0.20371661,0.47084785,0.32543554
CubePlus_1707.tiff,0.38656909,0.46061128,0.15281963
