8D5U5524.png,0.737296,1,0.6260784,0.7499864,1,0.6123005,0.7177372,1,0.6505803,0.7596889,1,0.6229357,0.7481568,1,0.606762,0.7654256,1,0.5892034,0.7961029,1,0.5739957
8D5U5525.png,0.7187906,1,0.6323975,0.7767372,1,0.6859942,0.7723222,1,0.5876065,0.7480156,1,0.6133124,0.7994433,1,0.6240035,0.7765477,1,0.5502527,0.7847911,1,0.9467694
8D5U5526.png,0.8216786,1,0.4178323,0.8167902,1,0.4279364,0.8020793,1,0.4509062,0.8266454,1,0.4336976,0.8170628,1,0.4287066,0.8321962,1,0.403758,0.8168548,1,0.4466723
8D5U5533.png,0.623542,1,0.7158006,0.6388794,1,0.6928443,0.6504907,1,0.6988658,0.6871067,1,0.6601636,0.6362111,1,0.696176,0.6549503,1,0.6779347,0.6303526,1,0.7045462
8D5U5534.png,0.8250194,1,0.597851,0.8716635,1,0.5729965,0.8511483,1,0.578765,0.9221624,1,0.5643302,1.011669,1,0.5651382,0.92402,1,0.5678773,0.8595182,1,0.5743664
8D5U5535.png,0.6608187,1,0.6520468,0.646653,1,0.7020441,0.6537392,1,0.7019188,0.6577531,1,0.6910437,0.6431761,1,0.7036453,0.6685181,1,0.6771622,0.6645529,1,0.7153016
8D5U5536.png,0.5662869,1,0.8176366,0.6684254,1,0.7331354,0.6802689,1,0.717933,0.6432516,1,0.7385637,0.6964824,1,0.7412769,0.6471496,1,0.7107196,0.7188433,1,0.730044
8D5U5539.png,0.7014134,1,0.6369258,0.7036387,1,0.6292107,0.7034654,1,0.6229528,0.7150642,1,0.6348588,0.7057216,1,0.6220106,0.7066426,1,0.60172,0.7025839,1,0.6403498
8D5U5540.png,0.5457587,1,0.9098603,0.5707605,1,0.8494788,0.5769657,1,0.858414,0.6071918,1,0.6817679,0.5598888,1,0.8661212,0.5690117,1,0.7972318,0.6113307,1,0.7676633
8D5U5541.png,0.5445026,1,1.173251,0.6699204,1,0.9433162,0.6098269,1,0.9362843,0.6285568,1,0.8579007,0.6844544,1,0.9762593,0.5648511,1,0.8269192,0.9336769,1,1.001064
8D5U5543.png,0.5545659,1,0.8797331,0.6024233,1,0.8179533,0.6029128,1,0.8166621,0.5840532,1,0.8445175,0.6017723,1,0.8180965,0.5886663,1,0.8196871,0.6074633,1,0.809881
8D5U5545.png,0.8528529,1,0.4294294,0.843788,1,0.4342759,0.8656629,1,0.4296528,0.8841673,1,0.4408265,0.837204,1,0.434175,0.8573431,1,0.437096,0.8306066,1,0.4391421
8D5U5547.png,0.8583196,1,0.5304776,0.9534882,1,0.5050164,0.9256371,1,0.4977327,0.9418506,1,0.490973,0.9837532,1,0.5207457,0.8904465,1,0.4980861,0.9877246,1,0.4607017
8D5U5549.png,0.7859427,1,0.5654954,0.667612,1,0.7757496,0.6960414,1,0.7412349,0.7077194,1,0.7232313,0.6714059,1,0.7692485,0.7100177,1,0.6645734,0.6486359,1,0.8712419
8D5U5550.png,0.8051949,1,0.538961,0.5931609,1,0.8036076,0.6411401,1,0.7843695,0.6996595,1,0.7563567,0.5920207,1,0.7959546,0.7015549,1,0.6838876,0.5951274,1,0.8177205
8D5U5554.png,0.8522853,1,0.5094759,0.8971417,1,0.5139287,1.004819,1,0.4016936,0.9325728,1,0.4531592,0.9483988,1,0.4721986,1.015608,1,0.3595307,0.8266505,1,0.5539035
8D5U5556.png,0.8676844,1,0.4300255,0.8147063,1,0.5264969,0.8207895,1,0.504352,0.8398913,1,0.5212637,0.8260276,1,0.4674577,0.8403783,1,0.4582365,0.8887857,1,0.5835619
8D5U5557.png,0.849315,1,0.436073,0.8359443,1,0.4613845,0.8245595,1,0.5787271,0.8427354,1,0.517348,0.8971371,1,0.5678544,0.8063245,1,0.522839,0.8420064,1,0.4829845
8D5U5561.png,0.5936978,1,0.8278381,0.5950404,1,0.8584334,0.6140253,1,0.8316151,0.6434506,1,0.7560629,0.5968439,1,0.8527306,0.6582755,1,0.6595196,0.6089491,1,0.8841871
8D5U5562.png,0.5884219,1,0.8568596,0.6309654,1,0.7879031,0.685891,1,0.7773006,0.6658369,1,0.7527963,0.7120098,1,0.8458024,0.6900061,1,0.7116885,0.6304334,1,0.8176495
8D5U5565.png,0.5820423,1,0.8542254,0.7541132,1,0.6570989,0.7528943,1,0.5804285,0.7238064,1,0.5620891,0.7577584,1,0.6398318,0.7155921,1,0.584634,0.9091064,1,0.7612321
8D5U5568.png,0.9553159,1,0.4745763,1.094658,1,0.3698518,1.058396,1,0.3991087,0.9288308,1,0.4883795,1.096281,1,0.3639252,1.115358,1,0.3607313,0.9895319,1,0.444222
8D5U5569.png,0.6720002,1,0.7392002,0.6719765,1,0.7757485,0.7153371,1,0.676856,0.6889963,1,0.7107207,0.6866709,1,0.7221317,0.7393571,1,0.6208127,0.7230968,1,0.9096236
8D5U5571.png,1.314487,1,0.2756184,1.349216,1,0.2481688,1.350034,1,0.25279,1.306032,1,0.2679878,1.350676,1,0.2468562,1.404962,1,0.2155549,1.199941,1,0.2964256
8D5U5573.png,0.6755853,1,0.809699,0.6895943,1,0.7023595,0.7150178,1,0.6577715,0.7113675,1,0.681904,0.6834668,1,0.7027364,0.7252224,1,0.648839,0.751294,1,0.808893
8D5U5574.png,0.6195053,1,0.7994505,0.9433906,1,0.6940231,1.047854,1,0.4834686,0.9050053,1,0.5373317,1.018589,1,0.8189431,1.158078,1,0.4062635,0.7344086,1,0.7636939
8D5U5575.png,0.5122279,1,1.193765,0.6837676,1,0.80594,0.6962823,1,0.8349298,0.6560281,1,0.8533695,0.799058,1,0.7778401,0.6806736,1,0.7881842,0.7672289,1,0.9725702
8D5U5576.png,0.6000815,1,0.8320423,0.8101596,1,0.6534674,0.8480565,1,0.6382374,0.8000937,1,0.6444502,0.832219,1,0.7779827,0.8472203,1,0.5477342,0.939784,1,0.9728018
8D5U5578.png,0.9741934,1,0.4774194,0.7307967,1,0.7098662,0.7708403,1,0.6625911,0.855665,1,0.5987018,0.6899556,1,0.7122337,0.9581667,1,0.5267084,1.080106,1,0.5310144
8D5U5579.png,0.6063461,1,0.7887952,0.6614718,1,0.7508815,0.6484294,1,0.755554,0.6681501,1,0.741087,0.661077,1,0.7401524,0.68232,1,0.7114185,0.9528197,1,0.9644563
8D5U5580.png,0.9653182,1,0.5144508,0.7449856,1,0.7033993,0.89846,1,0.5704767,0.8542992,1,0.6013642,0.9701894,1,0.6272837,0.9697094,1,0.5134415,0.6027018,1,0.7154967
8D5U5581.png,0.6427349,1,0.6905981,0.664145,1,0.6851721,0.6488248,1,0.697972,0.6655584,1,0.6736122,0.6514248,1,0.6854689,0.6713079,1,0.6387138,0.9144557,1,0.9271851
8D5U5582.png,0.5864079,1,0.7844661,0.5849711,1,0.8362423,0.5419909,1,0.8739903,0.5723247,1,0.8289324,0.578224,1,0.8419055,0.6308384,1,0.7407928,0.7234967,1,0.8776177
8D5U5583.png,0.4759946,1,1.030864,0.5251927,1,0.9883419,0.5505792,1,0.9443405,0.5245045,1,0.9644386,0.5584051,1,0.8934386,0.6191999,1,0.8047094,0.4698149,1,1.100116
8D5U5584.png,0.4654955,1,1.070264,0.5679695,1,0.8520165,0.5377972,1,0.9227082,0.5218607,1,0.9711093,0.5802288,1,0.8061274,0.5584588,1,0.8478879,0.5469944,1,1.004659
8D5U5585.png,0.5734264,1,0.8611387,0.6833492,1,0.7898554,0.6700941,1,0.7317797,0.6998245,1,0.717037,0.6975736,1,0.7505523,0.7686231,1,0.6222856,0.7270102,1,0.9368449
8D5U5586.png,0.5425056,1,0.8903802,0.5094011,1,1.004962,0.5254232,1,1.015902,0.5343433,1,1.008359,0.5450579,1,0.9931113,0.5595117,1,0.8863578,0.7042274,1,1.021624
8D5U5587.png,0.6317935,1,0.7608696,0.9308901,1,0.7331257,0.8046915,1,0.7473818,0.8459165,1,0.7216701,0.8746241,1,0.7727153,0.7632525,1,0.6286646,0.9549537,1,0.9511362
8D5U5588.png,0.7330862,1,0.6969419,0.7485847,1,0.695585,0.7721292,1,0.6682448,0.8527878,1,0.6663871,0.7490336,1,0.6867883,0.8348904,1,0.6405614,0.6883669,1,0.7900968
8D5U5592.png,0.7171976,1,0.699363,0.7773278,1,0.6472632,0.7224952,1,0.6921937,0.7660785,1,0.6769305,0.7751851,1,0.6480197,0.8032669,1,0.627691,0.7683134,1,0.6456275
8D5U5593.png,0.7855072,1,0.6,0.7782355,1,0.6045574,0.7696804,1,0.6253334,0.7664412,1,0.637323,0.7708929,1,0.6058464,0.7951953,1,0.5929032,0.7372122,1,0.6135598
8D5U5596.png,1.064777,1,0.4453442,1.117726,1,0.4022199,1.031622,1,0.4281411,1.119164,1,0.4188295,1.108781,1,0.4045256,1.18935,1,0.3735529,1.102118,1,0.3944965
8D5U5599.png,1.124439,1,0.3755606,1.104589,1,0.3854703,1.100316,1,0.3921976,1.11964,1,0.3906646,1.101939,1,0.3817707,1.131197,1,0.3687084,1.047077,1,0.4943076
8D5U5600.png,1.113475,1,0.3640662,1.118157,1,0.3638206,1.091291,1,0.3704443,1.10335,1,0.3738399,1.122332,1,0.3481132,1.151194,1,0.330423,1.000795,1,0.5158617
8D5U5601.png,0.7984221,1,0.5652798,0.8144071,1,0.5501386,0.8135466,1,0.5535381,0.8394771,1,0.5631602,0.80368,1,0.5411457,0.8131912,1,0.5389264,0.8325548,1,0.5556859
8D5U5602.png,0.8083814,1,0.5703774,0.8567841,1,0.5492587,0.8348989,1,0.5936002,0.8347137,1,0.5741883,0.8537925,1,0.5500944,0.8373654,1,0.5648532,0.7477583,1,0.6695192
8D5U5603.png,0.8240226,1,0.5428307,0.735093,1,0.6502254,0.7754052,1,0.6024075,0.8194363,1,0.5811516,0.6578948,1,0.686729,0.7962203,1,0.5635642,0.8202349,1,0.6811789
8D5U5604.png,0.8043218,1,0.5666269,0.8165824,1,0.5489156,0.8368425,1,0.5381413,0.8673133,1,0.530305,0.8092873,1,0.5545764,0.8283943,1,0.537812,0.829635,1,0.4934371
8D5U5606.png,0.7163517,1,0.6040047,0.6994486,1,0.6629933,0.6970168,1,0.6569441,0.6702436,1,0.7033798,0.7102414,1,0.6661411,0.6937741,1,0.634134,0.6539905,1,0.8286284
8D5U5611.png,1.359081,1,0.269311,1.34545,1,0.2933846,1.298034,1,0.2926074,1.350996,1,0.2852651,1.341521,1,0.2843689,1.571346,1,0.2335074,1.170618,1,0.4021303
8D5U5612.png,1.199346,1,0.375817,1.191936,1,0.3664235,1.164887,1,0.3743139,1.199468,1,0.3697418,1.182536,1,0.3758223,1.244855,1,0.3403719,1.109778,1,0.4102261
8D5U5613.png,1.23002,1,0.2592593,1.131101,1,0.3667398,1.214562,1,0.2642354,1.193461,1,0.2654816,1.152516,1,0.2746782,1.275663,1,0.23864,1.033195,1,0.6644802
8D5U5617.png,1.194175,1,0.3300972,1.199163,1,0.3362666,1.278273,1,0.3238414,1.296567,1,0.3138253,1.176054,1,0.3399257,1.336742,1,0.28482,1.230128,1,0.3489924
8D5U5618.png,1.136405,1,0.3751152,1.146802,1,0.3729161,1.153039,1,0.3740713,1.173769,1,0.3787835,1.145773,1,0.3737931,1.163415,1,0.366524,1.146574,1,0.3765399
8D5U5619.png,1.210174,1,0.3480589,1.087096,1,0.4056648,1.216722,1,0.3475501,1.196784,1,0.3630297,1.094773,1,0.4002728,1.262412,1,0.3172588,1.035347,1,0.5140324
8D5U5620.png,1.213198,1,0.286802,1.391347,1,0.2841885,1.491965,1,0.2636345,1.408434,1,0.2953501,1.332264,1,0.282738,1.566702,1,0.226416,1.25339,1,0.3701089
IMG_0281.png,0.4622771,1,0.7489712,0.4928155,1,0.7150579,0.48648,1,0.721779,0.509205,1,0.6850463,0.4771089,1,0.729479,0.4760068,1,0.6977976,0.631673,1,0.8540853
IMG_0284.png,0.4616132,1,0.7492711,0.466265,1,0.7173613,0.4690229,1,0.4392706,0.5204612,1,0.5620875,0.4723089,1,0.6334953,0.4906856,1,0.3520163,0.4652432,1,0.7271757
IMG_0286.png,0.470817,1,0.7256808,0.4672862,1,0.7431119,0.4832217,1,0.7562287,0.4897101,1,0.7308351,0.4683715,1,0.7444909,0.4875718,1,0.6516711,0.4808602,1,0.7147375
IMG_0292.png,0.4930448,1,0.6846986,0.4979291,1,0.6825735,0.5041604,1,0.6265116,0.5110379,1,0.6556789,0.5409143,1,0.572826,0.5531993,1,0.5702331,0.5285267,1,0.7660736
IMG_0293.png,0.4886164,1,0.6777583,0.5101756,1,0.6596109,0.5074782,1,0.6415116,0.5234543,1,0.665749,0.5204408,1,0.5483049,0.551067,1,0.5752463,0.5036306,1,0.6825043
IMG_0296.png,0.4610984,1,0.7482839,0.5052897,1,0.6508322,0.5252408,1,0.6383022,0.5106264,1,0.5818353,0.5064891,1,0.6416755,0.5069229,1,0.5216058,0.495609,1,0.6711981
IMG_0298.png,0.5094339,1,0.6339621,0.5252694,1,0.6049062,0.5316804,1,0.6009503,0.519956,1,0.628692,0.5282291,1,0.5906746,0.5274231,1,0.5934966,0.5125817,1,0.6448787
IMG_0300.png,0.4591303,1,0.7513045,0.493296,1,0.6876774,0.509882,1,0.7225941,0.4982839,1,0.5957334,0.5115486,1,0.627526,0.4802159,1,0.4828202,0.4609401,1,0.7328675
IMG_0303.png,0.476082,1,0.7186786,0.5201659,1,0.6850916,0.5008583,1,0.676091,0.5140851,1,0.6763077,0.5053788,1,0.6482419,0.5095698,1,0.6181251,0.6550112,1,0.7971672
IMG_0305.png,0.4746695,1,0.7114535,0.4650687,1,0.7457682,0.481379,1,0.7222698,0.4815687,1,0.7287673,0.461003,1,0.7545472,0.4789164,1,0.7028565,0.4747979,1,0.7153237
IMG_0315.png,0.4756062,1,0.7186679,0.5126282,1,0.3832423,0.5603083,1,0.4119038,0.5166622,1,0.4333324,0.5114904,1,0.3570051,0.5034301,1,0.3567272,0.4600289,1,0.7134898
IMG_0316.png,0.4683333,1,0.7241665,0.4516019,1,0.7660122,0.4751382,1,0.6902232,0.5334194,1,0.570551,0.4508573,1,0.7670957,0.4560115,1,0.707129,0.4648006,1,0.7327191
IMG_0317.png,0.4776939,1,0.7343857,0.5244947,1,0.598766,0.5342627,1,0.4877932,0.5125147,1,0.4950562,0.509525,1,0.4636784,0.496371,1,0.391282,0.518699,1,0.633298
IMG_0318.png,0.4670231,1,0.7361855,0.4596104,1,0.7497697,0.4768723,1,0.7502084,0.4826069,1,0.7274626,0.4525887,1,0.759504,0.5043309,1,0.6842717,0.4687659,1,0.7149422
IMG_0319.png,0.477564,1,0.7099357,0.807777,1,0.3620907,0.7891022,1,0.2800428,0.7784332,1,0.4612238,0.8228215,1,0.3272637,0.8091634,1,0.3970963,0.8106405,1,0.3750753
IMG_0321.png,0.4731544,1,0.738255,0.5952001,1,0.5375235,0.6233847,1,0.5793657,0.5555383,1,0.5656753,0.5976641,1,0.5353478,0.5843187,1,0.5240703,0.5770685,1,0.7330951
IMG_0323.png,0.4731934,1,0.726107,0.4682612,1,0.7510098,0.5413871,1,0.7167932,0.5012935,1,0.6781126,0.4551681,1,0.7609398,0.5371327,1,0.635272,0.497424,1,0.6870421
IMG_0324.png,0.4832868,1,0.7033424,0.636091,1,0.5649732,0.6131109,1,0.5652887,0.6268642,1,0.5764308,0.6408156,1,0.5841931,0.7031639,1,0.4593894,0.5478518,1,0.628156
IMG_0325.png,0.4555085,1,0.6567796,0.4917241,1,0.6213849,0.5104318,1,0.5778739,0.4842655,1,0.6093979,0.5354143,1,0.5364006,0.5033084,1,0.5536551,0.4577284,1,0.6806118
IMG_0327.png,0.4873097,1,0.6081217,0.7018057,1,0.4404664,0.7047079,1,0.4161374,0.610111,1,0.4441095,0.7262927,1,0.3587075,0.6041767,1,0.416939,0.4764461,1,0.6094189
IMG_0328.png,0.4726026,1,0.7455966,0.5024185,1,0.6814078,0.5735795,1,0.6725762,0.4852515,1,0.6923435,0.5015181,1,0.6780968,0.5507617,1,0.6247262,0.4650996,1,0.7597144
IMG_0329.png,0.4717741,1,0.7419355,0.4916689,1,0.6831863,0.4955547,1,0.6957958,0.4753484,1,0.695023,0.4949528,1,0.6830487,0.4982382,1,0.6636268,0.4237208,1,0.6712316
IMG_0332.png,0.4761905,1,0.7142858,0.5619889,1,0.7367118,0.5097526,1,0.7035619,0.5578495,1,0.6597405,0.4993001,1,0.702649,0.4772559,1,0.7109139,0.9981146,1,0.9992043
IMG_0333.png,0.4761904,1,0.7169312,0.460062,1,0.7444441,0.4788725,1,0.7408716,0.5047038,1,0.6937432,0.4568908,1,0.7486795,0.4748857,1,0.7167527,0.5255486,1,0.6454277
IMG_0336.png,0.4608296,1,0.7488481,0.4683406,1,0.7349926,0.4755018,1,0.7357789,0.5173828,1,0.6581595,0.4645113,1,0.7371662,0.4733541,1,0.7071746,0.4890357,1,0.7084474
IMG_0339.png,0.4676081,1,0.7400333,0.5309877,1,0.6047663,0.557147,1,0.6316456,0.5210606,1,0.6369027,0.5332943,1,0.6024871,0.5186604,1,0.5605334,0.4827266,1,0.7131329
IMG_0341.png,0.4680557,1,0.738889,0.4791585,1,0.6507215,0.524273,1,0.6550077,0.4753281,1,0.6400008,0.4948463,1,0.6412127,0.5094705,1,0.6207809,0.337567,1,0.6202134
IMG_0342.png,0.4695144,1,0.7540475,0.4976221,1,0.5756734,0.5002181,1,0.5592798,0.4591126,1,0.4748365,0.5018405,1,0.5641367,0.4712625,1,0.4710394,0.5161986,1,0.7036505
IMG_0343.png,0.5026861,1,0.6830394,0.514038,1,0.6904834,0.5423321,1,0.553358,0.5484145,1,0.5831739,0.5040636,1,0.7126163,0.5398124,1,0.4464522,0.4800782,1,0.7167198
IMG_0350.png,0.4580153,1,0.7557252,0.4584794,1,0.7468793,0.4820598,1,0.7290819,0.5377021,1,0.5916384,0.4579395,1,0.7473192,0.4621832,1,0.6945287,0.4749408,1,0.7242549
IMG_0352.png,0.4833218,1,0.7181757,0.5626653,1,0.4737107,0.5484899,1,0.5195819,0.5463742,1,0.4011128,0.5264364,1,0.4948126,0.5018157,1,0.3933763,0.5882642,1,0.4786833
IMG_0353.png,0.4647799,1,0.7371069,0.4686186,1,0.7455253,0.4920389,1,0.7280081,0.5057171,1,0.6678108,0.4625535,1,0.7529404,0.4765318,1,0.6842083,0.5053573,1,0.6935746
IMG_0362.png,0.5227274,1,0.5643939,0.8807998,1,0.9658975,0.7340013,1,0.7700889,0.7800818,1,0.8319483,0.8284184,1,0.9132087,0.610521,1,0.6419061,0.9992586,1,0.9998689
IMG_0365.png,0.5118958,1,0.6814127,0.5183967,1,0.6296048,0.5053031,1,0.5554712,0.4857715,1,0.6545126,0.4716822,1,0.5200201,0.4724054,1,0.453896,0.5476297,1,0.6655677
IMG_0366.png,0.5082316,1,0.6789697,0.5166808,1,0.3622874,0.5807271,1,0.4005089,0.6000907,1,0.4650056,0.5089738,1,0.3335859,0.5107894,1,0.3348816,0.5417085,1,0.6482169
IMG_0367.png,0.5050609,1,0.6831984,0.4959954,1,0.7086106,0.5175132,1,0.7243593,0.5546645,1,0.6436245,0.4684061,1,0.7418128,0.4916672,1,0.6721961,0.512392,1,0.6689902
IMG_0368.png,0.4950317,1,0.6946701,0.5360915,1,0.719345,0.5291426,1,0.7070778,0.5451501,1,0.6381078,0.4656655,1,0.7365452,0.5164952,1,0.6353302,0.6717238,1,0.8019187
IMG_0369.png,0.4973545,1,0.6910051,0.4769871,1,0.7292559,0.5208359,1,0.6717157,0.5412756,1,0.6376071,0.4645424,1,0.7412021,0.4980415,1,0.6797608,0.4933728,1,0.7013318
IMG_0371.png,0.464539,1,0.7500002,0.4599943,1,0.7458481,0.473139,1,0.761723,0.4991681,1,0.7103729,0.4562799,1,0.7469082,0.4789778,1,0.6971989,0.4914303,1,0.6976836
IMG_0375.png,0.4667046,1,0.747581,0.5032155,1,0.771061,0.6253015,1,0.7192293,0.5742453,1,0.6351648,0.6673094,1,0.737022,0.6621766,1,0.5834468,0.6364481,1,0.8780833
IMG_0376.png,0.4645893,1,0.7271012,0.4993794,1,0.7425194,0.5095199,1,0.6495739,0.4788794,1,0.6044692,0.5381122,1,0.6987721,0.4917533,1,0.5039992,0.5233188,1,0.7819363
IMG_0377.png,0.4654026,1,0.7393364,0.4946059,1,0.7238364,0.5440442,1,0.6463437,0.5358674,1,0.556133,0.4650751,1,0.7445878,0.548371,1,0.4815909,0.4719638,1,0.7528748
IMG_0378.png,0.470304,1,0.7658842,0.4569914,1,0.7772151,0.4760398,1,0.7395903,0.4745343,1,0.717384,0.4399617,1,0.7965769,0.4867105,1,0.6575275,0.4832549,1,0.7322883
IMG_0379.png,0.4650498,1,0.7403709,0.4720818,1,0.7457349,0.4831771,1,0.7414845,0.4937006,1,0.6979028,0.4691159,1,0.7462598,0.4669896,1,0.7331609,0.4951833,1,0.7004612
IMG_0381.png,0.4652713,1,0.737393,0.501172,1,0.4707463,0.5300304,1,0.4228206,0.5773888,1,0.5446056,0.4995427,1,0.4026002,0.4981252,1,0.3950788,0.4468971,1,0.7372572
IMG_0382.png,0.471246,1,0.7416134,0.4799706,1,0.724286,0.506441,1,0.7060163,0.5139044,1,0.6485151,0.4725496,1,0.712418,0.5199313,1,0.6128583,0.5753194,1,0.7326172
IMG_0383.png,0.4663953,1,0.5835033,0.4958933,1,0.55783,0.5029552,1,0.4393971,0.4938404,1,0.4882676,0.4740216,1,0.4319922,0.5285889,1,0.3870745,0.5248972,1,0.6188432
IMG_0388.png,0.4486487,1,0.7853282,0.6795544,1,0.9902489,0.5957768,1,0.8480682,0.5372766,1,0.7180113,0.6725605,1,0.9549526,0.6640878,1,0.6240372,0.9060863,1,0.9970931
IMG_0390.png,0.4875061,1,0.7065165,0.5518903,1,0.632153,0.5248458,1,0.667992,0.5237358,1,0.6461176,0.5458854,1,0.6051844,0.503658,1,0.6318649,0.4867629,1,0.6799029
IMG_0395.png,0.5067156,1,0.6788766,0.5358609,1,0.6358758,0.5408169,1,0.5999729,0.5422759,1,0.6046565,0.5405691,1,0.6047867,0.5113945,1,0.4932137,0.4880792,1,0.8007969
IMG_0397.png,0.4725274,1,0.6872356,0.5517662,1,0.6064872,0.5777944,1,0.5817085,0.5654643,1,0.5593375,0.5431077,1,0.6012757,0.5576227,1,0.5421078,0.5744518,1,0.6720749
IMG_0398.png,0.4754232,1,0.6970184,0.4412379,1,0.7620247,0.4649843,1,0.7400623,0.4713188,1,0.6964218,0.4392505,1,0.7542916,0.4986679,1,0.6368287,0.4512161,1,0.7583625
IMG_0399.png,0.5015875,1,0.6878306,0.4717717,1,0.7301637,0.4854969,1,0.719989,0.5139966,1,0.6569995,0.4625252,1,0.7363998,0.4928431,1,0.6698764,0.4987618,1,0.6885758
IMG_0404.png,0.4733421,1,0.7295191,0.4682707,1,0.7376671,0.4841223,1,0.7242371,0.5133624,1,0.6638437,0.4656632,1,0.7397195,0.4693432,1,0.7189786,0.4942346,1,0.7046243
IMG_0405.png,0.4700995,1,0.7275746,0.4807809,1,0.7218635,0.5064095,1,0.6784926,0.5283216,1,0.6528911,0.4719076,1,0.7321357,0.4907415,1,0.6886134,0.5037311,1,0.7096319
IMG_0413.png,0.5044586,1,0.6649681,0.6545111,1,0.7662878,0.5281838,1,0.6363368,0.5586399,1,0.6250435,0.5426006,1,0.681195,0.5478463,1,0.6041388,0.89823,1,0.9878946
IMG_0416.png,0.4989649,1,0.6583852,0.5608979,1,0.54795,0.5496773,1,0.5761739,0.5542711,1,0.5509214,0.5644684,1,0.5411412,0.5638222,1,0.5320128,0.5493776,1,0.5760588
IMG_0419.png,0.5200202,1,0.6616618,0.6277079,1,0.5298374,0.6024534,1,0.5232993,0.6169675,1,0.5447813,0.6380047,1,0.4942055,0.6413748,1,0.5175274,0.7512737,1,0.7684925
IMG_0420.png,0.4686869,1,0.7343435,0.5513459,1,0.6306398,0.5966193,1,0.6232841,0.5867291,1,0.6368529,0.5482033,1,0.6278363,0.6134604,1,0.6129015,0.5084555,1,0.6819164
IMG_0421.png,0.4715789,1,0.7263158,0.5068812,1,0.6697353,0.5105859,1,0.6674299,0.5011092,1,0.6835432,0.519489,1,0.6476569,0.518566,1,0.6360895,0.4863126,1,0.7048989
IMG_0422.png,0.4709977,1,0.7343387,0.5000711,1,0.6857035,0.5102696,1,0.6795682,0.5092987,1,0.6818203,0.5009581,1,0.6876173,0.5163537,1,0.6499893,0.4528431,1,0.8166498
IMG_0424.png,0.4727031,1,0.7376831,0.4829992,1,0.7187963,0.4879934,1,0.7110582,0.5131887,1,0.6838204,0.4693047,1,0.7360034,0.5034911,1,0.6667157,0.5234809,1,0.6691119
IMG_0425.png,0.4679665,1,0.7437325,0.484942,1,0.7169907,0.4916944,1,0.708241,0.5235175,1,0.675547,0.4723299,1,0.7290242,0.5116449,1,0.6602276,0.5252462,1,0.6630969
IMG_0427.png,0.4768645,1,0.7365271,0.5094181,1,0.6997352,0.5806402,1,0.6343861,0.5764236,1,0.6519643,0.6042842,1,0.6398801,0.5867351,1,0.6106924,0.505832,1,0.7187444
IMG_0429.png,0.5913218,1,0.6014126,0.5546266,1,0.7557395,0.6621342,1,0.5835215,0.6766521,1,0.5685566,0.5291838,1,0.6958736,0.6618638,1,0.4967194,0.643428,1,0.8654902
IMG_0432.png,0.4756691,1,0.718978,0.5143837,1,0.7462479,0.4917951,1,0.715528,0.5213187,1,0.6781605,0.4661267,1,0.7515944,0.5135263,1,0.6745423,1.286994,1,0.6145245
IMG_0433.png,0.5714284,1,0.5054945,0.5970702,1,0.4779615,0.5936372,1,0.4606811,0.5794415,1,0.4922443,0.5823259,1,0.4626369,0.58376,1,0.4558377,0.8410157,1,0.6289702
IMG_0437.png,0.4753846,1,0.7215388,0.4701552,1,0.7430666,0.4745711,1,0.7344999,0.493371,1,0.7082551,0.4650319,1,0.7434435,0.4925392,1,0.6766088,0.4949301,1,0.7256303
IMG_0438.png,0.504183,1,0.6670384,0.5169108,1,0.7005499,0.5379197,1,0.6504669,0.5441793,1,0.6385832,0.4964524,1,0.746758,0.5235566,1,0.6427479,0.5140533,1,0.6794399
IMG_0439.png,0.4570446,1,0.7835051,0.5104362,1,0.6877503,0.4924067,1,0.6867752,0.5221882,1,0.66017,0.4754773,1,0.7524236,0.5310698,1,0.6556978,0.5142493,1,0.6625243
IMG_0440.png,0.5209953,1,0.6609642,0.5506848,1,0.6577275,0.567907,1,0.5985644,0.5564013,1,0.6268309,0.5154135,1,0.616999,0.5548058,1,0.6021765,0.6184816,1,0.7233876
IMG_0443.png,0.4354019,1,0.8087489,0.9222294,1,0.9609593,0.6661849,1,0.801319,0.598308,1,0.7812322,0.831612,1,0.9105432,0.567299,1,0.6679177,0.9949125,1,1.000307
IMG_0446.png,0.4610336,1,0.7555373,0.5530709,1,0.60362,0.5569699,1,0.6003509,0.5574588,1,0.6131885,0.5556045,1,0.5988507,0.5818099,1,0.5579315,0.5571432,1,0.662538
IMG_0447.png,0.5081555,1,0.6737765,0.4986674,1,0.7061729,0.5565804,1,0.6603767,0.5787583,1,0.6018168,0.4861666,1,0.7134779,0.5297679,1,0.6476147,0.5154915,1,0.6778948
IMG_0450.png,0.443539,1,0.7892897,0.4998571,1,0.7003149,0.4937322,1,0.7179218,0.5058517,1,0.6777233,0.4963476,1,0.6987299,0.474275,1,0.7159819,0.521471,1,0.6769963
IMG_0452.png,0.4264973,1,0.823956,0.462806,1,0.7420449,0.4589282,1,0.754895,0.4669764,1,0.7399276,0.4489836,1,0.7645317,0.4517504,1,0.732986,0.4918861,1,0.7008342
IMG_0455.png,0.4491696,1,0.773422,0.4574325,1,0.7591922,0.4911753,1,0.7173999,0.4699915,1,0.715735,0.4782238,1,0.6985666,0.4629121,1,0.619964,0.4511092,1,0.7916386
IMG_0456.png,0.3981482,1,0.8950617,0.4795669,1,0.7326928,0.4783936,1,0.7310963,0.5096487,1,0.6932779,0.4724502,1,0.7381019,0.4772685,1,0.7211873,0.5360901,1,0.6952453
IMG_0457.png,0.4673618,1,0.7484135,0.4546502,1,0.8186511,0.4806402,1,0.7309929,0.4929397,1,0.7149996,0.4034421,1,0.8685003,0.518962,1,0.6472226,0.5057094,1,0.7113958
IMG_0458.png,0.4567899,1,0.7578346,0.4721058,1,0.7877254,0.5225348,1,0.7089202,0.4955354,1,0.7339016,0.5227516,1,0.696303,0.518083,1,0.6736688,0.4964413,1,0.8298463
IMG_0460.png,0.5509258,1,0.5740741,0.6241729,1,0.6348088,0.6024574,1,0.5315629,0.6152278,1,0.5244527,0.6051827,1,0.5475564,0.6395106,1,0.4777223,0.6631498,1,0.7012423
IMG_0462.png,0.6773163,1,0.416933,0.7207267,1,0.4013109,0.7172896,1,0.3973557,0.7069385,1,0.4042244,0.7239449,1,0.4114386,0.7374519,1,0.3621031,0.7025009,1,0.4081269
IMG_0466.png,0.4911536,1,0.6475585,0.7143359,1,0.523754,0.5498911,1,0.5723494,0.5790779,1,0.54323,0.5534201,1,0.5703694,0.5585689,1,0.5199276,0.8459504,1,0.3560633
IMG_0470.png,0.5161291,1,0.6638529,0.5032956,1,0.7024673,0.5303832,1,0.6592974,0.5574685,1,0.5992653,0.4874685,1,0.71824,0.5161976,1,0.6520399,0.6604081,1,0.8062921
IMG_0471.png,0.5287981,1,0.6477462,0.5417329,1,0.6167087,0.5075337,1,0.6346405,0.5104559,1,0.5995252,0.5671417,1,0.587871,0.4881909,1,0.6181416,0.549197,1,0.5749392
IMG_0474.png,0.4946445,1,0.6864653,0.5111553,1,0.4215686,0.514081,1,0.4651193,0.5315997,1,0.4533663,0.504908,1,0.3979417,0.5054412,1,0.3964703,0.464586,1,0.6879967
IMG_0477.png,0.482587,1,0.7089553,0.508194,1,0.7140668,0.5046702,1,0.7262282,0.5104353,1,0.6847106,0.4710999,1,0.8272292,0.4671887,1,0.6772033,0.5157398,1,0.6464226
IMG_0479.png,0.4725492,1,0.7303924,0.4784482,1,0.7505137,0.5159957,1,0.6832711,0.5410144,1,0.5951278,0.4764272,1,0.7469496,0.4512366,1,0.667143,0.5542385,1,0.630582
IMG_0480.png,0.5132742,1,0.6654865,0.4815083,1,0.7529936,0.5390812,1,0.6462616,0.5918633,1,0.5749939,0.4855111,1,0.7376518,0.426079,1,0.8055097,0.5455299,1,0.632077
IMG_0482.png,0.4124295,1,0.7853108,0.4438525,1,0.3980722,0.4487323,1,0.4054397,0.4322774,1,0.5220555,0.432978,1,0.3832408,0.4135412,1,0.3849577,0.4177789,1,0.79107
IMG_0485.png,0.4516129,1,0.6752688,0.9705246,1,0.9852052,0.6714184,1,0.8346036,0.5841319,1,0.7713623,0.8788495,1,0.9313509,0.516375,1,0.6795288,1.002683,1,1.001904
IMG_0487.png,0.4555085,1,0.7457626,0.4610779,1,0.7497525,0.4566522,1,0.5898972,0.4819132,1,0.6508173,0.4620992,1,0.7193081,0.4382107,1,0.4446013,0.4969297,1,0.7487863
IMG_0491.png,0.4682081,1,0.7210985,0.4749329,1,0.7458796,0.4676405,1,0.7518901,0.4893445,1,0.7196173,0.4829057,1,0.7257079,0.4542312,1,0.733703,0.5085229,1,0.6944092
IMG_0492.png,0.4625955,1,0.7419845,0.493386,1,0.6894571,0.4932641,1,0.694201,0.5083394,1,0.6677643,0.48718,1,0.6915555,0.4651056,1,0.7113494,0.5258398,1,0.6587426
IMG_0493.png,0.4490446,1,0.7547771,0.4834272,1,0.7129977,0.4956677,1,0.6957031,0.5125011,1,0.6618304,0.4765342,1,0.7163704,0.4550071,1,0.7407031,0.5228043,1,0.6585913
IMG_0498.png,0.4561736,1,0.7624884,0.4574854,1,0.7564504,0.4908519,1,0.7371054,0.5150275,1,0.6821357,0.443398,1,0.7725374,0.4974196,1,0.6639514,0.4840866,1,0.73546
IMG_0501.png,0.457656,1,0.7544909,0.378672,1,0.9222917,0.4606078,1,0.8118976,0.4872082,1,0.7491762,0.3829892,1,0.9081596,0.4964924,1,0.6968131,0.4074242,1,0.8693686
IMG_0502.png,0.4571077,1,0.7561274,0.5797973,1,0.6319079,0.6294222,1,0.5321131,0.5939869,1,0.5470064,0.672876,1,0.4638157,0.5922041,1,0.5318901,0.4690818,1,0.7347092
IMG_0507.png,0.4505929,1,0.7351779,0.5415757,1,0.6187705,0.5210238,1,0.6413921,0.5252699,1,0.6391222,0.5184732,1,0.6396288,0.4771841,1,0.6952087,0.5736491,1,0.5867689
IMG_0508.png,0.4601327,1,0.7491691,0.5352341,1,0.6359158,0.5340453,1,0.5936535,0.5161351,1,0.6398904,0.550624,1,0.6402435,0.5578923,1,0.5985985,0.4913466,1,0.6964195
IMG_0509.png,0.4453988,1,0.7779144,0.4272895,1,0.7391945,0.432831,1,0.7228854,0.4515814,1,0.7075724,0.388888,1,0.7603727,0.4066404,1,0.7370541,0.4617114,1,0.7353191
IMG_0510.png,0.4463182,1,0.7858347,0.5658857,1,0.5227146,0.5665114,1,0.5364687,0.5275889,1,0.6089108,0.5560189,1,0.5316055,0.5439188,1,0.5674125,0.6369168,1,0.3908251
IMG_0513.png,0.4441708,1,0.780788,0.4654444,1,0.7701536,0.4623535,1,0.7576834,0.4510452,1,0.7670158,0.4709724,1,0.7485899,0.4574921,1,0.7118333,0.5620983,1,0.7000555
IMG_0516.png,0.4490933,1,0.7619712,0.5150621,1,0.6531305,0.4089497,1,0.3705504,0.4065584,1,0.3698578,0.3938137,1,0.3575857,0.3956362,1,0.3470366,0.6252955,1,0.820006
IMG_0517.png,0.4534379,1,0.7554396,0.4754983,1,0.7498105,0.4746535,1,0.7382382,0.5126306,1,0.6783333,0.4727249,1,0.7386084,0.4680672,1,0.6512791,0.5236906,1,0.6958755
IMG_0520.png,0.5014327,1,0.6848137,0.6580882,1,0.7628608,0.5217448,1,0.7028677,0.5379881,1,0.6527001,0.466977,1,0.7624229,0.4498954,1,0.7894659,1.079375,1,0.7850783
IMG_0521.png,0.4450601,1,0.7460756,0.5556518,1,0.8656697,0.4997849,1,0.7561047,0.5061404,1,0.7407718,0.5054738,1,0.7685701,0.4904406,1,0.6170109,0.873697,1,1.000029
IMG_0523.png,0.4512773,1,0.7753075,0.4438922,1,0.8215736,0.4471714,1,0.827274,0.453375,1,0.735141,0.4282775,1,0.8300473,0.4364054,1,0.7380579,0.5597605,1,0.9048937
IMG_0527.png,0.4458041,1,0.7701049,0.4427066,1,0.7718688,0.4466371,1,0.7485034,0.4382371,1,0.7562664,0.4461594,1,0.7511947,0.4332175,1,0.6609048,0.4553073,1,0.7481539
IMG_0528.png,0.442623,1,0.7923498,0.4527307,1,0.7862624,0.4722537,1,0.7673936,0.5037052,1,0.7062927,0.4697413,1,0.7523775,0.423457,1,0.8122263,0.4897502,1,0.710639
IMG_0529.png,0.4280001,1,0.8140001,0.4559137,1,0.5314048,0.5443953,1,0.5560533,0.4441523,1,0.4798894,0.4576498,1,0.3985465,0.4409701,1,0.3749482,0.4646635,1,0.7673462
IMG_0531.png,0.4787484,1,0.7154663,0.5099368,1,0.7482908,0.4667917,1,0.7916706,0.4560961,1,0.7988687,0.5027553,1,0.7346854,0.4376175,1,0.7328204,0.5886489,1,0.6755394
IMG_0534.png,0.5468379,1,0.6262483,1.251241,1,0.5709234,0.8454395,1,0.5292389,0.8221685,1,0.5172398,1.069168,1,0.5129102,0.6519154,1,0.5516532,1.606313,1,0.6933364
IMG_0543.png,0.7844993,1,0.3175803,0.9268817,1,0.4216682,0.8921565,1,0.3261455,0.7710342,1,0.3803934,1.039939,1,0.2271651,0.8657898,1,0.2794676,0.4450866,1,0.6670618
IMG_0545.png,0.7768239,1,0.3090128,0.9450362,1,0.2796859,0.8592743,1,0.3067053,0.8064952,1,0.3325137,1.01799,1,0.2420889,0.8224831,1,0.2904883,0.7964283,1,0.3313161
IMG_0547.png,0.4328042,1,0.6899471,0.5047569,1,0.676074,0.4609732,1,0.6994679,0.5424598,1,0.6285481,0.4616282,1,0.6692876,0.6153859,1,0.5555182,0.7321733,1,0.6715256
IMG_0551.png,0.6312292,1,0.4983388,0.4247077,1,0.7409201,0.5060057,1,0.5913326,0.5988816,1,0.5064443,0.4165218,1,0.6909623,0.6044651,1,0.4657804,0.4259149,1,0.779785
IMG_0552.png,0.6614172,1,0.440945,0.4665788,1,0.6523526,0.5057693,1,0.6293331,0.4605485,1,0.6649769,0.5077093,1,0.6156702,0.5375952,1,0.575743,0.459829,1,0.650416
IMG_0553.png,0.7743433,1,0.3183926,0.9026093,1,0.5126011,0.7847098,1,0.3968241,0.8310756,1,0.3376645,0.8091422,1,0.4623206,0.7455033,1,0.3504348,0.9957539,1,0.9597181
IMG_0554.png,0.7515463,1,0.3587629,0.8778197,1,0.2742027,0.8105399,1,0.3370269,0.8280057,1,0.3092679,0.8233368,1,0.3177546,0.8556983,1,0.3055422,0.915932,1,0.318074
IMG_0555.png,0.8023406,1,0.3023407,0.9743562,1,0.6717108,0.9012027,1,0.3533921,0.9357852,1,0.3480096,0.8750706,1,0.4837616,0.8875469,1,0.3197676,0.9999071,1,0.9992954
IMG_0556.png,0.791218,1,0.3148302,0.8102864,1,0.4576409,0.8260246,1,0.3727469,0.8336746,1,0.3288025,0.7363551,1,0.5309263,0.8251475,1,0.3309884,0.5638965,1,0.6715205
IMG_0558.png,0.7110092,1,0.4036698,0.7852062,1,0.3290003,0.7669593,1,0.3395377,0.7519722,1,0.3701095,0.7608995,1,0.3370336,0.7155535,1,0.3685791,0.8733722,1,0.2429204
IMG_0559.png,0.5584701,1,0.5726776,0.5192616,1,0.6263307,0.577198,1,0.5021413,0.5948229,1,0.5296083,0.5229402,1,0.5540889,0.5918788,1,0.4732821,0.4116723,1,0.6993994
IMG_0560.png,0.8044662,1,0.3175382,0.8947621,1,0.4632407,0.823772,1,0.3881159,0.814057,1,0.4025971,0.8296275,1,0.3485837,0.7467457,1,0.3340663,0.9785573,1,0.7783959
IMG_0568.png,0.5902777,1,0.4930554,0.7631977,1,0.6195158,0.6640833,1,0.4929887,0.6662685,1,0.577769,0.7005322,1,0.5129407,0.6032949,1,0.4915222,0.9879454,1,0.8789301
IMG_0571.png,0.6216215,1,0.4414414,0.8871028,1,0.6538388,0.7280136,1,0.526826,0.9699156,1,0.7264698,0.7106818,1,0.5098307,0.6467439,1,0.4456501,1.000504,1,0.8758644
IMG_0572.png,0.5470853,1,0.5313902,0.5666782,1,0.5275252,0.559683,1,0.5327747,0.6029749,1,0.5115809,0.5610199,1,0.5303687,0.5843245,1,0.5182514,0.5090776,1,0.5626452
IMG_0574.png,0.5958397,1,0.4680536,0.7857383,1,0.6177984,0.8215079,1,0.392079,0.7061093,1,0.4277536,0.8210071,1,0.3735281,0.9171496,1,0.3826041,0.8287053,1,0.7157304
IMG_0577.png,0.7913386,1,0.3070866,0.8126107,1,0.4121508,0.8289087,1,0.2986267,0.8169756,1,0.323203,0.8085286,1,0.308958,0.8582426,1,0.2814312,0.5331815,1,0.7063862
IMG_0578.png,0.7974684,1,0.2911393,0.6989476,1,0.8482622,0.6761446,1,0.5264628,0.7236572,1,0.6486555,0.6286104,1,0.7251715,0.6917384,1,0.4113238,0.9043285,1,0.9999313
IMG_0580.png,0.5718475,1,0.5278592,0.5559914,1,0.5552191,0.536394,1,0.5889763,0.5366377,1,0.5923953,0.559677,1,0.544796,0.5775705,1,0.5068487,0.3815888,1,0.640864
IMG_0585.png,0.4428823,1,0.6660809,0.5490878,1,0.5388012,0.5257597,1,0.5903704,0.5697699,1,0.5680246,0.5311368,1,0.5089883,0.5618573,1,0.5350497,0.6457997,1,0.5307326
IMG_0588.png,0.7871201,1,0.3166369,0.919251,1,0.3381533,0.78015,1,0.331003,0.7990695,1,0.3254736,0.7991526,1,0.3072961,0.7855217,1,0.3089112,1.001386,1,0.4026872
IMG_0589.png,0.791045,1,0.3093623,0.8017938,1,0.3008522,0.8189981,1,0.3071987,0.8230812,1,0.3007576,0.7856056,1,0.3036242,0.7944704,1,0.2976603,0.7603386,1,0.3471172
IMG_0592.png,0.7793849,1,0.3345388,0.5805124,1,0.6596538,0.7693384,1,0.4005476,0.6921957,1,0.4575586,0.6494315,1,0.5372209,0.7377053,1,0.3971816,0.4189179,1,0.700103
IMG_0593.png,0.7659062,1,0.3463384,0.9891849,1,0.7435897,0.8266545,1,0.4606817,0.9080325,1,0.4609145,0.9308086,1,0.5998119,0.7648159,1,0.4088694,1.002155,1,1.001874
IMG_0594.png,0.7927631,1,0.3157895,0.8291281,1,0.3048167,0.8275105,1,0.3070257,0.8281606,1,0.3140885,0.8069817,1,0.2938484,0.8275893,1,0.3063294,0.8753947,1,0.328567
IMG_0595.png,0.795053,1,0.3144877,0.7772316,1,0.3054318,0.7773656,1,0.3107095,0.8006446,1,0.3110821,0.7741308,1,0.3063789,0.7786081,1,0.3028974,0.7833342,1,0.3058611
IMG_0599.png,0.7872339,1,0.3085107,0.7739703,1,0.3073156,0.7793446,1,0.2908825,0.7723743,1,0.2976133,0.7678549,1,0.2982884,0.7768446,1,0.2407634,0.7793978,1,0.30949
IMG_0602.png,0.767742,1,0.3,0.7695766,1,0.3197722,0.7705906,1,0.3233501,0.778218,1,0.317343,0.7625081,1,0.329691,0.7352217,1,0.3240152,0.7971268,1,0.3197088
IMG_0605.png,0.4451532,1,0.6798474,0.4570089,1,0.6199931,0.4355637,1,0.6519855,0.4470528,1,0.638117,0.4467148,1,0.6710001,0.4690963,1,0.5967597,0.4568498,1,0.5986438
IMG_0606.png,0.4344263,1,0.6639344,0.4818337,1,0.5569346,0.4728262,1,0.5810408,0.4717223,1,0.6132054,0.474102,1,0.5528968,0.4904955,1,0.5542466,0.4512644,1,0.5613084
IMG_0611.png,0.5609757,1,0.5670733,0.717976,1,0.6672635,0.6437666,1,0.5425489,0.6404413,1,0.5317476,0.6661088,1,0.6282796,0.6405912,1,0.4796697,0.6245,1,0.4873234
IMG_0612.png,0.675141,1,0.3629943,0.6916621,1,0.5704939,0.6465775,1,0.4296379,0.6453225,1,0.4323231,0.5900532,1,0.5327561,0.677365,1,0.3888438,0.8733224,1,0.5362286
IMG_0617.png,0.7733757,1,0.344955,0.8820757,1,0.3836875,0.9590077,1,0.2372618,0.9029122,1,0.2540796,0.9407409,1,0.219963,1.263625,1,0.2625576,0.8668884,1,0.4460738
IMG_0618.png,0.7814032,1,0.3115824,0.9597584,1,0.5058605,0.9224419,1,0.3390701,0.8862902,1,0.3650331,0.929696,1,0.3847486,0.9220128,1,0.2714326,0.9858546,1,0.7095583
IMG_0619.png,0.8031496,1,0.3044619,0.7945327,1,0.2998315,0.78884,1,0.3044902,0.7819825,1,0.3190512,0.8104406,1,0.2836175,0.7775004,1,0.2886209,0.7927935,1,0.3272713
IMG_0620.png,0.8090554,1,0.3070867,0.8063465,1,0.2978215,0.8021106,1,0.2972023,0.8032783,1,0.2997371,0.7981794,1,0.2971604,0.7822927,1,0.2915776,0.784917,1,0.2892296
IMG_0622.png,0.7949527,1,0.3101998,0.8420696,1,0.3362899,0.7851927,1,0.2954345,0.8034991,1,0.3041408,0.7881546,1,0.3049393,0.7629879,1,0.3026439,0.9242635,1,0.3845
IMG_0623.png,0.7800687,1,0.3024056,0.780037,1,0.3232877,0.7844789,1,0.300721,0.7719692,1,0.3293017,0.7929129,1,0.2898762,0.7515486,1,0.300347,0.7862055,1,0.550411
IMG_0626.png,0.6451612,1,0.3064516,0.6071636,1,0.3389119,0.6665986,1,0.2701143,0.6578536,1,0.2880825,0.6722248,1,0.2683227,0.6779728,1,0.2519265,0.6089201,1,0.3450418
IMG_0627.png,0.5024875,1,0.597015,0.4754141,1,0.652465,0.4641799,1,0.6940778,0.4974353,1,0.6186922,0.4915932,1,0.6063047,0.4958362,1,0.5848611,0.4437412,1,0.7269771
IMG_0629.png,0.7198515,1,0.3858998,0.532837,1,0.6338505,0.7051302,1,0.4927704,0.7155591,1,0.4408702,0.4983893,1,0.6334702,0.7627648,1,0.4385774,0.4809552,1,0.6582968
IMG_0630.png,0.7682119,1,0.2980133,0.9115273,1,0.5829885,0.8055128,1,0.3082318,0.8370189,1,0.3486929,0.7846552,1,0.3284013,0.781037,1,0.2835167,0.9516106,1,0.872679
IMG_0631.png,0.7362784,1,0.2811246,0.949305,1,0.6514117,0.8002209,1,0.3628064,0.7967296,1,0.352783,0.8582174,1,0.4498693,0.7485123,1,0.2729352,0.9981411,1,0.9537599
IMG_0632.png,0.8333334,1,0.3070175,0.8921527,1,0.2954012,0.9171997,1,0.2883152,0.9394373,1,0.2821124,0.8879266,1,0.2975135,0.9372998,1,0.2631825,0.8338843,1,0.3050241
IMG_0633.png,0.6871164,1,0.4171778,0.6326045,1,0.6015046,0.6818601,1,0.492428,0.6799353,1,0.5323871,0.6031772,1,0.5255909,0.6076334,1,0.5235893,0.5887186,1,0.7453799
IMG_0634.png,0.6657143,1,0.44,0.7043664,1,0.4562052,0.7124245,1,0.3881452,0.7297481,1,0.401685,0.681566,1,0.4176468,0.6970896,1,0.3909085,0.6990985,1,0.5715559
IMG_0635.png,0.6898732,1,0.4082278,0.5558168,1,0.6528391,0.619997,1,0.5111989,0.6660557,1,0.4920182,0.4999712,1,0.6320423,0.6168929,1,0.4940805,0.9724017,1,0.8387189
IMG_0636.png,0.4423963,1,0.6866358,0.5741955,1,0.8445632,0.493344,1,0.7586037,0.5172401,1,0.7338516,0.5081163,1,0.7837578,0.4869652,1,0.6968197,0.9303298,1,0.9979121
IMG_0637.png,0.5584416,1,0.5064935,0.5901025,1,0.457352,0.5859132,1,0.4735428,0.5805789,1,0.4850873,0.5869666,1,0.4618796,0.5740035,1,0.4697743,0.5896894,1,0.4573525
IMG_0638.png,0.5129152,1,0.6162361,0.5557054,1,0.642576,0.6994593,1,0.5072093,0.5829138,1,0.5855148,0.6219342,1,0.5638403,0.6687921,1,0.497213,0.4401359,1,0.6952324
IMG_0661.png,0.4988292,1,0.6182672,0.5105528,1,0.6059358,0.5104908,1,0.6012425,0.5376698,1,0.5890161,0.4958566,1,0.6235674,0.5486069,1,0.5476669,0.4706324,1,0.654985
IMG_0672.png,0.4659498,1,0.7467145,0.4579615,1,0.8045488,0.4809701,1,0.7830345,0.4832661,1,0.7777714,0.4582185,1,0.8468709,0.5481327,1,0.7074757,0.4495484,1,0.7901918
IMG_0673.png,0.462185,1,0.7454982,0.4641221,1,0.7463608,0.4947899,1,0.7313646,0.5104613,1,0.7073832,0.4632171,1,0.7438466,0.4846263,1,0.7026629,0.4746087,1,0.7311821
IMG_0674.png,0.4609218,1,0.760187,0.5061242,1,0.7538175,0.5586674,1,0.6998128,0.504002,1,0.730174,0.4976785,1,0.7226548,0.5070563,1,0.6993394,0.4710368,1,0.7377432
IMG_0675.png,0.4653926,1,0.7551654,0.4893688,1,0.8073332,0.549298,1,0.7765581,0.4874673,1,0.7892983,0.5662051,1,0.8206488,0.5025655,1,0.7474007,0.4714046,1,0.7605116
IMG_0677.png,0.4616457,1,0.7622035,0.4378507,1,0.738454,0.4653045,1,0.7432961,0.4667518,1,0.7402111,0.4463263,1,0.7630059,0.4915094,1,0.7015707,0.4245436,1,0.7996169
IMG_0679.png,0.4644997,1,0.7510694,0.5717966,1,0.6503668,0.6090137,1,0.6262551,0.6030972,1,0.6364363,0.5632105,1,0.6205001,0.6393245,1,0.5815462,0.4624673,1,0.8395216
IMG_0680.png,0.462636,1,0.7486414,0.5817889,1,0.5900828,0.5884239,1,0.6126016,0.5939352,1,0.6154072,0.5618854,1,0.6130747,0.6241344,1,0.5397797,0.610017,1,0.6595872
IMG_0681.png,0.4812925,1,0.6173469,0.4936534,1,0.6296338,0.4891287,1,0.63669,0.5304558,1,0.6291967,0.4889301,1,0.6284827,0.5440196,1,0.5968143,0.4556317,1,0.6487046
IMG_0684.png,0.4628098,1,0.7520659,0.463229,1,0.7438247,0.4713263,1,0.7167753,0.4788679,1,0.7248285,0.456053,1,0.7643839,0.4828473,1,0.6490056,0.445951,1,0.7718638
IMG_0685.png,0.5228216,1,0.5809129,0.5184887,1,0.5869287,0.5012481,1,0.6070322,0.5209538,1,0.5848747,0.5177229,1,0.5857172,0.532192,1,0.5733156,0.5485742,1,0.5685408
IMG_0744.png,0.4450826,1,0.7695622,0.4492742,1,0.7879851,0.4916985,1,0.6546422,0.5439629,1,0.6232585,0.4460897,1,0.7431715,0.5190891,1,0.4906679,0.4514484,1,0.7923022
IMG_0745.png,0.4486984,1,0.7748856,0.6704039,1,0.6346246,0.5587263,1,0.6565062,0.5417392,1,0.6116688,0.5140337,1,0.679832,0.516448,1,0.6258152,0.9349232,1,0.6936234
IMG_0747.png,0.4541789,1,0.7822581,0.5351856,1,0.628369,0.5143854,1,0.6335998,0.5153897,1,0.6316988,0.5422857,1,0.6293106,0.520481,1,0.6184465,0.4629433,1,0.8536784
IMG_0749.png,0.4487473,1,0.7790435,0.4485008,1,0.7908457,0.4567676,1,0.7782229,0.4695633,1,0.7535317,0.4486861,1,0.7918359,0.4547761,1,0.773845,0.451408,1,0.7864492
IMG_0750.png,0.448931,1,0.7854315,0.4492996,1,0.7809464,0.4600031,1,0.7793832,0.4707106,1,0.7326098,0.4492034,1,0.7772446,0.453261,1,0.7253372,0.4500808,1,0.7803402
IMG_0753.png,0.4615116,1,0.7890133,0.4867567,1,0.7500565,0.5221691,1,0.7222139,0.502363,1,0.7167058,0.5787225,1,0.6275114,0.5169734,1,0.6953819,0.4984849,1,0.7333542
IMG_0754.png,0.4494624,1,0.7817202,0.5337417,1,0.6408187,0.5284926,1,0.6312461,0.5053366,1,0.6523738,0.5351285,1,0.6406761,0.5859185,1,0.59947,0.4920297,1,0.6931594
IMG_0755.png,0.4632653,1,0.7653061,0.4488566,1,0.7892262,0.4700814,1,0.7541414,0.5140689,1,0.6865541,0.4518933,1,0.7842864,0.5159147,1,0.6700259,0.4506102,1,0.7903111
IMG_0756.png,0.4521011,1,0.7747902,0.5579744,1,0.5994485,0.5502477,1,0.587551,0.5555687,1,0.6257552,0.5689673,1,0.5919981,0.5761983,1,0.5875905,0.5521638,1,0.6223587
IMG_0762.png,0.4589372,1,0.763285,0.446424,1,0.7841834,0.4556772,1,0.7788635,0.4751699,1,0.7421846,0.4457964,1,0.7846342,0.4639239,1,0.7507131,0.4475686,1,0.7891859
IMG_0763.png,0.4528044,1,0.7756496,0.5435152,1,0.608396,0.545213,1,0.611172,0.5279324,1,0.6442334,0.5414306,1,0.6077576,0.5334793,1,0.6170747,0.6110162,1,0.4776216
IMG_0765.png,0.4520409,1,0.7806124,0.4715612,1,0.7394046,0.4782167,1,0.7381227,0.4778417,1,0.7288843,0.4843807,1,0.7054625,0.4826786,1,0.6824383,0.7163782,1,0.7434199
IMG_0766.png,0.4494383,1,0.7814096,0.5265156,1,0.6298246,0.5400935,1,0.6319911,0.5252727,1,0.630949,0.5292678,1,0.6230235,0.5317679,1,0.6024456,0.4704175,1,0.7550032
IMG_0768.png,0.5080214,1,0.5775401,0.4763284,1,0.6860318,0.4643363,1,0.4813062,0.4909065,1,0.5761375,0.4679382,1,0.6156366,0.469185,1,0.4361508,0.4907405,1,0.8519135
IMG_0771.png,0.5356836,1,0.6362857,0.5408983,1,0.6763192,0.5536118,1,0.6627973,0.5708138,1,0.6417596,0.5453823,1,0.6644844,0.5688349,1,0.6017212,0.5369216,1,0.6893334
IMG_0772.png,0.4485727,1,0.7884003,0.5376062,1,0.6798666,0.5053508,1,0.6940576,0.5023215,1,0.6913856,0.4914102,1,0.6965893,0.4331867,1,0.6438947,0.7940999,1,0.427245
IMG_0774.png,0.4615385,1,0.7716346,0.4499582,1,0.7920036,0.4793809,1,0.7498992,0.5293404,1,0.6950072,0.4464311,1,0.7926182,0.4938437,1,0.7081524,0.7842042,1,0.7937483
IMG_0775.png,0.4547647,1,0.7683957,0.5420756,1,0.62822,0.5576786,1,0.6024828,0.5490377,1,0.6199386,0.520723,1,0.6518249,0.5444502,1,0.6173475,0.4869991,1,0.7609685
IMG_0779.png,0.4619845,1,0.7068301,0.5321208,1,0.6624494,0.5663523,1,0.5976777,0.544567,1,0.5922242,0.5298369,1,0.5910147,0.5396295,1,0.5690659,0.4662604,1,0.6984504
IMG_0780.png,0.4527363,1,0.7810945,0.4718009,1,0.7356361,0.5107481,1,0.6771852,0.5121208,1,0.6730636,0.4729657,1,0.732603,0.4624973,1,0.7506067,0.4598156,1,0.7556369
IMG_0784.png,0.4531178,1,0.786605,0.4945465,1,0.8754613,0.492772,1,0.8431255,0.4863661,1,0.8089391,0.4625002,1,0.8399935,0.4705859,1,0.7504117,0.6833211,1,0.9966354
IMG_0785.png,0.4459204,1,0.7855787,0.4444592,1,0.8050284,0.4524012,1,0.7820203,0.4865787,1,0.7305377,0.4450097,1,0.8054693,0.4638074,1,0.7597606,0.4679076,1,0.8097124
IMG_0787.png,0.4456183,1,0.793039,0.4563014,1,0.5632912,0.4951604,1,0.4201011,0.5084146,1,0.49268,0.4343021,1,0.3287023,0.4347732,1,0.3182849,0.4858552,1,0.7367821
IMG_0788.png,0.4484849,1,0.7941919,0.490688,1,0.8626665,0.4886721,1,0.7632537,0.5020277,1,0.7224531,0.464843,1,0.8200624,0.4933358,1,0.705041,0.5398228,1,0.9332548
IMG_0789.png,0.4538461,1,0.7320513,0.6066698,1,0.7088443,0.4809642,1,0.7047969,0.4985735,1,0.6868296,0.4752612,1,0.6828669,0.4961742,1,0.6331754,0.9315353,1,0.7147447
IMG_0790.png,0.4777328,1,0.7165992,0.4896223,1,0.6977743,0.5029619,1,0.7191302,0.5123553,1,0.6759702,0.4897015,1,0.6847712,0.5141779,1,0.6288096,0.4622855,1,0.8069223
IMG_0792.png,0.4513275,1,0.7787611,0.4835902,1,0.7277475,0.4821522,1,0.7222469,0.4801277,1,0.7155891,0.4700508,1,0.7433442,0.4953723,1,0.6929343,0.6021298,1,0.4809627
IMG_0795.png,0.4545455,1,0.7800983,0.4427438,1,0.7947807,0.4622861,1,0.7645902,0.4908495,1,0.7162557,0.4424156,1,0.7943129,0.4797728,1,0.7257255,0.4467388,1,0.7947682
IMG_0796.png,0.4569932,1,0.7666416,0.9745998,1,0.7187621,0.6858552,1,0.6087692,0.6503731,1,0.6272973,0.9011572,1,0.5748771,0.583962,1,0.5709437,0.9978674,1,0.976401
IMG_0797.png,0.4626717,1,0.7554025,0.5162145,1,0.6762965,0.5497953,1,0.6282274,0.5208571,1,0.6621882,0.5092502,1,0.6564408,0.5442288,1,0.6087412,0.4567067,1,0.8298485
IMG_0799.png,0.4467354,1,0.790378,0.4393127,1,0.8536678,0.4388897,1,0.8496388,0.4298149,1,0.8766678,0.4386542,1,0.8589033,0.4351666,1,0.8447604,0.4546769,1,0.7950352
IMG_0800.png,0.4605809,1,0.780083,0.4387737,1,0.8101813,0.4580438,1,0.7648773,0.4828837,1,0.734023,0.440068,1,0.8059376,0.4790916,1,0.719817,0.4411265,1,0.8055293
IMG_0802.png,0.5152671,1,0.6412213,0.4662843,1,0.7175363,0.4866973,1,0.6727375,0.5107968,1,0.6494649,0.4668465,1,0.7132342,0.4869455,1,0.6284002,0.4494185,1,0.7603574
IMG_0805.png,0.4437595,1,0.7935282,0.4397348,1,0.7990834,0.4678866,1,0.7597739,0.4785765,1,0.726535,0.4366559,1,0.802141,0.4610925,1,0.7115497,0.4453478,1,0.7883826
IMG_0806.png,0.4442529,1,0.7959771,0.439447,1,0.8022796,0.4609366,1,0.7656819,0.4610881,1,0.7405233,0.4436333,1,0.784752,0.4839709,1,0.6412855,0.4477354,1,0.785599
IMG_0807.png,0.4408714,1,0.7935684,0.4886936,1,0.7571087,0.4907628,1,0.5719506,0.4983291,1,0.6607609,0.4653227,1,0.5247315,0.4712095,1,0.5075254,0.4372959,1,0.7998734
IMG_0811.png,0.4429969,1,0.7915309,0.4388136,1,0.8016648,0.4402916,1,0.7619157,0.4755601,1,0.7612422,0.4388055,1,0.8013895,0.4427789,1,0.7062355,0.4612271,1,0.8046924
IMG_0816.png,0.4397971,1,0.8022811,0.4386372,1,0.8140161,0.4489947,1,0.8046758,0.4700482,1,0.7410372,0.4392723,1,0.8142829,0.4476859,1,0.7785961,0.4418631,1,0.8002999
IMG_0817.png,0.4396324,1,0.8031496,0.4361154,1,0.8088892,0.4448006,1,0.7891408,0.4632741,1,0.742842,0.4360884,1,0.807518,0.4485498,1,0.7642383,0.4402316,1,0.8056855
IMG_0819.png,0.4416058,1,0.8072991,0.4429431,1,0.7983059,0.4431968,1,0.7910685,0.4649405,1,0.7785744,0.4340328,1,0.7879437,0.4544291,1,0.7622488,0.4352359,1,0.8330804
IMG_0820.png,0.4423728,1,0.8050846,0.7024852,1,0.7167175,0.5471917,1,0.7601608,0.4776692,1,0.7292741,0.4384872,1,0.7820124,0.5326741,1,0.7056728,0.8746692,1,0.7052173
IMG_0822.png,0.4415585,1,0.8035715,0.777192,1,0.7800853,0.4829767,1,0.790778,0.5149011,1,0.7247638,0.4341208,1,0.8116219,0.4560625,1,0.7764727,1.098799,1,0.4355385
IMG_0825.png,0.4363057,1,0.8025476,0.4318423,1,0.8184943,0.4351346,1,0.7354695,0.4544806,1,0.7368194,0.433499,1,0.8112995,0.4361116,1,0.589849,0.4347944,1,0.8186139
IMG_0826.png,0.4385082,1,0.8014113,0.4356682,1,0.8117673,0.4385884,1,0.775966,0.4492306,1,0.7626234,0.4358428,1,0.8124575,0.4340412,1,0.6991546,0.4362911,1,0.8074404
IMG_0830.png,0.4382717,1,0.7613171,0.4508204,1,0.7008554,0.4290949,1,0.7044386,0.4338355,1,0.7069085,0.450993,1,0.6956975,0.5027346,1,0.7224255,0.5002108,1,0.6920288
IMG_0831.png,0.439141,1,0.7852031,0.4352687,1,0.8126199,0.4465665,1,0.7971235,0.4681818,1,0.7370614,0.4351328,1,0.8119789,0.44788,1,0.7671534,0.4376935,1,0.8203777
IMG_0832.png,0.4397495,1,0.8028164,0.43333,1,0.8112524,0.4468634,1,0.813712,0.4405946,1,0.7726518,0.432989,1,0.8097103,0.4477374,1,0.7705346,0.4333583,1,0.8153158
IMG_0833.png,0.4353562,1,0.8021108,0.4369051,1,0.8144666,0.4383164,1,0.7812617,0.4472146,1,0.7834685,0.4373609,1,0.8154226,0.4332001,1,0.761061,0.4383747,1,0.8146224
IMG_0834.png,0.4360313,1,0.8067885,0.4346938,1,0.8143334,0.4532497,1,0.8572758,0.4779178,1,0.7741183,0.4351093,1,0.8149781,0.4360965,1,0.7848842,0.6788259,1,0.8092433
IMG_0835.png,0.4349174,1,0.804752,0.809363,1,0.7736733,0.4734012,1,0.7694851,0.5056443,1,0.7430985,0.4342013,1,0.7991843,0.4602152,1,0.7218199,1.000217,1,0.8011886
IMG_0838.png,0.7603386,1,0.3073308,0.9999507,1,0.9584258,0.8721524,1,0.4963507,0.9347964,1,0.5492326,0.8964622,1,0.730067,0.6903173,1,0.4115707,0.9980573,1,0.9901661
IMG_0839.png,0.7575433,1,0.3081897,0.8930293,1,0.6157604,0.7832434,1,0.429521,0.7629503,1,0.5274412,0.8608909,1,0.4522471,0.742988,1,0.398738,0.9888904,1,1.001
IMG_0842.png,0.452381,1,0.7751322,0.4348193,1,0.8222107,0.4486596,1,0.8038191,0.4520613,1,0.778906,0.4349657,1,0.822235,0.4597734,1,0.7690893,0.4366823,1,0.8178636
IMG_0847.png,0.9426229,1,0.2336066,0.9500765,1,0.2889318,1.021984,1,0.2126654,0.833757,1,0.2625789,1.029863,1,0.1961245,1.121935,1,0.164659,0.6377959,1,0.3659379
IMG_0853.png,0.9074074,1,0.2469136,0.6230798,1,0.4552294,0.7276558,1,0.3806747,0.742899,1,0.3724703,0.7018826,1,0.4186332,0.9062728,1,0.2517544,0.6198375,1,0.4484842
IMG_0854.png,0.8032785,1,0.262295,0.7557596,1,0.309914,0.8150684,1,0.2912184,0.7904986,1,0.3020816,0.8764439,1,0.2501413,0.8918979,1,0.2268913,0.7267819,1,0.3044709
IMG_0855.png,0.5537789,1,0.5784882,0.5849527,1,0.6171735,0.6004182,1,0.5315616,0.5523609,1,0.5714102,0.6346874,1,0.4776492,0.6283911,1,0.4816311,0.5250772,1,0.7312164
IMG_0857.png,0.5271565,1,0.6357827,0.9383873,1,0.614041,0.5460521,1,0.6030181,0.5914198,1,0.6024361,0.5535433,1,0.5926787,0.5522771,1,0.5857068,1.710809,1,0.6717705
IMG_0860.png,0.4667673,1,0.7401812,0.5459529,1,0.5897542,0.548043,1,0.5766975,0.5227949,1,0.6055106,0.5520826,1,0.5812916,0.5442958,1,0.5700715,0.5581015,1,0.7100259
IMG_0863.png,0.6437767,1,0.472103,0.5781182,1,0.5478315,0.5842284,1,0.5387744,0.597883,1,0.5478149,0.5876868,1,0.5348144,0.6660633,1,0.4526249,0.5603406,1,0.5861894
IMG_0864.png,0.7880393,1,0.3890992,0.8508084,1,0.3955419,0.8795629,1,0.3865068,0.9328965,1,0.3923364,0.8536427,1,0.3809791,0.9752619,1,0.3535525,0.9105806,1,0.4539893
IMG_0866.png,0.5931476,1,0.5096359,0.6399692,1,0.4815918,0.656192,1,0.4567246,0.7379355,1,0.450398,0.6486719,1,0.4706559,0.8677098,1,0.3567213,0.6068358,1,0.4950563
IMG_0870.png,0.4807018,1,0.6350877,0.4407654,1,0.7121688,0.4661142,1,0.660604,0.450752,1,0.6896037,0.4366963,1,0.6944236,0.4824869,1,0.6156011,0.4721642,1,0.7820332
IMG_0872.png,0.4893616,1,0.5744681,0.4244471,1,0.6808663,0.4318235,1,0.6416213,0.4416664,1,0.6574167,0.4122721,1,0.635474,0.4437279,1,0.5912126,0.4356024,1,0.6816125
IMG_0873.png,0.4205608,1,0.7102804,0.4108023,1,0.7185218,0.4123216,1,0.712945,0.4240712,1,0.7088256,0.4105507,1,0.7184726,0.421223,1,0.7045445,0.4034434,1,0.7280862
IMG_0874.png,0.4524886,1,0.6606334,0.4150798,1,0.7181066,0.4193662,1,0.7129704,0.4343989,1,0.6780865,0.4149546,1,0.7179994,0.4193985,1,0.6991561,0.4237116,1,0.7205606
IMG_0881.png,0.438178,1,0.6832974,0.4531748,1,0.7452283,0.4486318,1,0.7250049,0.4742363,1,0.6755273,0.3902844,1,0.7795906,0.6003052,1,0.6768243,0.4446158,1,0.6758812
IMG_0882.png,0.4803257,1,0.632293,0.49189,1,0.6303611,0.4943203,1,0.641531,0.5236173,1,0.626266,0.4940511,1,0.623554,0.5143149,1,0.6198319,0.4350312,1,0.6934031
IMG_0884.png,0.4866666,1,0.6333333,0.4976907,1,0.6459683,0.4730012,1,0.6923285,0.5453324,1,0.5877317,0.4881386,1,0.6441773,0.4955609,1,0.6442229,0.4631953,1,0.6250482
IMG_0885.png,0.7901864,1,0.3248731,0.9307361,1,0.6283008,0.8138327,1,0.3615232,0.8657638,1,0.3346636,0.8544461,1,0.4240691,0.7928395,1,0.3425509,0.9987916,1,0.9794001
IMG_0886.png,0.7926136,1,0.3210227,0.8280716,1,0.4695631,0.7968224,1,0.3542058,0.8194452,1,0.3247614,0.8364558,1,0.30295,0.7871301,1,0.3292983,1.001054,1,0.8704135
IMG_0891.png,0.4484946,1,0.6576866,0.7361468,1,0.4356273,0.6593963,1,0.4999803,0.6174303,1,0.5414051,0.7278156,1,0.3683269,0.6411824,1,0.4994105,0.7885898,1,0.4238836
IMG_0892.png,0.7730376,1,0.3037543,0.8728942,1,0.2401914,0.8741239,1,0.3113004,0.8663087,1,0.2925021,0.9000241,1,0.2601248,0.8038393,1,0.2950129,0.8685683,1,0.238989
IMG_0899.png,0.7971924,1,0.3120125,0.8291048,1,0.5879493,0.7582701,1,0.3605054,0.7596803,1,0.3768563,0.7576072,1,0.3519774,0.7502762,1,0.3286334,0.9862355,1,0.8818975
