8D5U5524.png,0.737296,1,0.6260784,0.74893,1,0.6129131,0.7466476,1,0.6342841,0.7575434,1,0.626207,0.7659592,1,0.5884764,0.7654282,1,0.5892051,0.7977173,1,0.5710613
8D5U5525.png,0.7187906,1,0.6323975,0.7715822,1,0.7348141,0.7532053,1,0.6196753,0.749857,1,0.620454,0.7766523,1,0.5528182,0.7758476,1,0.5534914,0.8186318,1,0.9394421
8D5U5526.png,0.8216786,1,0.4178323,0.8169309,1,0.4277369,0.8145797,1,0.4381798,0.8256795,1,0.4348344,0.8313828,1,0.4040655,0.8321967,1,0.4037625,0.8065119,1,0.4363444
8D5U5533.png,0.623542,1,0.7158006,0.638792,1,0.692859,0.685969,1,0.661849,0.6878087,1,0.6589678,0.655211,1,0.6778822,0.6549631,1,0.6779298,0.6300223,1,0.7052373
8D5U5534.png,0.8250194,1,0.597851,0.8730127,1,0.5731372,0.9130732,1,0.5648956,0.9172829,1,0.5644388,0.9261508,1,0.5677639,0.9240396,1,0.5678672,0.8573011,1,0.5771084
8D5U5535.png,0.6608187,1,0.6520468,0.646748,1,0.7018128,0.6708132,1,0.687282,0.6595483,1,0.6895695,0.6692107,1,0.6768684,0.6685501,1,0.6771419,0.6683137,1,0.7252337
8D5U5536.png,0.5662869,1,0.8176366,0.6684441,1,0.7328832,0.6664173,1,0.7219608,0.6471581,1,0.7352758,0.6474633,1,0.7105607,0.6471869,1,0.7106974,0.718802,1,0.7055833
8D5U5539.png,0.7014134,1,0.6369258,0.7036337,1,0.6289194,0.7052927,1,0.6241604,0.7138247,1,0.6331927,0.7065768,1,0.6019097,0.7066454,1,0.6017222,0.7040696,1,0.6348024
8D5U5540.png,0.5457587,1,0.9098603,0.5705493,1,0.8497332,0.6032159,1,0.7181618,0.6067791,1,0.6844223,0.5689087,1,0.7967918,0.569012,1,0.7972592,0.611624,1,0.7708071
8D5U5541.png,0.5445026,1,1.173251,0.7424289,1,0.9576599,0.662264,1,0.8944489,0.668093,1,0.8789545,0.584877,1,0.8403735,0.5840984,1,0.8403764,0.9703212,1,1
8D5U5543.png,0.5545659,1,0.8797331,0.6027369,1,0.8173705,0.593443,1,0.8304537,0.5857827,1,0.8420501,0.5887242,1,0.8198721,0.5886654,1,0.819676,0.6085016,1,0.8148779
8D5U5545.png,0.8528529,1,0.4294294,0.843767,1,0.4341988,0.8766628,1,0.4327515,0.8840651,1,0.4385728,0.8574278,1,0.4372763,0.8573461,1,0.4371081,0.8313723,1,0.4392951
8D5U5547.png,0.8583196,1,0.5304776,0.9531841,1,0.5050665,0.939885,1,0.4856515,0.9426214,1,0.4891765,0.8909765,1,0.4982564,0.8904479,1,0.4980924,0.9871805,1,0.4553947
8D5U5549.png,0.7859427,1,0.5654954,0.665246,1,0.7881807,0.7050597,1,0.724368,0.7062779,1,0.7280575,0.7094791,1,0.667847,0.7087544,1,0.668262,0.7204242,1,0.9616236
8D5U5550.png,0.8051949,1,0.538961,0.5932445,1,0.8025751,0.6781823,1,0.7696214,0.6948908,1,0.7601469,0.7018331,1,0.6841521,0.7015616,1,0.6838633,0.5975182,1,0.8143022
8D5U5554.png,0.8522853,1,0.5094759,0.9047842,1,0.5080941,0.9431438,1,0.4440498,0.9329348,1,0.4537568,1.014752,1,0.3603148,1.015599,1,0.3595203,0.8253411,1,0.5485979
8D5U5556.png,0.8676844,1,0.4300255,0.8152364,1,0.5206233,0.8371778,1,0.5198222,0.8398745,1,0.5220053,0.8419119,1,0.4563183,0.8403117,1,0.458299,0.8680628,1,0.5626198
8D5U5557.png,0.849315,1,0.436073,0.9436865,1,0.6950706,0.8828461,1,0.6272935,0.868209,1,0.593618,0.8370959,1,0.5508236,0.8383534,1,0.5494679,1,1,1
8D5U5561.png,0.5936978,1,0.8278381,0.5953223,1,0.859198,0.6349873,1,0.7722041,0.6409793,1,0.7624727,0.6577759,1,0.6627973,0.6569466,1,0.6641552,0.6064381,1,0.9065932
8D5U5562.png,0.5884219,1,0.8568596,0.8088341,1,0.9187605,0.7101173,1,0.7937638,0.6944144,1,0.7831554,0.7155635,1,0.7627498,0.7161977,1,0.7635555,1,1,1
8D5U5565.png,0.5820423,1,0.8542254,0.7787353,1,0.6306086,0.7261833,1,0.5634864,0.7293954,1,0.5526426,0.7181986,1,0.5786689,0.7185255,1,0.5787989,0.8907591,1,0.7757562
8D5U5568.png,0.9553159,1,0.4745763,1.095173,1,0.3691639,0.9942613,1,0.4480636,0.9302754,1,0.4863392,1.115764,1,0.3607512,1.115361,1,0.3607311,0.9936248,1,0.448429
8D5U5569.png,0.6720002,1,0.7392002,0.681314,1,0.7729785,0.6946099,1,0.7013362,0.6893701,1,0.7124593,0.7395875,1,0.623986,0.7394689,1,0.6220534,0.7800499,1,0.8729149
8D5U5571.png,1.314487,1,0.2756184,1.352472,1,0.2469717,1.325072,1,0.2568822,1.307692,1,0.2663485,1.404843,1,0.2156494,1.404972,1,0.2155503,1.213428,1,0.2896114
8D5U5573.png,0.6755853,1,0.809699,0.6901711,1,0.6998615,0.7168046,1,0.6706711,0.7127159,1,0.6794637,0.7258819,1,0.6481924,0.7252342,1,0.6488325,0.7560045,1,0.6477889
8D5U5574.png,0.6195053,1,0.7994505,0.9603894,1,0.6928007,0.9568215,1,0.5017657,0.9118847,1,0.5340104,1.161173,1,0.4038903,1.158177,1,0.4062075,0.7671593,1,0.76908
8D5U5575.png,0.5122279,1,1.193765,0.792706,1,0.9012618,0.6980022,1,0.8788747,0.6915444,1,0.8814021,0.6935942,1,0.8042666,0.6943531,1,0.8053222,1,1,1
8D5U5576.png,0.6000815,1,0.8320423,0.9156838,1,0.9238365,0.8793789,1,0.7109504,0.8692312,1,0.7194489,0.8617764,1,0.647066,0.8621868,1,0.6484977,1,1,1
8D5U5578.png,0.9741934,1,0.4774194,0.7146767,1,0.7128207,0.8281186,1,0.6150533,0.852192,1,0.6011563,0.9566437,1,0.52803,0.9581665,1,0.526712,1.104336,1,0.6643896
8D5U5579.png,0.6063461,1,0.7887952,0.6597168,1,0.7478987,0.6602267,1,0.748839,0.6669034,1,0.7432349,0.6826436,1,0.7111101,0.6823327,1,0.711378,0.8061947,1,0.8278406
8D5U5580.png,0.9653182,1,0.5144508,0.6626857,1,0.7517026,0.8578422,1,0.6031458,0.8341237,1,0.6159461,0.9607731,1,0.5197251,0.9597813,1,0.5203122,0.6809339,1,0.8252689
8D5U5581.png,0.6427349,1,0.6905981,0.6596225,1,0.6807865,0.654205,1,0.6827689,0.6638934,1,0.6743965,0.6716061,1,0.638109,0.6713076,1,0.6387248,0.8712827,1,0.9049886
8D5U5582.png,0.5864079,1,0.7844661,0.5826932,1,0.8345349,0.5627773,1,0.8380967,0.5703084,1,0.8302846,0.6309247,1,0.7407932,0.630844,1,0.74078,0.733258,1,0.853885
8D5U5583.png,0.4759946,1,1.030864,0.529961,1,0.9795173,0.5369578,1,0.9454281,0.5235566,1,0.9658979,0.6198818,1,0.8040217,0.6191741,1,0.804739,0.4684093,1,1.128597
8D5U5584.png,0.4654955,1,1.070264,0.5684563,1,0.8499997,0.5273991,1,0.9598823,0.5217558,1,0.9714441,0.5580365,1,0.8487465,0.5584659,1,0.8478948,0.5346805,1,0.9756909
8D5U5585.png,0.5734264,1,0.8611387,0.6831359,1,0.7781407,0.693566,1,0.7118227,0.7002454,1,0.7181876,0.7736241,1,0.617568,0.7686309,1,0.6222774,0.7258264,1,0.9187862
8D5U5586.png,0.5425056,1,0.8903802,0.6496112,1,1.001138,0.5383564,1,1.009112,0.5408099,1,1.010626,0.5612515,1,0.8862772,0.5627609,1,0.8878561,0.8825666,1,1
8D5U5587.png,0.6317935,1,0.7608696,0.9672687,1,0.9277394,0.8592387,1,0.7749369,0.8849524,1,0.7874036,0.7785853,1,0.651779,0.7781138,1,0.6512712,1,1,1
8D5U5588.png,0.7330862,1,0.6969419,0.7488804,1,0.6927241,0.8508702,1,0.6607311,0.8526045,1,0.6650728,0.8353988,1,0.6405471,0.8348929,1,0.6405611,0.7262112,1,0.7372391
8D5U5592.png,0.7171976,1,0.699363,0.777402,1,0.6471441,0.7500045,1,0.6871859,0.763011,1,0.6794872,0.8043514,1,0.6270026,0.8032605,1,0.6277089,0.7707895,1,0.6434037
8D5U5593.png,0.7855072,1,0.6,0.7784282,1,0.604384,0.7605105,1,0.6360709,0.7649047,1,0.6378394,0.7951935,1,0.5931405,0.7951988,1,0.5929087,0.7440372,1,0.6119783
8D5U5596.png,1.064777,1,0.4453442,1.118113,1,0.4022978,1.123022,1,0.4059671,1.123543,1,0.4169116,1.189875,1,0.3734842,1.189351,1,0.3735548,1.101625,1,0.3953935
8D5U5599.png,1.124439,1,0.3755606,1.104922,1,0.3839555,1.114522,1,0.3890846,1.118507,1,0.3908028,1.131294,1,0.3688085,1.131204,1,0.3687058,1.064569,1,0.4707658
8D5U5600.png,1.113475,1,0.3640662,1.120515,1,0.3581789,1.101883,1,0.3708592,1.102079,1,0.3738398,1.151161,1,0.3304435,1.151224,1,0.3304029,1.024835,1,0.5042055
8D5U5601.png,0.7984221,1,0.5652798,0.8120911,1,0.5487386,0.8262793,1,0.5565793,0.8368046,1,0.5616715,0.8131572,1,0.5390302,0.8131981,1,0.5389218,0.8316338,1,0.554799
8D5U5602.png,0.8083814,1,0.5703774,0.8572254,1,0.5485176,0.8356267,1,0.5756744,0.8356937,1,0.5725968,0.8370231,1,0.5656565,0.8373742,1,0.5648425,0.7534039,1,0.6838108
8D5U5603.png,0.8240226,1,0.5428307,0.7319977,1,0.6518138,0.8098759,1,0.5872684,0.8191301,1,0.5810186,0.7954828,1,0.5643454,0.7961782,1,0.5635874,0.7832081,1,0.6989106
8D5U5604.png,0.8043218,1,0.5666269,0.8163998,1,0.54902,0.8509357,1,0.5285952,0.8670548,1,0.5288957,0.8282806,1,0.5379078,0.8283976,1,0.5378147,0.8324316,1,0.4875243
8D5U5606.png,0.7163517,1,0.6040047,0.6997707,1,0.6622032,0.6761883,1,0.688817,0.6708277,1,0.7019968,0.6940195,1,0.63349,0.6937753,1,0.6341438,0.6394543,1,0.8267679
8D5U5611.png,1.359081,1,0.269311,1.299814,1,0.3405426,1.342494,1,0.2835695,1.340236,1,0.287783,1.572998,1,0.2337384,1.570223,1,0.2339427,1.053752,1,0.4462571
8D5U5612.png,1.199346,1,0.375817,1.192015,1,0.3664205,1.188924,1,0.3640487,1.195086,1,0.3685237,1.244845,1,0.3403418,1.244852,1,0.3403705,1.117758,1,0.4043775
8D5U5613.png,1.23002,1,0.2592593,1.13961,1,0.3125352,1.207966,1,0.2603287,1.194053,1,0.2649781,1.275993,1,0.238602,1.275652,1,0.2386008,1.085075,1,0.5263446
8D5U5617.png,1.194175,1,0.3300972,1.198779,1,0.3362876,1.305548,1,0.311598,1.29775,1,0.3131678,1.337555,1,0.2846542,1.336743,1,0.2848254,1.266304,1,0.3483788
8D5U5618.png,1.136405,1,0.3751152,1.146798,1,0.3729091,1.168658,1,0.3736093,1.173046,1,0.3781119,1.163557,1,0.3665833,1.163415,1,0.3665263,1.143632,1,0.3755337
8D5U5619.png,1.210174,1,0.3480589,1.092349,1,0.4037228,1.198322,1,0.359315,1.196926,1,0.3625401,1.263912,1,0.3165579,1.262445,1,0.3172483,1.022065,1,0.4982555
8D5U5620.png,1.213198,1,0.286802,1.182518,1,0.5384254,1.363343,1,0.3100383,1.335062,1,0.3329059,1.521282,1,0.2429584,1.522037,1,0.2423012,1,1,1
IMG_0281.png,0.4622771,1,0.7489712,0.4925837,1,0.7163645,0.5082525,1,0.6828481,0.510542,1,0.6846301,0.476025,1,0.6972803,0.4761683,1,0.6978276,0.6133635,1,0.8360569
IMG_0284.png,0.4616132,1,0.7492711,0.46602,1,0.7166659,0.5261841,1,0.5534448,0.5216866,1,0.5648734,0.4901901,1,0.3500896,0.4906841,1,0.351969,0.4672569,1,0.7258994
IMG_0286.png,0.470817,1,0.7256808,0.4672957,1,0.7430028,0.4949964,1,0.7339234,0.4901876,1,0.7326248,0.4882567,1,0.6506811,0.4875722,1,0.6516287,0.4801118,1,0.7156476
IMG_0292.png,0.4930448,1,0.6846986,0.5029184,1,0.68863,0.5106198,1,0.6548439,0.5103529,1,0.6569217,0.5531786,1,0.5704575,0.5531195,1,0.570643,0.5486004,1,0.7800949
IMG_0293.png,0.4886164,1,0.6777583,0.511661,1,0.6521921,0.5269156,1,0.6612419,0.5237128,1,0.6669993,0.5510688,1,0.5751649,0.5510613,1,0.5752327,0.5056579,1,0.6773296
IMG_0296.png,0.4610984,1,0.7482839,0.5057197,1,0.6498314,0.5192378,1,0.5936197,0.5115315,1,0.5832204,0.5072172,1,0.5196519,0.5069158,1,0.5216038,0.4986004,1,0.6592722
IMG_0298.png,0.5094339,1,0.6339621,0.5260161,1,0.6027465,0.5228491,1,0.6220914,0.5204263,1,0.6278491,0.5274313,1,0.5936792,0.5274115,1,0.5935033,0.5138851,1,0.6392631
IMG_0300.png,0.4591303,1,0.7513045,0.4938219,1,0.6864362,0.5049242,1,0.6549148,0.4993906,1,0.6054829,0.4801665,1,0.4802186,0.4802146,1,0.4828417,0.4532637,1,0.7402742
IMG_0303.png,0.476082,1,0.7186786,0.5109938,1,0.6793651,0.5155287,1,0.6816374,0.5143606,1,0.6776641,0.5105898,1,0.6161069,0.5095637,1,0.6181318,0.6030843,1,0.7267716
IMG_0305.png,0.4746695,1,0.7114535,0.4650346,1,0.7457061,0.4846316,1,0.7224029,0.4818272,1,0.7286742,0.4791307,1,0.7025019,0.4789112,1,0.7028516,0.4750575,1,0.7161443
IMG_0315.png,0.4756062,1,0.7186679,0.5120875,1,0.3733002,0.5252045,1,0.4287054,0.5175178,1,0.4338775,0.5035584,1,0.3566895,0.503427,1,0.3567139,0.4834803,1,0.7095231
IMG_0316.png,0.4683333,1,0.7241665,0.451441,1,0.7662337,0.5222298,1,0.5701699,0.5318519,1,0.5703545,0.4560375,1,0.7066156,0.4560096,1,0.7071258,0.4672704,1,0.7249677
IMG_0317.png,0.4776939,1,0.7343857,0.5233651,1,0.5911825,0.5171182,1,0.4926127,0.5127757,1,0.4955271,0.4964045,1,0.3914134,0.4963633,1,0.3912118,0.518451,1,0.6334128
IMG_0318.png,0.4670231,1,0.7361855,0.4595113,1,0.749899,0.4909339,1,0.7218723,0.4828986,1,0.7273643,0.5045281,1,0.6840692,0.5043281,1,0.6842485,0.4689122,1,0.7148788
IMG_0319.png,0.477564,1,0.7099357,0.8082966,1,0.3601634,0.7934868,1,0.3988175,0.7801715,1,0.4556504,0.810246,1,0.3949749,0.8091544,1,0.397089,0.8124302,1,0.3621139
IMG_0321.png,0.4731544,1,0.738255,0.5957206,1,0.5366325,0.57852,1,0.5615729,0.5578451,1,0.5649551,0.5845803,1,0.5242873,0.5843152,1,0.5240542,0.5907445,1,0.6418511
IMG_0323.png,0.4731934,1,0.726107,0.468189,1,0.7512125,0.5184147,1,0.686725,0.5016451,1,0.6821147,0.5389298,1,0.6327653,0.5371266,1,0.6352537,0.4979074,1,0.6874507
IMG_0324.png,0.4832868,1,0.7033424,0.638122,1,0.5632053,0.6434247,1,0.5596394,0.6302941,1,0.5746784,0.7047991,1,0.4576289,0.7032318,1,0.4593259,0.5429646,1,0.6287434
IMG_0325.png,0.4555085,1,0.6567796,0.4963653,1,0.6122099,0.4885343,1,0.5997899,0.4839009,1,0.6094787,0.5030261,1,0.5536508,0.5032976,1,0.5536498,0.463143,1,0.6589066
IMG_0327.png,0.4873097,1,0.6081217,0.7073755,1,0.4315977,0.6138174,1,0.4382574,0.6109826,1,0.4439628,0.6046246,1,0.4161932,0.603996,1,0.4167664,0.5610495,1,0.6074143
IMG_0328.png,0.4726026,1,0.7455966,0.5030674,1,0.6803783,0.4959094,1,0.6914233,0.4854702,1,0.6930532,0.5513226,1,0.6240534,0.5507717,1,0.6246961,0.4992423,1,0.7126705
IMG_0329.png,0.4717741,1,0.7419355,0.492105,1,0.6828995,0.476555,1,0.6941668,0.4746252,1,0.6950699,0.4984184,1,0.6635609,0.4982395,1,0.6635959,0.4320819,1,0.6725825
IMG_0332.png,0.4761905,1,0.7142858,0.5619759,1,0.7441188,0.5442101,1,0.6673168,0.560745,1,0.6639151,0.4781367,1,0.711678,0.4780682,1,0.7116728,0.9344055,1,0.9681813
IMG_0333.png,0.4761904,1,0.7169312,0.459859,1,0.7446648,0.5013921,1,0.7013917,0.5042136,1,0.6945012,0.475269,1,0.7161382,0.4748699,1,0.7167256,0.5193213,1,0.6688586
IMG_0336.png,0.4608296,1,0.7488481,0.4678097,1,0.7355167,0.513288,1,0.6689,0.516614,1,0.6598786,0.4735485,1,0.7067014,0.473351,1,0.7071677,0.4887902,1,0.7101462
IMG_0339.png,0.4676081,1,0.7400333,0.5327771,1,0.6025833,0.528735,1,0.6366937,0.5218705,1,0.6378098,0.5184546,1,0.5599825,0.5186545,1,0.5605109,0.5086658,1,0.7116436
IMG_0341.png,0.4680557,1,0.738889,0.4864834,1,0.6478477,0.4854153,1,0.6412928,0.4747292,1,0.6401547,0.5093676,1,0.621187,0.5094639,1,0.6207784,0.3366625,1,0.6195381
IMG_0342.png,0.4695144,1,0.7540475,0.4989367,1,0.5756773,0.4609608,1,0.4765633,0.4586922,1,0.4744932,0.4701133,1,0.4679499,0.4712585,1,0.4710213,0.516129,1,0.6481596
IMG_0343.png,0.5026861,1,0.6830394,0.5150615,1,0.6877326,0.5440703,1,0.5767758,0.5472638,1,0.5852625,0.538998,1,0.4445197,0.5397958,1,0.4461135,0.4820324,1,0.713219
IMG_0350.png,0.4580153,1,0.7557252,0.4581802,1,0.7472033,0.5252812,1,0.6315463,0.5367367,1,0.5969159,0.4623236,1,0.6935776,0.4621789,1,0.69453,0.4740957,1,0.7257926
IMG_0352.png,0.4833218,1,0.7181757,0.5565076,1,0.4868192,0.5466998,1,0.4139564,0.5476645,1,0.400042,0.5017719,1,0.3935885,0.501786,1,0.393363,0.5837906,1,0.4382477
IMG_0353.png,0.4647799,1,0.7371069,0.4682256,1,0.7458608,0.5072434,1,0.66747,0.5059759,1,0.6685766,0.4765608,1,0.6835396,0.4765229,1,0.6842136,0.5039005,1,0.6954777
IMG_0362.png,0.5227274,1,0.5643939,0.8887679,1,0.9736576,0.81365,1,0.8630696,0.8192445,1,0.8793883,0.652057,1,0.6952692,0.6503163,1,0.697922,0.9992622,1,0.9997488
IMG_0365.png,0.5118958,1,0.6814127,0.5182893,1,0.5983876,0.4965091,1,0.607076,0.4871851,1,0.6471686,0.4718183,1,0.4534402,0.4724129,1,0.4537855,0.5569663,1,0.6070832
IMG_0366.png,0.5082316,1,0.6789697,0.5152577,1,0.35472,0.6179618,1,0.462453,0.6042087,1,0.4660423,0.5107588,1,0.334306,0.5107925,1,0.3348791,0.5394887,1,0.6417522
IMG_0367.png,0.5050609,1,0.6831984,0.48989,1,0.7159625,0.5492024,1,0.6573256,0.5543214,1,0.6463724,0.4918971,1,0.6717221,0.4916406,1,0.672203,0.5132358,1,0.6706938
IMG_0368.png,0.4950317,1,0.6946701,0.5107488,1,0.7115516,0.5440507,1,0.6410914,0.5448644,1,0.6392434,0.5168705,1,0.6344083,0.5164838,1,0.635316,0.6456388,1,0.7849693
IMG_0369.png,0.4973545,1,0.6910051,0.4763408,1,0.7300636,0.5387538,1,0.6397651,0.5409437,1,0.6385671,0.4982714,1,0.6792302,0.4980298,1,0.6797723,0.4891755,1,0.7076538
IMG_0371.png,0.464539,1,0.7500002,0.4596365,1,0.7459175,0.4988158,1,0.7017489,0.4994542,1,0.7080822,0.4792385,1,0.6965896,0.4789626,1,0.6972054,0.4896841,1,0.6952934
IMG_0375.png,0.4667046,1,0.747581,0.5343792,1,0.7974529,0.6231737,1,0.6571874,0.5812131,1,0.6432727,0.66574,1,0.5847563,0.6619466,1,0.5850247,0.6774759,1,0.9373065
IMG_0376.png,0.4645893,1,0.7271012,0.4963899,1,0.7344399,0.4841223,1,0.6101133,0.4791396,1,0.6069331,0.4917308,1,0.5035123,0.4917451,1,0.503836,0.5219209,1,0.7727352
IMG_0377.png,0.4654026,1,0.7393364,0.492364,1,0.7262701,0.5397704,1,0.5564344,0.5367422,1,0.5572842,0.5489358,1,0.4800451,0.5483473,1,0.4815499,0.4629493,1,0.7509737
IMG_0378.png,0.470304,1,0.7658842,0.456187,1,0.7784557,0.480389,1,0.7103985,0.474809,1,0.7180591,0.4870428,1,0.6564068,0.486704,1,0.6574273,0.4819615,1,0.7347622
IMG_0379.png,0.4650498,1,0.7403709,0.4718908,1,0.7460534,0.4990555,1,0.6940378,0.4937203,1,0.6987358,0.4674368,1,0.7319643,0.4669847,1,0.7331329,0.4948371,1,0.7012929
IMG_0381.png,0.4652713,1,0.737393,0.5012755,1,0.4602985,0.5792168,1,0.524702,0.5792856,1,0.5456632,0.498188,1,0.3943743,0.4981131,1,0.3951164,0.4465892,1,0.7408423
IMG_0382.png,0.471246,1,0.7416134,0.4793907,1,0.7241484,0.5125013,1,0.6573065,0.5138015,1,0.6501902,0.5200373,1,0.6124609,0.519928,1,0.6128392,0.4943744,1,0.7229789
IMG_0383.png,0.4663953,1,0.5835033,0.4964093,1,0.5261492,0.4921338,1,0.4707965,0.4927418,1,0.4871948,0.5287827,1,0.3869316,0.5285707,1,0.3870425,0.5231744,1,0.6071681
IMG_0388.png,0.4486487,1,0.7853282,0.6842919,1,0.9897777,0.5777107,1,0.7668615,0.5539295,1,0.745371,0.6647728,1,0.636152,0.6645454,1,0.645507,0.9041077,1,1.000785
IMG_0390.png,0.4875061,1,0.7065165,0.552451,1,0.6287845,0.5216484,1,0.6542353,0.5236706,1,0.6480473,0.5034832,1,0.6320031,0.5036131,1,0.6318567,0.4892532,1,0.6794576
IMG_0395.png,0.5067156,1,0.6788766,0.536517,1,0.6327364,0.5435958,1,0.602777,0.5423552,1,0.6059272,0.5118384,1,0.4916248,0.5113742,1,0.493211,0.4786159,1,0.7979523
IMG_0397.png,0.4725274,1,0.6872356,0.5547898,1,0.5964996,0.5753605,1,0.5562198,0.5668329,1,0.558997,0.5577182,1,0.5426917,0.5576239,1,0.542093,0.5764355,1,0.6921102
IMG_0398.png,0.4754232,1,0.6970184,0.440331,1,0.7624515,0.4742458,1,0.696816,0.4713749,1,0.698545,0.499088,1,0.636964,0.4986646,1,0.6367616,0.451391,1,0.7521296
IMG_0399.png,0.5015875,1,0.6878306,0.470972,1,0.7309217,0.5137183,1,0.6611444,0.5138135,1,0.6583577,0.4931006,1,0.6695398,0.4928256,1,0.6698507,0.4976104,1,0.6908052
IMG_0404.png,0.4733421,1,0.7295191,0.4680936,1,0.7378419,0.5102016,1,0.6707923,0.5131737,1,0.6643437,0.4694077,1,0.7185258,0.4693396,1,0.7189804,0.4926127,1,0.706871
IMG_0405.png,0.4700995,1,0.7275746,0.4803255,1,0.7223398,0.5271306,1,0.6498936,0.5287647,1,0.6516389,0.4909243,1,0.6881164,0.4907264,1,0.6886132,0.5025933,1,0.6830302
IMG_0413.png,0.5044586,1,0.6649681,0.6490655,1,0.7639701,0.5524502,1,0.6309827,0.5577464,1,0.6270477,0.5481912,1,0.602654,0.5478117,1,0.6040914,0.8839137,1,0.9880731
IMG_0416.png,0.4989649,1,0.6583852,0.5615497,1,0.5460738,0.5500862,1,0.5528879,0.5528925,1,0.5509987,0.5638166,1,0.5320976,0.5638182,1,0.5320128,0.5505871,1,0.5726235
IMG_0419.png,0.5200202,1,0.6616618,0.6263813,1,0.5193106,0.616622,1,0.5430709,0.6162606,1,0.5445426,0.6417518,1,0.5174506,0.6413489,1,0.5175118,0.725533,1,0.7303952
IMG_0420.png,0.4686869,1,0.7343435,0.552216,1,0.6298706,0.5907727,1,0.6343346,0.5880823,1,0.6368557,0.6152804,1,0.6125116,0.613444,1,0.6128687,0.5078323,1,0.6785916
IMG_0421.png,0.4715789,1,0.7263158,0.5076527,1,0.6682537,0.5007786,1,0.6853881,0.5004739,1,0.684589,0.5183997,1,0.636343,0.5185368,1,0.6359887,0.4835749,1,0.7050725
IMG_0422.png,0.4709977,1,0.7343387,0.5005024,1,0.6844386,0.5108156,1,0.6769273,0.5090188,1,0.6818235,0.5165248,1,0.6498438,0.5163388,1,0.6499884,0.4867091,1,0.7623125
IMG_0424.png,0.4727031,1,0.7376831,0.4823941,1,0.719446,0.5112445,1,0.6833627,0.5129456,1,0.6842393,0.5038029,1,0.6663436,0.503453,1,0.6667072,0.5198556,1,0.6723656
IMG_0425.png,0.4679665,1,0.7437325,0.48432,1,0.717483,0.5205672,1,0.6748726,0.5229414,1,0.675867,0.5122127,1,0.6592631,0.5116364,1,0.6602266,0.5231218,1,0.6656631
IMG_0427.png,0.4768645,1,0.7365271,0.5110089,1,0.697468,0.5754227,1,0.6482145,0.5758282,1,0.6528407,0.5875369,1,0.6110249,0.5867549,1,0.6104136,0.502343,1,0.7159955
IMG_0429.png,0.5913218,1,0.6014126,0.5535982,1,0.752704,0.6731662,1,0.5809108,0.677286,1,0.5714669,0.6623206,1,0.4972212,0.6612155,1,0.4978766,0.6302293,1,0.8562721
IMG_0432.png,0.4756691,1,0.718978,0.4930045,1,0.7476031,0.5146675,1,0.6845065,0.5208458,1,0.6797791,0.5139825,1,0.6739516,0.5135156,1,0.6745328,1.275078,1,0.6514275
IMG_0433.png,0.5714284,1,0.5054945,0.5896796,1,0.4690181,0.5819285,1,0.4865239,0.5797241,1,0.4921464,0.5839618,1,0.4555067,0.5837184,1,0.4558078,0.8193067,1,0.5948565
IMG_0437.png,0.4753846,1,0.7215388,0.4698969,1,0.7431199,0.4932985,1,0.7107196,0.4930536,1,0.7097433,0.4926827,1,0.6756581,0.4925384,1,0.6765162,0.4937054,1,0.7243526
IMG_0438.png,0.504183,1,0.6670384,0.5157758,1,0.7024446,0.5447313,1,0.6363619,0.5445374,1,0.638259,0.5241053,1,0.6418921,0.5235476,1,0.6426325,0.5245689,1,0.6901539
IMG_0439.png,0.4570446,1,0.7835051,0.5088706,1,0.693199,0.5183309,1,0.6640964,0.5218806,1,0.661248,0.5310455,1,0.6553728,0.5310633,1,0.6556855,0.517087,1,0.6594703
IMG_0440.png,0.5209953,1,0.6609642,0.5336913,1,0.6406945,0.5565635,1,0.6200622,0.555969,1,0.6264062,0.5552391,1,0.6020615,0.5547379,1,0.6021087,0.6109315,1,0.7163187
IMG_0443.png,0.4354019,1,0.8087489,0.9366248,1,0.9711636,0.6339984,1,0.7937723,0.6213038,1,0.7955191,0.5856833,1,0.6855943,0.5858053,1,0.6852142,1.000377,1,1.000126
IMG_0446.png,0.4610336,1,0.7555373,0.5532991,1,0.6030466,0.5562371,1,0.6091734,0.5568563,1,0.6128957,0.5818192,1,0.5579236,0.5818187,1,0.5578919,0.5539169,1,0.6088957
IMG_0447.png,0.5081555,1,0.6737765,0.4977836,1,0.7070133,0.5758726,1,0.6129834,0.5786383,1,0.6032341,0.530921,1,0.645664,0.5297615,1,0.647613,0.5056482,1,0.6789582
IMG_0450.png,0.443539,1,0.7892897,0.4996845,1,0.7004732,0.5092569,1,0.6747719,0.5063312,1,0.6766383,0.4743826,1,0.7148585,0.4742545,1,0.7159986,0.5203732,1,0.6759587
IMG_0452.png,0.4264973,1,0.823956,0.4627051,1,0.7420549,0.4694028,1,0.7352858,0.4671711,1,0.7396817,0.4514861,1,0.7327845,0.4517445,1,0.7328975,0.4902571,1,0.6992078
IMG_0455.png,0.4491696,1,0.773422,0.456855,1,0.7590753,0.47631,1,0.7068402,0.4710651,1,0.7158812,0.4631903,1,0.6187908,0.4628828,1,0.6197798,0.4475105,1,0.7776822
IMG_0456.png,0.3981482,1,0.8950617,0.4792057,1,0.7329566,0.5091441,1,0.6919292,0.5094884,1,0.693673,0.4774278,1,0.7206514,0.4772702,1,0.7211625,0.5345804,1,0.6842096
IMG_0457.png,0.4673618,1,0.7484135,0.4518372,1,0.8239536,0.4896163,1,0.7234798,0.4921317,1,0.7167771,0.5191077,1,0.6471557,0.5189696,1,0.6471396,0.5036764,1,0.71444
IMG_0458.png,0.4567899,1,0.7578346,0.4730482,1,0.7837466,0.4929674,1,0.7335647,0.494748,1,0.734524,0.5179719,1,0.6739364,0.518078,1,0.6736484,0.4579123,1,0.855248
IMG_0460.png,0.5509258,1,0.5740741,0.6153533,1,0.6304478,0.6106541,1,0.5251948,0.6148327,1,0.524578,0.6394427,1,0.4778225,0.6394726,1,0.4776382,0.6500563,1,0.6937302
IMG_0462.png,0.6773163,1,0.416933,0.7210982,1,0.4011104,0.7149494,1,0.3981495,0.7081788,1,0.4031067,0.7377314,1,0.3615308,0.7374322,1,0.3620936,0.7091517,1,0.4352974
IMG_0466.png,0.4911536,1,0.6475585,0.7112178,1,0.5216702,0.5682574,1,0.5545184,0.5808687,1,0.5428232,0.5597004,1,0.5180751,0.5591705,1,0.5194141,0.8186697,1,0.3434035
IMG_0470.png,0.5161291,1,0.6638529,0.501021,1,0.7028428,0.5539879,1,0.6053087,0.5575158,1,0.5996885,0.5165038,1,0.6515362,0.5161436,1,0.652051,0.5279647,1,0.7098928
IMG_0471.png,0.5287981,1,0.6477462,0.5422308,1,0.6185251,0.5059084,1,0.6144362,0.5102825,1,0.6011172,0.4877047,1,0.6177451,0.488194,1,0.6181393,0.5522452,1,0.5784635
IMG_0474.png,0.4946445,1,0.6864653,0.5098458,1,0.4142913,0.5288413,1,0.4481011,0.5313605,1,0.4524413,0.5055352,1,0.3962676,0.5054441,1,0.3964634,0.4652073,1,0.6507683
IMG_0477.png,0.482587,1,0.7089553,0.5059117,1,0.7199191,0.5104242,1,0.6836978,0.510577,1,0.686254,0.467599,1,0.6763406,0.467153,1,0.6772155,0.5194221,1,0.6420338
IMG_0479.png,0.4725492,1,0.7303924,0.4778466,1,0.7510754,0.5415432,1,0.6001951,0.541738,1,0.5976577,0.4516958,1,0.6657417,0.4512321,1,0.6671551,0.5523231,1,0.6309162
IMG_0480.png,0.5132742,1,0.6654865,0.4808583,1,0.753688,0.5699676,1,0.5880588,0.5915177,1,0.5736999,0.4259394,1,0.8063228,0.4260756,1,0.8055142,0.5432243,1,0.634216
IMG_0482.png,0.4124295,1,0.7853108,0.4436798,1,0.3942918,0.4393469,1,0.4882152,0.432422,1,0.5189465,0.4124098,1,0.3844297,0.413553,1,0.38498,0.4392187,1,0.7646363
IMG_0485.png,0.4516129,1,0.6752688,0.9680153,1,0.9853328,0.6270173,1,0.7924558,0.6103807,1,0.7870218,0.5244421,1,0.6868598,0.525038,1,0.6863953,1.000881,1,1.000598
IMG_0487.png,0.4555085,1,0.7457626,0.4609637,1,0.7488705,0.4816019,1,0.640185,0.4822098,1,0.6525099,0.4380049,1,0.4395637,0.4382071,1,0.4446116,0.4879166,1,0.7545076
IMG_0491.png,0.4682081,1,0.7210985,0.4747654,1,0.7459925,0.4906419,1,0.7166794,0.4892487,1,0.7199979,0.45456,1,0.7324071,0.4541992,1,0.7334754,0.5054363,1,0.6944092
IMG_0492.png,0.4625955,1,0.7419845,0.4930152,1,0.689777,0.5063897,1,0.6701612,0.5082219,1,0.6680695,0.4654305,1,0.7102922,0.4651009,1,0.7113293,0.5238449,1,0.6619756
IMG_0493.png,0.4490446,1,0.7547771,0.4826243,1,0.7139623,0.5096907,1,0.6682919,0.51229,1,0.6626956,0.4553036,1,0.7399652,0.4550015,1,0.7406889,0.5180896,1,0.6568964
IMG_0498.png,0.4561736,1,0.7624884,0.4570073,1,0.7567335,0.5153889,1,0.6882487,0.5149568,1,0.6833814,0.4982402,1,0.6623188,0.4974069,1,0.6639135,0.4818213,1,0.7276482
IMG_0501.png,0.457656,1,0.7544909,0.3769132,1,0.9239995,0.4904577,1,0.751935,0.4876108,1,0.7509276,0.4987376,1,0.6931144,0.4964573,1,0.6964877,0.406947,1,0.8776843
IMG_0502.png,0.4571077,1,0.7561274,0.6071205,1,0.5874148,0.5992592,1,0.5418845,0.5940356,1,0.546727,0.5926649,1,0.5312452,0.5922003,1,0.5318213,0.471535,1,0.7305352
IMG_0507.png,0.4505929,1,0.7351779,0.5405023,1,0.619841,0.5271948,1,0.6336559,0.5259282,1,0.6377554,0.4775492,1,0.6945152,0.4771871,1,0.6951981,0.570621,1,0.5886611
IMG_0508.png,0.4601327,1,0.7491691,0.5370233,1,0.6336697,0.5174233,1,0.6281772,0.5153487,1,0.6388209,0.5580806,1,0.5984218,0.557882,1,0.5985924,0.4989412,1,0.6803864
IMG_0509.png,0.4453988,1,0.7779144,0.4256441,1,0.7400896,0.4499546,1,0.70291,0.4523279,1,0.705246,0.4055461,1,0.738424,0.4066246,1,0.7370663,0.4744819,1,0.7336839
IMG_0510.png,0.4463182,1,0.7858347,0.5646338,1,0.5234491,0.5366909,1,0.596177,0.5288038,1,0.6073706,0.5437773,1,0.567991,0.5439143,1,0.5674042,0.6352747,1,0.3853841
IMG_0513.png,0.4441708,1,0.780788,0.4655655,1,0.7680108,0.4531751,1,0.7631405,0.4512327,1,0.7671725,0.4576026,1,0.7114915,0.4574962,1,0.7114972,0.5620403,1,0.7173756
IMG_0516.png,0.4490933,1,0.7619712,0.4816724,1,0.5888697,0.405394,1,0.3535105,0.4066317,1,0.3671588,0.39519,1,0.3458007,0.3956306,1,0.3470109,0.6196104,1,0.8067411
IMG_0517.png,0.4534379,1,0.7554396,0.4746654,1,0.749928,0.502992,1,0.6975019,0.5124302,1,0.6812203,0.4683148,1,0.6504519,0.4680516,1,0.6512717,0.5247786,1,0.6940334
IMG_0520.png,0.5014327,1,0.6848137,0.5814774,1,0.762618,0.5305,1,0.6567206,0.5368248,1,0.6530345,0.4501991,1,0.7890319,0.4498507,1,0.7894335,1.087999,1,0.7613495
IMG_0521.png,0.4450601,1,0.7460756,0.5623646,1,0.8791355,0.5076844,1,0.749831,0.5136109,1,0.7566949,0.4944554,1,0.6286807,0.4945639,1,0.6307661,0.7985103,1,0.9944843
IMG_0523.png,0.4512773,1,0.7753075,0.4402199,1,0.819795,0.4485802,1,0.7722189,0.451652,1,0.7422797,0.4351801,1,0.7402316,0.4363903,1,0.737966,0.5448735,1,0.8988608
IMG_0527.png,0.4458041,1,0.7701049,0.442521,1,0.7715375,0.4403741,1,0.7444474,0.4382664,1,0.7565572,0.4330377,1,0.6597685,0.4332134,1,0.6608747,0.4559321,1,0.7463637
IMG_0528.png,0.442623,1,0.7923498,0.4525151,1,0.7865016,0.4987044,1,0.711335,0.5039872,1,0.7063446,0.4230804,1,0.812887,0.4234536,1,0.8122274,0.4889688,1,0.7110506
IMG_0529.png,0.4280001,1,0.8140001,0.4558076,1,0.5094716,0.4645968,1,0.5050837,0.4465956,1,0.4836864,0.4409417,1,0.3747932,0.4409663,1,0.3749345,0.465284,1,0.7646528
IMG_0531.png,0.4787484,1,0.7154663,0.5093957,1,0.7478396,0.4606192,1,0.7950767,0.4560921,1,0.7997527,0.4377904,1,0.7323518,0.4376144,1,0.7328135,0.5814911,1,0.6657535
IMG_0534.png,0.5468379,1,0.6262483,1.227993,1,0.5583981,0.8160973,1,0.5212988,0.830216,1,0.5175848,0.6535537,1,0.5528112,0.6518833,1,0.5516272,1.568335,1,0.6597729
IMG_0543.png,0.7844993,1,0.3175803,0.9473544,1,0.3695587,0.7962239,1,0.3601565,0.7743578,1,0.3779473,0.8656974,1,0.2795762,0.8657652,1,0.2794718,0.563324,1,0.6614463
IMG_0545.png,0.7768239,1,0.3090128,0.9489508,1,0.2768621,0.8188562,1,0.3241254,0.8056401,1,0.3330485,0.8216514,1,0.2908606,0.822467,1,0.2904738,0.8063675,1,0.3292405
IMG_0547.png,0.4328042,1,0.6899471,0.4905815,1,0.676722,0.5449142,1,0.6289994,0.5416333,1,0.629448,0.6147088,1,0.5561694,0.6153907,1,0.5555126,0.6726454,1,0.6773206
IMG_0551.png,0.6312292,1,0.4983388,0.4187287,1,0.7401637,0.5735403,1,0.5337803,0.5922905,1,0.5151108,0.6015014,1,0.4688951,0.6035063,1,0.467156,0.418023,1,0.7634643
IMG_0552.png,0.6614172,1,0.440945,0.4687618,1,0.6510064,0.4699678,1,0.657038,0.4591394,1,0.6655654,0.5370556,1,0.5762315,0.5375756,1,0.5757243,0.4604805,1,0.6703517
IMG_0553.png,0.7743433,1,0.3183926,0.9357575,1,0.5443039,0.8259289,1,0.3643105,0.8441593,1,0.358184,0.7583668,1,0.3583564,0.7590802,1,0.3577125,0.9999214,1,0.9323113
IMG_0554.png,0.7515463,1,0.3587629,0.8997093,1,0.3506247,0.8245797,1,0.3155007,0.8289675,1,0.3113653,0.8566308,1,0.3062875,0.8565129,1,0.3063484,0.9793938,1,0.4752201
IMG_0555.png,0.8023406,1,0.3023407,0.9736241,1,0.6619881,0.9319864,1,0.3611628,0.9415834,1,0.3623878,0.8917978,1,0.3238712,0.891032,1,0.327148,0.9995286,1,0.9994814
IMG_0556.png,0.791218,1,0.3148302,0.8139648,1,0.4429547,0.8505966,1,0.3298149,0.8351865,1,0.3283844,0.824552,1,0.3315917,0.8251582,1,0.3309618,0.6436773,1,0.6887469
IMG_0558.png,0.7110092,1,0.4036698,0.77777,1,0.332782,0.7546454,1,0.3584843,0.7528064,1,0.3676098,0.716037,1,0.3681352,0.7155421,1,0.3685703,0.8680243,1,0.2441747
IMG_0559.png,0.5584701,1,0.5726776,0.5231298,1,0.618331,0.5864253,1,0.5260526,0.5928695,1,0.5302937,0.5913061,1,0.4732685,0.5919459,1,0.4732207,0.4167626,1,0.684453
IMG_0560.png,0.8044662,1,0.3175382,0.9633927,1,0.7224895,0.8230872,1,0.4164402,0.8320436,1,0.4388892,0.7548692,1,0.3439699,0.754547,1,0.344102,1.000063,1,0.9847025
IMG_0568.png,0.5902777,1,0.4930554,0.7558381,1,0.5924551,0.6730782,1,0.538363,0.6696904,1,0.5730464,0.6044614,1,0.4912987,0.6038108,1,0.491731,0.9685655,1,0.8186183
IMG_0571.png,0.6216215,1,0.4414414,0.8940859,1,0.6743411,0.8551301,1,0.6310874,0.9902005,1,0.752508,0.6680882,1,0.4662886,0.6678227,1,0.4660883,0.9824381,1,0.8211753
IMG_0572.png,0.5470853,1,0.5313902,0.5667396,1,0.5274128,0.5899251,1,0.5163153,0.6027049,1,0.5115692,0.5843663,1,0.5185675,0.584311,1,0.5182304,0.5133747,1,0.5624552
IMG_0574.png,0.5958397,1,0.4680536,0.7744559,1,0.562177,0.7478713,1,0.4162362,0.7101492,1,0.427003,0.9158728,1,0.3826093,0.9170981,1,0.3826086,0.8020755,1,0.6904852
IMG_0577.png,0.7913386,1,0.3070866,0.8196738,1,0.3780175,0.8176044,1,0.316302,0.8168512,1,0.3224502,0.8580218,1,0.2814851,0.8582487,1,0.2814088,0.6026651,1,0.7076477
IMG_0578.png,0.7974684,1,0.2911393,0.6936474,1,0.8385511,0.7251793,1,0.6295386,0.7266991,1,0.6648392,0.6915224,1,0.4203825,0.6906189,1,0.4206314,0.8569589,1,1.000581
IMG_0580.png,0.5718475,1,0.5278592,0.5577406,1,0.5528235,0.5381793,1,0.5898493,0.5357031,1,0.5945351,0.5770909,1,0.507367,0.5775524,1,0.5068696,0.4357058,1,0.6345129
IMG_0585.png,0.4428823,1,0.6660809,0.532819,1,0.5413222,0.5456011,1,0.5774132,0.5649403,1,0.5705829,0.5624102,1,0.534565,0.5618524,1,0.5350322,0.5893835,1,0.4965935
IMG_0588.png,0.7871201,1,0.3166369,0.9185604,1,0.3439323,0.7951419,1,0.3277415,0.8026448,1,0.3265434,0.7860535,1,0.3091526,0.7860971,1,0.3091014,0.9822597,1,0.3857762
IMG_0589.png,0.791045,1,0.3093623,0.8003112,1,0.3011139,0.8286614,1,0.3029648,0.8244702,1,0.3012288,0.7937009,1,0.2979525,0.7944687,1,0.2976536,0.7924205,1,0.3393637
IMG_0592.png,0.7793849,1,0.3345388,0.6020424,1,0.6296013,0.7160754,1,0.4389142,0.6949593,1,0.4566008,0.738946,1,0.3966588,0.737664,1,0.3971443,0.4340742,1,0.6652766
IMG_0593.png,0.7659062,1,0.3463384,0.9884959,1,0.7852887,0.9078391,1,0.5210848,0.9199158,1,0.4969961,0.7779153,1,0.4252537,0.7760337,1,0.4276298,1.000377,1,0.9988378
IMG_0594.png,0.7927631,1,0.3157895,0.8265055,1,0.3037344,0.8299137,1,0.3125223,0.8284359,1,0.3141254,0.8277445,1,0.3062753,0.827546,1,0.3062971,0.8797009,1,0.3246795
IMG_0595.png,0.795053,1,0.3144877,0.7770761,1,0.3054051,0.7928008,1,0.3107626,0.8000329,1,0.3112991,0.7784939,1,0.3029397,0.7786026,1,0.3028944,0.78125,1,0.3030973
IMG_0599.png,0.7872339,1,0.3085107,0.7753312,1,0.3053568,0.7704696,1,0.283222,0.7718537,1,0.2972124,0.7763862,1,0.2407498,0.7768272,1,0.2407393,0.7768818,1,0.3087639
IMG_0602.png,0.767742,1,0.3,0.7687128,1,0.3210576,0.7784427,1,0.3164105,0.7787806,1,0.3166747,0.7348866,1,0.3241413,0.7351971,1,0.3240099,0.7791112,1,0.3100023
IMG_0605.png,0.4451532,1,0.6798474,0.4569556,1,0.620732,0.4454473,1,0.6385554,0.4469335,1,0.6377093,0.4690603,1,0.5960452,0.4690717,1,0.5967763,0.4563811,1,0.6011735
IMG_0606.png,0.4344263,1,0.6639344,0.4820083,1,0.5564541,0.4747503,1,0.5988169,0.4718105,1,0.612386,0.4903919,1,0.5543801,0.4904962,1,0.5542436,0.4506361,1,0.5617273
IMG_0611.png,0.5609757,1,0.5670733,0.7064819,1,0.6826747,0.6374734,1,0.5320554,0.6396287,1,0.5334829,0.6403939,1,0.4796176,0.6405968,1,0.4795385,0.6249029,1,0.5688166
IMG_0612.png,0.675141,1,0.3629943,0.755347,1,0.5620093,0.6489066,1,0.4284475,0.6492614,1,0.4333651,0.6786055,1,0.3883281,0.6779665,1,0.3893543,0.8642636,1,0.5519569
IMG_0617.png,0.7733757,1,0.344955,0.8869958,1,0.355677,0.9440119,1,0.2302806,0.9033918,1,0.2488635,1.271469,1,0.2627183,1.263686,1,0.2625409,0.8640923,1,0.4319251
IMG_0618.png,0.7814032,1,0.3115824,0.970957,1,0.5185491,0.9073803,1,0.3635074,0.8972516,1,0.3804478,0.9247053,1,0.2792726,0.9244173,1,0.2807667,1.000173,1,0.6910153
IMG_0619.png,0.8031496,1,0.3044619,0.7973303,1,0.2937797,0.7797492,1,0.3134642,0.7818785,1,0.3181982,0.7774791,1,0.2886589,0.7774914,1,0.2886166,0.7836403,1,0.3196082
IMG_0620.png,0.8090554,1,0.3070867,0.8066242,1,0.2977714,0.8032398,1,0.2991473,0.8031547,1,0.299696,0.7822491,1,0.2916179,0.7822468,1,0.2915446,0.7874663,1,0.2886927
IMG_0622.png,0.7949527,1,0.3101998,0.8356894,1,0.3339369,0.7986194,1,0.3031653,0.8055198,1,0.3039646,0.7624516,1,0.3026872,0.7629583,1,0.3026322,0.9114335,1,0.3771593
IMG_0623.png,0.7800687,1,0.3024056,0.781134,1,0.3164158,0.765633,1,0.3198075,0.7730702,1,0.3273734,0.751615,1,0.3004314,0.751551,1,0.3003443,0.7236228,1,0.5802054
IMG_0626.png,0.6451612,1,0.3064516,0.6078611,1,0.3384117,0.6565991,1,0.2835519,0.6576666,1,0.2875434,0.6783313,1,0.2515571,0.6779709,1,0.2519274,0.6070443,1,0.3449528
IMG_0627.png,0.5024875,1,0.597015,0.4795417,1,0.6348262,0.4873625,1,0.6376782,0.4966246,1,0.620468,0.4961059,1,0.5844867,0.4958322,1,0.5848505,0.4496137,1,0.7218074
IMG_0629.png,0.7198515,1,0.3858998,0.5327967,1,0.63375,0.7130299,1,0.4677218,0.7109457,1,0.4473778,0.7633514,1,0.4382722,0.7627031,1,0.4386158,0.4782957,1,0.6598399
IMG_0630.png,0.7682119,1,0.2980133,0.9044387,1,0.5721444,0.8305922,1,0.3407948,0.8385122,1,0.3510611,0.7751226,1,0.2755756,0.780246,1,0.2823313,0.9439812,1,0.8469803
IMG_0631.png,0.7362784,1,0.2811246,0.9477565,1,0.6466747,0.8030983,1,0.366095,0.8000352,1,0.357703,0.7488345,1,0.2734614,0.7484913,1,0.2729054,0.9998112,1,0.954416
IMG_0632.png,0.8333334,1,0.3070175,0.8927857,1,0.2952197,0.9590356,1,0.2747889,0.942651,1,0.2821312,0.9371754,1,0.2633369,0.9372693,1,0.2631914,0.8383109,1,0.3038964
IMG_0633.png,0.6871164,1,0.4171778,0.6281445,1,0.56874,0.6810416,1,0.5199193,0.6821048,1,0.5309241,0.6086264,1,0.5222525,0.6074548,1,0.5235841,0.5795506,1,0.6958828
IMG_0634.png,0.6657143,1,0.44,0.696812,1,0.4343761,0.7228109,1,0.3918874,0.7305901,1,0.3994849,0.6970858,1,0.3905556,0.6970646,1,0.3908678,0.6686182,1,0.5564813
IMG_0635.png,0.6898732,1,0.4082278,0.7158768,1,0.6216428,0.6551356,1,0.500384,0.6780436,1,0.4940046,0.6234723,1,0.4908414,0.620959,1,0.4933996,0.996654,1,0.6753904
IMG_0636.png,0.4423963,1,0.6866358,0.5766863,1,0.8468789,0.5189114,1,0.7479145,0.5210292,1,0.7394335,0.4897553,1,0.6997907,0.4891484,1,0.6993359,0.9521003,1,0.9982288
IMG_0637.png,0.5584416,1,0.5064935,0.5900321,1,0.4574599,0.5771742,1,0.4786496,0.579865,1,0.4843994,0.5736045,1,0.4699575,0.5740023,1,0.4697676,0.5863471,1,0.4556673
IMG_0638.png,0.5129152,1,0.6162361,0.5943647,1,0.6168237,0.6164242,1,0.5719671,0.5867579,1,0.5876143,0.6695285,1,0.4970454,0.6687501,1,0.4972462,0.4398305,1,0.6926723
IMG_0661.png,0.4988292,1,0.6182672,0.5106249,1,0.6057498,0.5312513,1,0.5895588,0.5382352,1,0.5871721,0.548416,1,0.5480858,0.5486316,1,0.5476313,0.465426,1,0.65442
IMG_0672.png,0.4659498,1,0.7467145,0.4584117,1,0.8045823,0.4802181,1,0.7744069,0.481381,1,0.7778066,0.54736,1,0.7078806,0.5481546,1,0.7074361,0.4491578,1,0.7824615
IMG_0673.png,0.462185,1,0.7454982,0.4639744,1,0.7462715,0.5068426,1,0.7116448,0.5095112,1,0.709978,0.485273,1,0.7014752,0.4846047,1,0.7026658,0.4695162,1,0.7334563
IMG_0674.png,0.4609218,1,0.760187,0.5097086,1,0.7521329,0.517856,1,0.7247547,0.505631,1,0.7297255,0.5067337,1,0.6997087,0.5070385,1,0.6992982,0.4728705,1,0.7369853
IMG_0675.png,0.4653926,1,0.7551654,0.4934399,1,0.8109817,0.5006875,1,0.7831391,0.4885074,1,0.7887898,0.5025749,1,0.7479394,0.5025399,1,0.7473416,0.4689701,1,0.7625364
IMG_0677.png,0.4616457,1,0.7622035,0.4386553,1,0.7389577,0.4679073,1,0.7398395,0.4663524,1,0.740383,0.4911393,1,0.7018452,0.4914743,1,0.7015815,0.4158925,1,0.7718376
IMG_0679.png,0.4644997,1,0.7510694,0.5734759,1,0.643966,0.5935167,1,0.6407059,0.6032352,1,0.6369839,0.6392392,1,0.5814486,0.6393144,1,0.5815348,0.4633879,1,0.839126
IMG_0680.png,0.462636,1,0.7486414,0.5814495,1,0.5889157,0.5925078,1,0.6246019,0.5955041,1,0.6161467,0.6249033,1,0.5387538,0.6241404,1,0.5397566,0.6248959,1,0.6561942
IMG_0681.png,0.4812925,1,0.6173469,0.4942397,1,0.6291773,0.5178595,1,0.6270359,0.5290677,1,0.6281589,0.5441185,1,0.5968022,0.5440069,1,0.5968108,0.458127,1,0.6434876
IMG_0684.png,0.4628098,1,0.7520659,0.463317,1,0.7431329,0.4784457,1,0.7232631,0.4783501,1,0.7249087,0.4830017,1,0.6502428,0.4828401,1,0.6490014,0.4489912,1,0.7669216
IMG_0685.png,0.5228216,1,0.5809129,0.518412,1,0.5870614,0.518547,1,0.5871145,0.5206737,1,0.5859755,0.5325411,1,0.5731167,0.5321921,1,0.5733141,0.5435401,1,0.59059
IMG_0744.png,0.4450826,1,0.7695622,0.4492126,1,0.7875299,0.5440682,1,0.6280183,0.5460664,1,0.6251667,0.5206313,1,0.4884701,0.5190685,1,0.4905482,0.4494641,1,0.7903573
IMG_0745.png,0.4486984,1,0.7748856,0.6540496,1,0.6347278,0.5419935,1,0.6122263,0.5418444,1,0.6113368,0.5165067,1,0.6255278,0.5164048,1,0.6258201,0.9165617,1,0.7130057
IMG_0747.png,0.4541789,1,0.7822581,0.5351323,1,0.6191993,0.5145241,1,0.6361926,0.5150647,1,0.6332422,0.5202939,1,0.6177554,0.5203481,1,0.6180988,0.4774137,1,0.8663283
IMG_0749.png,0.4487473,1,0.7790435,0.4485026,1,0.7908619,0.4666117,1,0.7592953,0.4685623,1,0.7547474,0.4548886,1,0.7736993,0.4547758,1,0.7738207,0.4515814,1,0.7846067
IMG_0750.png,0.448931,1,0.7854315,0.4492861,1,0.7808802,0.4692027,1,0.7409424,0.4704318,1,0.7350704,0.4533906,1,0.7239715,0.4532559,1,0.7253156,0.4523517,1,0.7790701
IMG_0753.png,0.4615116,1,0.7890133,0.4901458,1,0.7504485,0.50982,1,0.7101779,0.5031636,1,0.7162798,0.5164879,1,0.6966134,0.5167666,1,0.695604,0.4968837,1,0.7376961
IMG_0754.png,0.4494624,1,0.7817202,0.5350119,1,0.6399807,0.522936,1,0.6417026,0.5067668,1,0.6513793,0.5859243,1,0.599558,0.5858933,1,0.5994766,0.4888334,1,0.6911456
IMG_0755.png,0.4632653,1,0.7653061,0.4489346,1,0.7891579,0.5018855,1,0.7038589,0.5108191,1,0.6911321,0.5166551,1,0.6686955,0.5159511,1,0.6699425,0.451565,1,0.7913524
IMG_0756.png,0.4521011,1,0.7747902,0.5586655,1,0.5982347,0.5548587,1,0.6084451,0.554966,1,0.6235856,0.5766236,1,0.587001,0.5761945,1,0.5875867,0.5495473,1,0.6150654
IMG_0762.png,0.4589372,1,0.763285,0.4464195,1,0.7841781,0.4705153,1,0.7494784,0.4737703,1,0.7439424,0.4640559,1,0.7504506,0.4639203,1,0.7507062,0.4472266,1,0.7888307
IMG_0763.png,0.4528044,1,0.7756496,0.5406906,1,0.6107681,0.5264183,1,0.6449539,0.5271229,1,0.6454101,0.5338603,1,0.6165603,0.533478,1,0.6170683,0.604808,1,0.4711149
IMG_0765.png,0.4520409,1,0.7806124,0.4706504,1,0.7385478,0.4771228,1,0.7318501,0.4777512,1,0.729142,0.4825008,1,0.6822842,0.4826353,1,0.6823671,0.5077584,1,0.7454231
IMG_0766.png,0.4494383,1,0.7814096,0.5271397,1,0.6282925,0.5314975,1,0.6274356,0.5259674,1,0.6308029,0.5320111,1,0.6021512,0.5317618,1,0.602432,0.4704644,1,0.785472
IMG_0768.png,0.5080214,1,0.5775401,0.4736496,1,0.6557378,0.4831403,1,0.5400228,0.4901908,1,0.5720904,0.4690898,1,0.4358353,0.4691222,1,0.4356793,0.4876015,1,0.8398069
IMG_0771.png,0.5356836,1,0.6362857,0.5414338,1,0.6749018,0.5651125,1,0.6480361,0.5705718,1,0.6426655,0.5692933,1,0.6013271,0.5688036,1,0.6017212,0.5388234,1,0.6835159
IMG_0772.png,0.4485727,1,0.7884003,0.5138652,1,0.6859861,0.4921334,1,0.6857546,0.5008508,1,0.6903619,0.4316089,1,0.6428012,0.4331363,1,0.6438846,0.7900241,1,0.4260457
IMG_0774.png,0.4615385,1,0.7716346,0.4475285,1,0.7921932,0.5119332,1,0.7074887,0.5266619,1,0.6971021,0.4941725,1,0.7075774,0.493786,1,0.7081145,0.61614,1,0.7941523
IMG_0775.png,0.4547647,1,0.7683957,0.5424764,1,0.6260783,0.5561012,1,0.6084363,0.549621,1,0.6180406,0.5445703,1,0.617376,0.5444457,1,0.6173446,0.5991762,1,0.7707156
IMG_0779.png,0.4619845,1,0.7068301,0.5382222,1,0.6580113,0.557066,1,0.5881378,0.546867,1,0.5920272,0.5400078,1,0.5684436,0.539625,1,0.5690618,0.4782384,1,0.6902777
IMG_0780.png,0.4527363,1,0.7810945,0.4717505,1,0.7357588,0.5099563,1,0.6738064,0.51224,1,0.6716741,0.4625285,1,0.7505604,0.4624146,1,0.7505799,0.4618215,1,0.7494634
IMG_0784.png,0.4531178,1,0.786605,0.4989751,1,0.8789827,0.4965297,1,0.819272,0.4910353,1,0.8193249,0.4733491,1,0.7525305,0.4731327,1,0.7567774,0.6939617,1,0.9999214
IMG_0785.png,0.4459204,1,0.7855787,0.4443935,1,0.8050651,0.4795967,1,0.7426214,0.4853866,1,0.7328477,0.4641843,1,0.7590769,0.4637889,1,0.7597409,0.4462735,1,0.8036637
IMG_0787.png,0.4456183,1,0.793039,0.4500423,1,0.5122818,0.5169385,1,0.4834275,0.5106776,1,0.4944922,0.4346934,1,0.3175765,0.4347716,1,0.3182832,0.4855262,1,0.7327983
IMG_0788.png,0.4484849,1,0.7941919,0.4902979,1,0.8617182,0.5007512,1,0.7370366,0.500914,1,0.7272443,0.4933763,1,0.7041563,0.4931045,1,0.706947,0.5541606,1,0.958425
IMG_0789.png,0.4538461,1,0.7320513,0.5164955,1,0.703306,0.4927864,1,0.6937194,0.4975959,1,0.6884367,0.4964026,1,0.6326374,0.4961627,1,0.6331734,0.8883381,1,0.7040413
IMG_0790.png,0.4777328,1,0.7165992,0.4905618,1,0.695384,0.5141116,1,0.6834116,0.5126508,1,0.6768664,0.5144336,1,0.6283785,0.5141782,1,0.6287887,0.474349,1,0.7158958
IMG_0792.png,0.4513275,1,0.7787611,0.4790375,1,0.7317924,0.4827492,1,0.7136785,0.4805107,1,0.7150414,0.4950845,1,0.6932564,0.4953586,1,0.6929263,0.5946677,1,0.5232553
IMG_0795.png,0.4545455,1,0.7800983,0.4427336,1,0.7947687,0.4867945,1,0.7241547,0.4905404,1,0.7175321,0.4800285,1,0.7253072,0.4797639,1,0.7257237,0.4460956,1,0.7945221
IMG_0796.png,0.4569932,1,0.7666416,0.9818572,1,0.6908198,0.6861257,1,0.6261079,0.6800093,1,0.6370291,0.5971794,1,0.5707385,0.5964769,1,0.5709595,0.9998748,1,0.9045465
IMG_0797.png,0.4626717,1,0.7554025,0.5189904,1,0.6659761,0.5347557,1,0.6468302,0.5220195,1,0.6613718,0.544111,1,0.607295,0.5441948,1,0.6087177,0.4596666,1,0.8248141
IMG_0799.png,0.4467354,1,0.790378,0.4392155,1,0.8539091,0.4356013,1,0.8653994,0.4308661,1,0.8757352,0.4354057,1,0.8451075,0.4351625,1,0.8447578,0.4449963,1,0.792153
IMG_0800.png,0.4605809,1,0.780083,0.4387726,1,0.8101793,0.4803913,1,0.7387728,0.4827635,1,0.7348002,0.4801832,1,0.7176391,0.4790872,1,0.7197778,0.4408073,1,0.8142496
IMG_0802.png,0.5152671,1,0.6412213,0.4667303,1,0.7161209,0.4955209,1,0.6625988,0.5111721,1,0.6529175,0.4869097,1,0.6275795,0.4869911,1,0.6283131,0.4493265,1,0.7589072
IMG_0805.png,0.4437595,1,0.7935282,0.4394617,1,0.7993765,0.4754339,1,0.7308418,0.4783423,1,0.7282008,0.4615833,1,0.7102593,0.4610689,1,0.7115263,0.4454803,1,0.7855881
IMG_0806.png,0.4442529,1,0.7959771,0.4394593,1,0.8018102,0.4598615,1,0.7451516,0.4603871,1,0.7431336,0.4839807,1,0.6408155,0.4840159,1,0.6406691,0.4457834,1,0.8070824
IMG_0807.png,0.4408714,1,0.7935684,0.4806672,1,0.7366087,0.4974014,1,0.646707,0.4992841,1,0.662848,0.471656,1,0.5078155,0.4712022,1,0.5075074,0.438379,1,0.7943613
IMG_0811.png,0.4429969,1,0.7915309,0.4387699,1,0.8016633,0.4670538,1,0.7618591,0.4736881,1,0.7655409,0.4428672,1,0.7054473,0.4427739,1,0.706242,0.440492,1,0.8046042
IMG_0816.png,0.4397971,1,0.8022811,0.4386428,1,0.8140023,0.4652652,1,0.7563571,0.4691165,1,0.7445342,0.4478067,1,0.7782627,0.4476838,1,0.7785561,0.4420216,1,0.8107373
IMG_0817.png,0.4396324,1,0.8031496,0.436119,1,0.8088557,0.4610214,1,0.7466642,0.4626787,1,0.7447502,0.4487316,1,0.7636729,0.4485646,1,0.7641854,0.4400499,1,0.8055378
IMG_0819.png,0.4416058,1,0.8072991,0.4426599,1,0.7980423,0.4568269,1,0.7855251,0.4637447,1,0.7801207,0.4540029,1,0.7629347,0.4544279,1,0.7622142,0.4481477,1,0.8079367
IMG_0820.png,0.4423728,1,0.8050846,0.6472112,1,0.7301497,0.4855417,1,0.7302865,0.479058,1,0.7290895,0.5339142,1,0.7049913,0.5326339,1,0.7056621,0.8388212,1,0.658873
IMG_0822.png,0.4415585,1,0.8035715,0.7591323,1,0.7838268,0.5152506,1,0.7277607,0.5175884,1,0.7230135,0.4563252,1,0.7759473,0.4559543,1,0.7765294,1.111991,1,0.3294814
IMG_0825.png,0.4363057,1,0.8025476,0.4318465,1,0.8184208,0.4522444,1,0.7399638,0.4539035,1,0.7406219,0.4363117,1,0.5852924,0.4361063,1,0.5898318,0.4338848,1,0.8178897
IMG_0826.png,0.4385082,1,0.8014113,0.4356754,1,0.8117336,0.4475374,1,0.7582419,0.4489196,1,0.7645622,0.4340461,1,0.6979709,0.4340351,1,0.6991168,0.4361195,1,0.8075034
IMG_0830.png,0.4382717,1,0.7613171,0.4507352,1,0.7009028,0.4317585,1,0.7078102,0.432638,1,0.7060584,0.5035197,1,0.7220886,0.5027148,1,0.7224032,0.5004215,1,0.6785614
IMG_0831.png,0.439141,1,0.7852031,0.4352213,1,0.812591,0.4656454,1,0.7444134,0.4683228,1,0.7368876,0.4480223,1,0.7664816,0.4478667,1,0.767107,0.4374801,1,0.8097022
IMG_0832.png,0.4397495,1,0.8028164,0.4333035,1,0.8112568,0.4417103,1,0.7749377,0.4405238,1,0.7732817,0.4479728,1,0.7697771,0.4477275,1,0.7704442,0.4330582,1,0.8155897
IMG_0833.png,0.4353562,1,0.8021108,0.4369097,1,0.8144781,0.4462432,1,0.7815583,0.4467787,1,0.7860302,0.4331836,1,0.7608657,0.4331975,1,0.7610517,0.4381813,1,0.8144919
IMG_0834.png,0.4360313,1,0.8067885,0.4345484,1,0.814363,0.4662629,1,0.787943,0.476362,1,0.7772543,0.4361129,1,0.7847962,0.4360925,1,0.7848826,0.5375273,1,0.8093491
IMG_0835.png,0.4349174,1,0.804752,0.7089666,1,0.7779264,0.4935331,1,0.7493797,0.5058627,1,0.7455991,0.4605693,1,0.7209298,0.4601273,1,0.72182,0.9263603,1,0.7285776
IMG_0838.png,0.7603386,1,0.3073308,0.9956371,1,0.9644266,0.9153233,1,0.5328646,0.9386632,1,0.5710989,0.6952755,1,0.4205534,0.6957348,1,0.4204379,1.000016,1,1.000047
IMG_0839.png,0.7575433,1,0.3081897,0.8875272,1,0.6555296,0.7868708,1,0.5114687,0.7682845,1,0.5450831,0.7431345,1,0.4111509,0.7432028,1,0.4130952,0.9992274,1,0.9982971
IMG_0842.png,0.452381,1,0.7751322,0.4348124,1,0.822248,0.4534532,1,0.7807115,0.4518015,1,0.7802158,0.4603496,1,0.76761,0.4597803,1,0.7689219,0.4376508,1,0.8204416
IMG_0847.png,0.9426229,1,0.2336066,0.9720895,1,0.2748904,0.8928691,1,0.2405781,0.8324016,1,0.2631977,1.122918,1,0.1644486,1.121966,1,0.164646,0.6415575,1,0.3652656
IMG_0853.png,0.9074074,1,0.2469136,0.6241282,1,0.4557254,0.7274358,1,0.3789035,0.7382101,1,0.374572,0.9059057,1,0.2518218,0.9063633,1,0.2515178,0.6110062,1,0.4521562
IMG_0854.png,0.8032785,1,0.262295,0.763838,1,0.3088219,0.7977904,1,0.2970549,0.791375,1,0.3024444,0.8910336,1,0.2272731,0.8919138,1,0.2268623,0.7299603,1,0.3032987
IMG_0855.png,0.5537789,1,0.5784882,0.5993429,1,0.5850703,0.5675692,1,0.5593153,0.5524305,1,0.5713473,0.6286891,1,0.4812526,0.628397,1,0.4816078,0.5241811,1,0.7261413
IMG_0857.png,0.5271565,1,0.6357827,0.8421456,1,0.6091834,0.5753534,1,0.6057318,0.5906468,1,0.6029707,0.5514017,1,0.585331,0.5520882,1,0.5856877,1.804802,1,0.6759909
IMG_0860.png,0.4667673,1,0.7401812,0.5473897,1,0.5874587,0.5271904,1,0.5935373,0.5233616,1,0.603388,0.5442132,1,0.570014,0.544292,1,0.5700591,0.5614449,1,0.7078185
IMG_0863.png,0.6437767,1,0.472103,0.5779132,1,0.5434319,0.5947653,1,0.5426911,0.5968869,1,0.5475848,0.6660223,1,0.4524896,0.6661425,1,0.4523948,0.5657402,1,0.5773208
IMG_0864.png,0.7880393,1,0.3890992,0.8493526,1,0.3907251,0.8982298,1,0.3932124,0.9249161,1,0.3930591,0.976257,1,0.3531514,0.9752357,1,0.3535278,0.9186524,1,0.4199676
IMG_0866.png,0.5931476,1,0.5096359,0.642645,1,0.4796245,0.7092142,1,0.4546626,0.7322479,1,0.4526153,0.8706076,1,0.355879,0.8676732,1,0.3567193,0.617001,1,0.4901588
IMG_0870.png,0.4807018,1,0.6350877,0.4397365,1,0.7098874,0.4543241,1,0.6795513,0.4512279,1,0.6883785,0.4832982,1,0.6138013,0.482485,1,0.6156137,0.466516,1,0.7748413
IMG_0872.png,0.4893616,1,0.5744681,0.4239065,1,0.6789798,0.4356624,1,0.6501435,0.439817,1,0.6569233,0.4444585,1,0.5889715,0.4436931,1,0.5912323,0.4350797,1,0.6798568
IMG_0873.png,0.4205608,1,0.7102804,0.4107862,1,0.7185336,0.4205837,1,0.7105777,0.4232831,1,0.7094557,0.4212861,1,0.7043219,0.4212109,1,0.7045015,0.4103365,1,0.7252591
IMG_0874.png,0.4524886,1,0.6606334,0.415067,1,0.7181038,0.4290749,1,0.6865232,0.4337677,1,0.6793331,0.4194149,1,0.698793,0.4193955,1,0.6991562,0.4281419,1,0.7223303
IMG_0881.png,0.438178,1,0.6832974,0.4513264,1,0.7477864,0.4882523,1,0.6709745,0.4740659,1,0.6742191,0.5974709,1,0.6771161,0.6002628,1,0.6768261,0.4434703,1,0.676001
IMG_0882.png,0.4803257,1,0.632293,0.4921981,1,0.6297485,0.5113315,1,0.6367992,0.5226126,1,0.6261984,0.5149238,1,0.6194255,0.5143065,1,0.6198234,0.4353841,1,0.6914418
IMG_0884.png,0.4866666,1,0.6333333,0.4975753,1,0.6461921,0.5173452,1,0.624642,0.5420983,1,0.591713,0.4955856,1,0.6445559,0.4955538,1,0.6442177,0.4620702,1,0.6713323
IMG_0885.png,0.7901864,1,0.3248731,0.9300418,1,0.6119022,0.8535966,1,0.3365859,0.86573,1,0.3351096,0.7954447,1,0.3401014,0.7927703,1,0.342514,0.9996382,1,0.9382699
IMG_0886.png,0.7926136,1,0.3210227,0.8406329,1,0.4558936,0.8143895,1,0.3278944,0.8221325,1,0.3261795,0.7890274,1,0.3305146,0.7896657,1,0.3300204,0.9703148,1,0.8601633
IMG_0891.png,0.4484946,1,0.6576866,0.7355659,1,0.431843,0.6268736,1,0.528658,0.6180235,1,0.5405625,0.6409858,1,0.4999263,0.6412029,1,0.4993387,0.7895329,1,0.4166522
IMG_0892.png,0.7730376,1,0.3037543,0.8723835,1,0.2418288,0.8661709,1,0.2970454,0.8668247,1,0.2926117,0.8042314,1,0.2948342,0.8038469,1,0.2950001,0.8671866,1,0.2379771
IMG_0899.png,0.7971924,1,0.3120125,0.7987437,1,0.4924065,0.7538781,1,0.3745125,0.7592825,1,0.3775523,0.7507654,1,0.3282125,0.7502815,1,0.3285398,0.9701335,1,0.8168071
