8D5U5525.png,0.7187906,1,0.6323975,0.7715822,1,0.7348141,0.7724169,1,0.5883616,0.749857,1,0.620454,0.7993892,1,0.6238881,0.7758476,1,0.5534914,0.8186318,1,0.9394421
8D5U5527.png,0.8144092,1,0.4818445,0.8274587,1,0.4701008,0.8355836,1,0.4773341,0.811669,1,0.4762699,0.8164987,1,0.4731902,0.8495843,1,0.4510317,0.8433902,1,0.5850492
8D5U5529.png,0.6546573,1,0.7029878,0.6475775,1,0.7140389,0.6466731,1,0.7248657,0.6734801,1,0.6947466,0.6560707,1,0.7057235,0.649293,1,0.702211,0.5942888,1,0.8016153
8D5U5531.png,0.726101,1,0.5617616,0.8065109,1,0.5948337,0.8079256,1,0.5370533,0.7858044,1,0.5379618,0.7859266,1,0.5829011,0.8781742,1,0.4548563,0.7927942,1,0.7779448
8D5U5532.png,0.7457341,1,0.5887373,0.8031564,1,0.9647359,0.7253193,1,0.873692,0.7742564,1,0.9247405,0.708821,1,0.9337309,0.6990807,1,0.7465244,1,1,1
8D5U5533.png,0.623542,1,0.7158006,0.638792,1,0.692859,0.6505301,1,0.6988564,0.6878087,1,0.6589678,0.6362145,1,0.6961681,0.6549631,1,0.6779298,0.6300223,1,0.7052373
8D5U5536.png,0.5662869,1,0.8176366,0.6684441,1,0.7328832,0.6813008,1,0.7173922,0.6471581,1,0.7352758,0.6964099,1,0.7413161,0.6471869,1,0.7106974,0.718802,1,0.7055833
8D5U5537.png,0.5898304,1,0.7576272,0.7688514,1,0.5706215,0.7708309,1,0.4699929,0.7468049,1,0.5247189,0.7991697,1,0.474075,0.7118234,1,0.4923452,0.7980381,1,0.8202674
8D5U5540.png,0.5457587,1,0.9098603,0.5705493,1,0.8497332,0.5767562,1,0.8595382,0.6067791,1,0.6844223,0.5598748,1,0.8661071,0.569012,1,0.7972592,0.611624,1,0.7708071
8D5U5544.png,0.6276465,1,0.7222917,0.7054293,1,0.6901651,0.7210066,1,0.6629357,0.6940831,1,0.6721694,0.6977258,1,0.6747088,0.7696704,1,0.5784269,0.7030519,1,0.7538396
8D5U5545.png,0.8528529,1,0.4294294,0.843767,1,0.4341988,0.8655992,1,0.4297038,0.8840651,1,0.4385728,0.8371761,1,0.4341344,0.8573461,1,0.4371081,0.8313723,1,0.4392951
8D5U5548.png,0.8256306,1,0.4474791,0.8732146,1,0.4187343,0.9123998,1,0.3863281,0.9075941,1,0.3865794,0.8662516,1,0.4276471,0.9030391,1,0.3821324,0.8584672,1,0.4363462
8D5U5549.png,0.7859427,1,0.5654954,0.665246,1,0.7881807,0.6955937,1,0.7430384,0.7062779,1,0.7280575,0.6710939,1,0.7700742,0.7087544,1,0.668262,0.7204242,1,0.9616236
8D5U5550.png,0.8051949,1,0.538961,0.5932445,1,0.8025751,0.6402907,1,0.7850928,0.6948908,1,0.7601469,0.5920267,1,0.7959341,0.7015616,1,0.6838633,0.5975182,1,0.8143022
8D5U5552.png,0.8084896,1,0.5439289,0.7244899,1,0.7702795,0.7395221,1,0.6588727,0.7591166,1,0.6341592,0.6882805,1,0.8780708,0.7725449,1,0.5878929,0.7195199,1,1.146225
8D5U5553.png,0.8086643,1,0.5505415,0.7965456,1,0.5842876,0.8029459,1,0.5753143,0.7986049,1,0.572927,0.7942211,1,0.5893163,0.8082764,1,0.5674853,0.7946345,1,0.5865811
8D5U5554.png,0.8522853,1,0.5094759,0.9047842,1,0.5080941,1.004142,1,0.4024532,0.9329348,1,0.4537568,0.9484863,1,0.4721851,1.015599,1,0.3595203,0.8253411,1,0.5485979
8D5U5555.png,0.7983693,1,0.5663453,0.7529912,1,0.6886564,0.8067531,1,0.5818205,0.7992259,1,0.6093921,0.8286829,1,0.5538042,0.8659578,1,0.4991424,0.6116926,1,0.7944551
8D5U5557.png,0.849315,1,0.436073,0.9436865,1,0.6950706,0.8552139,1,0.6191966,0.868209,1,0.593618,0.9290125,1,0.6077506,0.8383534,1,0.5494679,1,1,1
8D5U5558.png,0.825175,1,0.4778556,0.8877826,1,0.4107485,0.8647727,1,0.4234016,0.8644162,1,0.448926,0.8871902,1,0.4109453,0.9044759,1,0.4006664,0.8396012,1,0.4423334
8D5U5561.png,0.5936978,1,0.8278381,0.5953223,1,0.859198,0.6137879,1,0.8324456,0.6409793,1,0.7624727,0.5968412,1,0.8526883,0.6569466,1,0.6641552,0.6064381,1,0.9065932
8D5U5562.png,0.5884219,1,0.8568596,0.8088341,1,0.9187605,0.7251735,1,0.8082648,0.6944144,1,0.7831554,0.845758,1,0.9471813,0.7161977,1,0.7635555,1,1,1
8D5U5563.png,0.6000872,1,0.8155594,0.6119114,1,0.7955166,0.6100816,1,0.8127666,0.6301111,1,0.7815603,0.6126658,1,0.7914919,0.6332119,1,0.7511846,0.5905966,1,0.8460625
8D5U5564.png,0.5739228,1,0.8763,0.7602978,1,0.5670224,0.760909,1,0.5558716,0.6855143,1,0.5556661,0.8861992,1,0.5297683,0.6923962,1,0.4906568,0.7999197,1,0.5963845
8D5U5567.png,1.123694,1,0.3188153,1.155466,1,0.2880896,1.137111,1,0.2911374,1.129359,1,0.293853,1.181729,1,0.2718975,1.172213,1,0.2678481,1.125124,1,0.3043737
8D5U5569.png,0.6720002,1,0.7392002,0.681314,1,0.7729785,0.7147671,1,0.6774927,0.6893701,1,0.7124593,0.6868973,1,0.7222704,0.7394689,1,0.6220534,0.7800499,1,0.8729149
8D5U5571.png,1.314487,1,0.2756184,1.352472,1,0.2469717,1.34992,1,0.2528702,1.307692,1,0.2663485,1.350701,1,0.2468454,1.404972,1,0.2155503,1.213428,1,0.2896114
8D5U5573.png,0.6755853,1,0.809699,0.6901711,1,0.6998615,0.7153413,1,0.6572581,0.7127159,1,0.6794637,0.6834626,1,0.7027259,0.7252342,1,0.6488325,0.7560045,1,0.6477889
8D5U5574.png,0.6195053,1,0.7994505,0.9603894,1,0.6928007,1.047871,1,0.4841496,0.9118847,1,0.5340104,1.018775,1,0.8189894,1.158177,1,0.4062075,0.7671593,1,0.76908
8D5U5576.png,0.6000815,1,0.8320423,0.9156838,1,0.9238365,0.9034328,1,0.7248442,0.8692312,1,0.7194489,0.9114511,1,0.9276111,0.8621868,1,0.6484977,1,1,1
8D5U5577.png,0.577876,1,0.8584071,0.659498,1,0.7830203,0.660752,1,0.7620559,0.6447682,1,0.7821547,0.6404601,1,0.788551,0.7103719,1,0.6809058,0.6956492,1,0.8898235
8D5U5578.png,0.9741934,1,0.4774194,0.7146767,1,0.7128207,0.7704788,1,0.6628724,0.852192,1,0.6011563,0.6899969,1,0.7122101,0.9581665,1,0.526712,1.104336,1,0.6643896
8D5U5579.png,0.6063461,1,0.7887952,0.6597168,1,0.7478987,0.6480794,1,0.7557404,0.6669034,1,0.7432349,0.6610771,1,0.7401416,0.6823327,1,0.711378,0.8061947,1,0.8278406
8D5U5580.png,0.9653182,1,0.5144508,0.6626857,1,0.7517026,0.8946929,1,0.5742751,0.8341237,1,0.6159461,0.9573187,1,0.6507097,0.9597813,1,0.5203122,0.6809339,1,0.8252689
8D5U5585.png,0.5734264,1,0.8611387,0.6831359,1,0.7781407,0.6695695,1,0.7323104,0.7002454,1,0.7181876,0.6978018,1,0.7504187,0.7686309,1,0.6222774,0.7258264,1,0.9187862
8D5U5589.png,0.5549077,1,0.9203111,0.7306508,1,0.8867922,0.5944965,1,0.9459661,0.61449,1,0.8961431,0.6106666,1,1.029885,0.6432267,1,0.8703138,0.8295424,1,0.717025
8D5U5593.png,0.7855072,1,0.6,0.7784282,1,0.604384,0.7695031,1,0.6255784,0.7649047,1,0.6378394,0.7708877,1,0.6058467,0.7951988,1,0.5929087,0.7440372,1,0.6119783
8D5U5597.png,0.6156156,1,0.7447446,0.5297894,1,0.8770237,0.5453893,1,0.8585742,0.5816301,1,0.8299239,0.4879183,1,0.8956794,0.4927893,1,0.8503616,0.5558755,1,0.8783378
8D5U5599.png,1.124439,1,0.3755606,1.104922,1,0.3839555,1.100174,1,0.3922259,1.118507,1,0.3908028,1.101967,1,0.3817658,1.131204,1,0.3687058,1.064569,1,0.4707658
8D5U5607.png,0.5716527,1,0.872385,0.5677129,1,0.8746349,0.5975652,1,0.837373,0.6167417,1,0.7890121,0.5779014,1,0.851071,0.6330346,1,0.7077623,0.5711407,1,0.8701392
8D5U5608.png,0.5761957,1,0.8683722,0.7471669,1,0.9865664,0.7259532,1,0.9301717,0.6729802,1,0.9227929,0.7661974,1,0.9846663,0.6848373,1,0.8079122,0.9000687,1,1
8D5U5613.png,1.23002,1,0.2592593,1.13961,1,0.3125352,1.213727,1,0.2644182,1.194053,1,0.2649781,1.152538,1,0.2746659,1.275652,1,0.2386008,1.085075,1,0.5263446
8D5U5614.png,1.32008,1,0.302187,1.090591,1,0.7397499,1.248557,1,0.3786656,1.279966,1,0.3348815,1.133764,1,0.5451264,1.318845,1,0.3182736,1,1,1
8D5U5615.png,1.282421,1,0.3342939,1.072972,1,0.834395,1.228325,1,0.4016466,1.180862,1,0.4820495,1.233863,1,0.4261387,1.28054,1,0.3521305,1,1,1
8D5U5619.png,1.210174,1,0.3480589,1.092349,1,0.4037228,1.21663,1,0.3475707,1.196926,1,0.3625401,1.094857,1,0.4002522,1.262445,1,0.3172483,1.022065,1,0.4982555
IMG_0281.png,0.4622771,1,0.7489712,0.4925837,1,0.7163645,0.486342,1,0.7218547,0.510542,1,0.6846301,0.4768023,1,0.7293694,0.4761683,1,0.6978276,0.6133635,1,0.8360569
IMG_0283.png,0.4642408,1,0.7561689,0.4656512,1,0.7503489,0.474825,1,0.731899,0.4934749,1,0.7226239,0.4592868,1,0.7541604,0.4934951,1,0.6208348,0.5291244,1,0.7892515
IMG_0285.png,0.463886,1,0.7426249,0.4558259,1,0.7563346,0.4895664,1,0.7294669,0.510892,1,0.6979927,0.4546456,1,0.7558687,0.4850571,1,0.5700302,0.4691076,1,0.7378712
IMG_0286.png,0.470817,1,0.7256808,0.4672957,1,0.7430028,0.4831549,1,0.7562428,0.4901876,1,0.7326248,0.4683345,1,0.7445643,0.4875722,1,0.6516287,0.4801118,1,0.7156476
IMG_0287.png,0.4850543,1,0.7038041,0.4715251,1,0.7421808,0.5007642,1,0.7381558,0.5126603,1,0.6811018,0.4608324,1,0.7624316,0.4846459,1,0.6758517,0.4801079,1,0.70735
IMG_0289.png,0.4684512,1,0.7198853,0.4557785,1,0.7594301,0.5109238,1,0.7093175,0.5870615,1,0.6477517,0.4509633,1,0.766163,0.4931804,1,0.5621357,0.4691722,1,0.7473601
IMG_0290.png,0.4731544,1,0.7315436,0.4590303,1,0.7559966,0.4925857,1,0.7210242,0.5192447,1,0.7000219,0.4576445,1,0.7578537,0.4802237,1,0.7007508,0.4741294,1,0.7375345
IMG_0291.png,0.471223,1,0.7266188,0.456206,1,0.7720175,0.493738,1,0.7069617,0.5316787,1,0.6743061,0.4560218,1,0.773789,0.4700617,1,0.7262663,0.4708133,1,0.7546519
IMG_0293.png,0.4886164,1,0.6777583,0.511661,1,0.6521921,0.5073082,1,0.6414673,0.5237128,1,0.6669993,0.5204741,1,0.5482519,0.5510613,1,0.5752327,0.5056579,1,0.6773296
IMG_0295.png,0.4714434,1,0.7300105,0.4881684,1,0.7007805,0.5259514,1,0.669699,0.4869346,1,0.7111615,0.4871272,1,0.6986008,0.4899899,1,0.6635631,0.4712199,1,0.6929531
IMG_0298.png,0.5094339,1,0.6339621,0.5260161,1,0.6027465,0.5317604,1,0.600953,0.5204263,1,0.6278491,0.5282424,1,0.5906177,0.5274115,1,0.5935033,0.5138851,1,0.6392631
IMG_0302.png,0.4776578,1,0.7195686,0.4813515,1,0.730937,0.4974089,1,0.7328459,0.5263313,1,0.6948637,0.4532347,1,0.7583207,0.4987349,1,0.671231,0.5080094,1,0.7135656
IMG_0303.png,0.476082,1,0.7186786,0.5109938,1,0.6793651,0.5006788,1,0.6766646,0.5143606,1,0.6776641,0.505382,1,0.6482463,0.5095637,1,0.6181318,0.6030843,1,0.7267716
IMG_0305.png,0.4746695,1,0.7114535,0.4650346,1,0.7457061,0.4813327,1,0.7223415,0.4818272,1,0.7286742,0.4610037,1,0.7545459,0.4789112,1,0.7028516,0.4750575,1,0.7161443
IMG_0313.png,0.4762569,1,0.7248604,0.4506281,1,0.7603678,0.4553753,1,0.7339939,0.5131877,1,0.6151781,0.4484334,1,0.7643066,0.4535918,1,0.6632618,0.4738365,1,0.716376
IMG_0314.png,0.4751667,1,0.7220164,0.5039266,1,0.4923417,0.5661951,1,0.4327905,0.5249612,1,0.4628024,0.5058066,1,0.3528443,0.5026569,1,0.3634957,0.4601971,1,0.7529189
IMG_0317.png,0.4776939,1,0.7343857,0.5233651,1,0.5911825,0.5347692,1,0.4880868,0.5127757,1,0.4955271,0.5095526,1,0.4629922,0.4963633,1,0.3912118,0.518451,1,0.6334128
IMG_0321.png,0.4731544,1,0.738255,0.5957206,1,0.5366325,0.6241252,1,0.5796395,0.5578451,1,0.5649551,0.5976612,1,0.5353488,0.5843152,1,0.5240542,0.5907445,1,0.6418511
IMG_0324.png,0.4832868,1,0.7033424,0.638122,1,0.5632053,0.6150056,1,0.564423,0.6302941,1,0.5746784,0.6408703,1,0.5841761,0.7032318,1,0.4593259,0.5429646,1,0.6287434
IMG_0334.png,0.4742577,1,0.7217822,0.4885153,1,0.7069394,0.4700949,1,0.7052284,0.4780962,1,0.7020641,0.4879228,1,0.6977115,0.4978226,1,0.6579014,0.5008506,1,0.7498354
IMG_0335.png,0.460812,1,0.7497642,0.5203859,1,0.5583949,0.6086615,1,0.7123296,0.5504245,1,0.5834061,0.5227096,1,0.5503195,0.4975188,1,0.4040747,0.508488,1,0.6113962
IMG_0337.png,0.462141,1,0.7519583,0.4828263,1,0.6962142,0.4739131,1,0.7226938,0.4911067,1,0.688678,0.475461,1,0.7025978,0.4857702,1,0.6298432,0.5316862,1,0.6370127
IMG_0340.png,0.4599155,1,0.7369902,0.4787082,1,0.6890976,0.4738199,1,0.7220382,0.4805203,1,0.6912525,0.4818493,1,0.6720169,0.4899242,1,0.6042271,0.4752947,1,0.7033092
IMG_0342.png,0.4695144,1,0.7540475,0.4989367,1,0.5756773,0.5007314,1,0.5605828,0.4586922,1,0.4744932,0.5019075,1,0.5641733,0.4712585,1,0.4710213,0.516129,1,0.6481596
IMG_0344.png,0.4657738,1,0.7187499,0.5072338,1,0.4114125,0.5361317,1,0.4409929,0.5234142,1,0.5142758,0.503741,1,0.3190872,0.5224443,1,0.3527103,0.5467153,1,0.5304382
IMG_0345.png,0.4602203,1,0.7209301,0.5847003,1,0.5698894,0.5847113,1,0.5596889,0.5709227,1,0.5163134,0.5807682,1,0.5750292,0.5507876,1,0.47196,0.5861884,1,0.5859197
IMG_0350.png,0.4580153,1,0.7557252,0.4581802,1,0.7472033,0.4818237,1,0.7293555,0.5367367,1,0.5969159,0.457929,1,0.7473303,0.4621789,1,0.69453,0.4740957,1,0.7257926
IMG_0351.png,0.4703602,1,0.7343491,0.4624384,1,0.7470105,0.4797583,1,0.749194,0.480273,1,0.6974981,0.4610928,1,0.7462519,0.4708182,1,0.6877831,0.4885507,1,0.7129759
IMG_0354.png,0.4823421,1,0.7193307,0.5509901,1,0.6270081,0.5348689,1,0.6189525,0.5487546,1,0.607189,0.5668649,1,0.6251406,0.5741491,1,0.6111087,0.5090799,1,0.6720339
IMG_0361.png,0.5331231,1,0.5583596,0.9801277,1,0.982337,0.6290847,1,0.6083492,0.6646255,1,0.6452842,0.8010626,1,0.8288458,0.5702823,1,0.5482447,1.000754,1,1.00066
IMG_0363.png,0.5069638,1,0.675023,0.5522475,1,0.5979834,0.5440205,1,0.6291366,0.5638978,1,0.6159075,0.5504743,1,0.5988986,0.5780636,1,0.5835754,0.5513879,1,0.602979
IMG_0366.png,0.5082316,1,0.6789697,0.5152577,1,0.35472,0.5829186,1,0.402257,0.6042087,1,0.4660423,0.5089695,1,0.3335874,0.5107925,1,0.3348791,0.5394887,1,0.6417522
IMG_0370.png,0.466248,1,0.7409734,0.4680743,1,0.7333528,0.4916801,1,0.7183803,0.4879321,1,0.7001367,0.4644151,1,0.7388703,0.4768429,1,0.6837982,0.4838799,1,0.7106665
IMG_0374.png,0.4644736,1,0.7434212,0.5046476,1,0.5794854,0.5656868,1,0.7070258,0.5467603,1,0.59931,0.5023378,1,0.5365343,0.4977542,1,0.4457887,0.4600892,1,0.7710931
IMG_0377.png,0.4654026,1,0.7393364,0.492364,1,0.7262701,0.5446163,1,0.645915,0.5367422,1,0.5572842,0.4651384,1,0.7445366,0.5483473,1,0.4815499,0.4629493,1,0.7509737
IMG_0385.png,0.5066185,1,0.6791015,0.5799022,1,0.5896342,0.5894457,1,0.5720212,0.590849,1,0.5548139,0.5964372,1,0.560055,0.5845963,1,0.5454367,0.5259878,1,0.6487131
IMG_0387.png,0.4635599,1,0.7529783,0.4695854,1,0.7419509,0.4984032,1,0.6907688,0.4934443,1,0.670466,0.4568426,1,0.7543956,0.5126422,1,0.6355678,0.4968367,1,0.7341835
IMG_0392.png,0.4869281,1,0.745098,0.4677034,1,0.7446972,0.4885695,1,0.7362514,0.5142471,1,0.7059215,0.4632434,1,0.7487321,0.5170414,1,0.6786449,0.4763232,1,0.7376853
IMG_0393.png,0.5079516,1,0.6707203,0.46533,1,0.7543611,0.4894412,1,0.7341279,0.5248623,1,0.6474703,0.4613333,1,0.757721,0.4689748,1,0.6976469,0.4826632,1,0.7200612
IMG_0394.png,0.4802982,1,0.7071355,0.476654,1,0.7313925,0.481893,1,0.6781715,0.4949714,1,0.6743404,0.4722653,1,0.7313009,0.47211,1,0.5908943,0.510085,1,0.6876561
IMG_0395.png,0.5067156,1,0.6788766,0.536517,1,0.6327364,0.5409096,1,0.6003487,0.5423552,1,0.6059272,0.5405414,1,0.6048379,0.5113742,1,0.493211,0.4786159,1,0.7979523
IMG_0396.png,0.4650457,1,0.6747719,0.5272566,1,0.8733446,0.5138895,1,0.6962054,0.551083,1,0.658675,0.5094309,1,0.8360523,0.5347846,1,0.6005728,0.6633919,1,0.9863499
IMG_0401.png,0.4669706,1,0.7403191,0.4688541,1,0.7430426,0.4792722,1,0.6987379,0.4926718,1,0.6871261,0.4597753,1,0.7529174,0.500187,1,0.6729186,0.4973103,1,0.7004846
IMG_0402.png,0.4716158,1,0.7336245,0.4796248,1,0.7215736,0.4920093,1,0.702822,0.5091627,1,0.6786093,0.4636662,1,0.7395335,0.487554,1,0.688391,0.5209265,1,0.6587136
IMG_0403.png,0.4699792,1,0.7349896,0.476046,1,0.7317754,0.4974764,1,0.7025032,0.52892,1,0.6575077,0.4714679,1,0.7364991,0.4858302,1,0.6998237,0.5106973,1,0.6842923
IMG_0404.png,0.4733421,1,0.7295191,0.4680936,1,0.7378419,0.4840354,1,0.7245077,0.5131737,1,0.6643437,0.4656607,1,0.7397263,0.4693396,1,0.7189804,0.4926127,1,0.706871
IMG_0406.png,0.4811389,1,0.7209965,0.4620662,1,0.7466987,0.4938233,1,0.7029722,0.5102026,1,0.6678027,0.4536309,1,0.7534368,0.5054165,1,0.6458121,0.480323,1,0.7148665
IMG_0407.png,0.4821052,1,0.72,0.4910758,1,0.713,0.5277086,1,0.6111778,0.5490002,1,0.5740533,0.4803818,1,0.7228304,0.5255025,1,0.5835581,0.6335555,1,0.5092523
IMG_0409.png,0.4734614,1,0.7411267,0.4865347,1,0.6905777,0.4880922,1,0.6937461,0.5179546,1,0.6646073,0.4983348,1,0.6846204,0.4911244,1,0.7077794,0.5773665,1,0.8289652
IMG_0410.png,0.5722432,1,0.6083649,0.6789673,1,0.7575563,0.6111562,1,0.7114748,0.6733938,1,0.7618856,0.5822152,1,0.6950398,0.571326,1,0.6674629,1.000913,1,1.000708
IMG_0411.png,0.4704726,1,0.7362207,0.4743713,1,0.7462133,0.4790506,1,0.7320552,0.5182798,1,0.6732583,0.4701216,1,0.7517125,0.4779444,1,0.7335473,0.5126088,1,0.6815472
IMG_0414.png,0.4794434,1,0.7039848,0.5671636,1,0.5816645,0.5572151,1,0.5976249,0.5813156,1,0.5830041,0.5520487,1,0.5980104,0.5698396,1,0.5742633,0.5970957,1,0.5448845
IMG_0416.png,0.4989649,1,0.6583852,0.5615497,1,0.5460738,0.5495813,1,0.5767518,0.5528925,1,0.5509987,0.564474,1,0.5411359,0.5638182,1,0.5320128,0.5505871,1,0.5726235
IMG_0417.png,0.4534824,1,0.7300457,0.6984278,1,0.7028975,0.5811354,1,0.5805637,0.6222884,1,0.5930846,0.6005184,1,0.6161236,0.5746737,1,0.5547411,0.9602924,1,0.9555891
IMG_0418.png,0.5352113,1,0.6338028,0.5761702,1,0.588175,0.5525762,1,0.6066383,0.5490093,1,0.616999,0.575172,1,0.5849095,0.5988475,1,0.5647242,0.5636112,1,0.6774417
IMG_0420.png,0.4686869,1,0.7343435,0.552216,1,0.6298706,0.596532,1,0.6233045,0.5880823,1,0.6368557,0.5482277,1,0.6278466,0.613444,1,0.6128687,0.5078323,1,0.6785916
IMG_0421.png,0.4715789,1,0.7263158,0.5076527,1,0.6682537,0.5106868,1,0.6673132,0.5004739,1,0.684589,0.5195098,1,0.6475968,0.5185368,1,0.6359887,0.4835749,1,0.7050725
IMG_0423.png,0.473077,1,0.7250002,0.4928911,1,0.6962585,0.5057924,1,0.654088,0.4918967,1,0.7225934,0.4893231,1,0.6989508,0.4985241,1,0.6568293,0.4724019,1,0.7393593
IMG_0425.png,0.4679665,1,0.7437325,0.48432,1,0.717483,0.4915912,1,0.7083373,0.5229414,1,0.675867,0.4723083,1,0.7290281,0.5116364,1,0.6602266,0.5231218,1,0.6656631
IMG_0428.png,0.4679665,1,0.7381616,0.5294473,1,0.667375,0.5313055,1,0.6656666,0.5470198,1,0.6509773,0.5477495,1,0.6555269,0.5622671,1,0.6319925,0.5560641,1,0.7542808
IMG_0430.png,0.5329949,1,0.6675126,0.7718332,1,0.5378201,0.6657237,1,0.5907245,0.6485099,1,0.5483382,0.5981547,1,0.6075961,0.6965616,1,0.5235114,0.907697,1,0.3365076
IMG_0431.png,0.4583237,1,0.7577497,0.4751351,1,0.7513026,0.5127721,1,0.6978887,0.5300704,1,0.6659056,0.473539,1,0.7529679,0.5010557,1,0.6688691,0.5322762,1,0.6986745
IMG_0432.png,0.4756691,1,0.718978,0.4930045,1,0.7476031,0.4916223,1,0.7158107,0.5208458,1,0.6797791,0.4661354,1,0.7515914,0.5135156,1,0.6745328,1.275078,1,0.6514275
IMG_0439.png,0.4570446,1,0.7835051,0.5088706,1,0.693199,0.4922951,1,0.6868477,0.5218806,1,0.661248,0.4754903,1,0.7524166,0.5310633,1,0.6556855,0.517087,1,0.6594703
IMG_0441.png,0.4658385,1,0.7608695,0.461961,1,0.759857,0.4843987,1,0.7260996,0.5117793,1,0.6860925,0.4545514,1,0.7683131,0.5021212,1,0.6946981,0.4948218,1,0.7046488
IMG_0442.png,0.4583333,1,0.7569446,0.5971698,1,0.7805079,0.5488778,1,0.6873764,0.5634584,1,0.6979902,0.5492107,1,0.7959482,0.538511,1,0.6730603,0.9301184,1,0.9421745
IMG_0444.png,0.516814,1,0.6654865,0.6187299,1,0.5190327,0.6260287,1,0.5203581,0.6233332,1,0.519116,0.618441,1,0.5177162,0.6207201,1,0.5155395,0.5964684,1,0.5453532
IMG_0445.png,0.440519,1,0.7916366,0.5601959,1,0.5688129,0.5740263,1,0.5608999,0.5476452,1,0.5912816,0.5451389,1,0.6084626,0.5535803,1,0.5890239,0.5946967,1,0.547723
IMG_0446.png,0.4610336,1,0.7555373,0.5532991,1,0.6030466,0.5571383,1,0.6000902,0.5568563,1,0.6128957,0.5556126,1,0.5988409,0.5818187,1,0.5578919,0.5539169,1,0.6088957
IMG_0447.png,0.5081555,1,0.6737765,0.4977836,1,0.7070133,0.5565189,1,0.660486,0.5786383,1,0.6032341,0.4861684,1,0.7134863,0.5297615,1,0.647613,0.5056482,1,0.6789582
IMG_0448.png,0.4589553,1,0.7223881,0.7266773,1,0.7485224,0.537936,1,0.53686,0.5638588,1,0.624342,0.4434762,1,0.4794261,0.5578135,1,0.5310768,0.9261553,1,0.8951208
IMG_0450.png,0.443539,1,0.7892897,0.4996845,1,0.7004732,0.4937163,1,0.7179812,0.5063312,1,0.6766383,0.4963771,1,0.6986974,0.4742545,1,0.7159986,0.5203732,1,0.6759587
IMG_0451.png,0.43937,1,0.7984252,0.4949847,1,0.7049822,0.4962434,1,0.7074983,0.4953494,1,0.7042992,0.4909214,1,0.7085073,0.4671362,1,0.7218245,0.5175014,1,0.669793
IMG_0456.png,0.3981482,1,0.8950617,0.4792057,1,0.7329566,0.4784381,1,0.7310733,0.5094884,1,0.693673,0.4724345,1,0.7381147,0.4772702,1,0.7211625,0.5345804,1,0.6842096
IMG_0457.png,0.4673618,1,0.7484135,0.4518372,1,0.8239536,0.4804317,1,0.7311892,0.4921317,1,0.7167771,0.4035159,1,0.8682806,0.5189696,1,0.6471396,0.5036764,1,0.71444
IMG_0459.png,0.5074443,1,0.6749381,0.4935325,1,0.7122767,0.515014,1,0.6696053,0.5498211,1,0.6398616,0.4833041,1,0.7253684,0.5045748,1,0.681724,0.5144114,1,0.6703654
IMG_0461.png,0.6245733,1,0.4880546,0.7251736,1,0.5477352,0.6152065,1,0.5183905,0.6566632,1,0.5079518,0.6135797,1,0.5327665,0.6490532,1,0.4839542,0.9931112,1,0.807306
IMG_0463.png,0.6871794,1,0.3897437,0.6817217,1,0.3484973,0.6780234,1,0.3457943,0.6497243,1,0.3667268,0.688432,1,0.3304496,0.7212842,1,0.3135134,0.5560064,1,0.4859244
IMG_0465.png,0.5249999,1,0.6166667,0.5863673,1,0.5562743,0.5897706,1,0.5623917,0.5966952,1,0.5294419,0.541086,1,0.6290139,0.5761077,1,0.5307441,0.4492045,1,0.4977758
IMG_0466.png,0.4911536,1,0.6475585,0.7112178,1,0.5216702,0.5498386,1,0.5725232,0.5808687,1,0.5428232,0.5534308,1,0.5703548,0.5591705,1,0.5194141,0.8186697,1,0.3434035
IMG_0467.png,0.4785713,1,0.6964285,0.57072,1,0.5736921,0.5573586,1,0.590104,0.5712325,1,0.5678753,0.5626882,1,0.5798989,0.558655,1,0.5767845,0.5718777,1,0.5795575
IMG_0468.png,0.520812,1,0.6598985,0.510553,1,0.722497,0.5310512,1,0.681962,0.554766,1,0.6253651,0.4670981,1,0.7929217,0.5343087,1,0.6591662,0.8224171,1,0.7440313
IMG_0469.png,0.4599019,1,0.7266774,0.6908177,1,0.5887239,0.6140202,1,0.5460334,0.6027503,1,0.5684584,0.720098,1,0.4869029,0.5583235,1,0.5362233,0.8649298,1,0.8455752
IMG_0471.png,0.5287981,1,0.6477462,0.5422308,1,0.6185251,0.5077857,1,0.6347973,0.5102825,1,0.6011172,0.5671758,1,0.5877926,0.488194,1,0.6181393,0.5522452,1,0.5784635
IMG_0472.png,0.5161024,1,0.6696943,0.5117458,1,0.6743122,0.5197898,1,0.6640631,0.5491684,1,0.6284409,0.5008378,1,0.6838344,0.5264104,1,0.6393788,0.5344464,1,0.6342832
IMG_0479.png,0.4725492,1,0.7303924,0.4778466,1,0.7510754,0.5160093,1,0.6840956,0.541738,1,0.5976577,0.4763773,1,0.7470182,0.4512321,1,0.6671551,0.5523231,1,0.6309162
IMG_0481.png,0.5054944,1,0.676923,0.4841102,1,0.7366992,0.5357806,1,0.6351919,0.5790772,1,0.5779365,0.4809159,1,0.733819,0.4359547,1,0.7875062,0.5441784,1,0.6281703
IMG_0482.png,0.4124295,1,0.7853108,0.4436798,1,0.3942918,0.449176,1,0.4049272,0.432422,1,0.5189465,0.4329502,1,0.3830737,0.413553,1,0.38498,0.4392187,1,0.7646363
IMG_0483.png,0.4296232,1,0.8090083,0.921918,1,0.9798659,0.8176682,1,0.9613462,0.7483022,1,0.8783744,0.9741919,1,0.9933935,0.7237646,1,0.84525,0.9981933,1,1.00011
IMG_0484.png,0.4062625,1,0.8735448,0.7879846,1,0.883007,0.4818694,1,0.7445271,0.4776061,1,0.6768819,0.5173706,1,0.7601002,0.4333071,1,0.5667929,0.9221926,1,0.966873
IMG_0485.png,0.4516129,1,0.6752688,0.9680153,1,0.9853328,0.6827582,1,0.8421152,0.6103807,1,0.7870218,0.8781357,1,0.9308276,0.525038,1,0.6863953,1.000881,1,1.000598
IMG_0486.png,0.4489796,1,0.6775511,0.7703542,1,0.9413961,0.6126489,1,0.8052372,0.6014073,1,0.8141666,0.6486093,1,0.8582484,0.5288988,1,0.6252127,1.001099,1,1.001162
IMG_0487.png,0.4555085,1,0.7457626,0.4609637,1,0.7488705,0.4567267,1,0.5910469,0.4822098,1,0.6525099,0.4621181,1,0.7193106,0.4382071,1,0.4446116,0.4879166,1,0.7545076
IMG_0488.png,0.5285963,1,0.641248,0.4251514,1,0.8413605,0.4809346,1,0.6833408,0.5493311,1,0.594648,0.4222991,1,0.8415639,0.4023787,1,0.8016729,0.5308801,1,0.6577991
IMG_0489.png,0.4428756,1,0.662388,0.8584936,1,0.9063547,0.6362107,1,0.7065571,0.734757,1,0.8445239,0.6909489,1,0.767884,0.5132178,1,0.6978659,0.9849521,1,0.9912512
IMG_0490.png,0.440567,1,0.7459104,0.5454443,1,0.9863588,0.5203691,1,0.8188981,0.5007649,1,0.8307238,0.4946912,1,0.9299992,0.4683827,1,0.7050633,0.9505976,1,1.000908
IMG_0492.png,0.4625955,1,0.7419845,0.4930152,1,0.689777,0.4932041,1,0.6943443,0.5082219,1,0.6680695,0.4871671,1,0.6915735,0.4651009,1,0.7113293,0.5238449,1,0.6619756
IMG_0494.png,0.5308878,1,0.6399612,0.4809833,1,0.759653,0.5208314,1,0.6866956,0.5502958,1,0.6081331,0.4633035,1,0.772874,0.4461012,1,0.6931936,0.5452669,1,0.6133949
IMG_0496.png,0.4546899,1,0.7456281,0.479189,1,0.7213088,0.4946762,1,0.6905692,0.5128714,1,0.6665518,0.4722971,1,0.7281584,0.4742795,1,0.698002,0.5172008,1,0.6865164
IMG_0497.png,0.4553038,1,0.7651967,0.5151843,1,0.6473513,0.5346224,1,0.6170146,0.52663,1,0.630565,0.5068095,1,0.6554454,0.5287263,1,0.621764,0.5083082,1,0.6645896
IMG_0498.png,0.4561736,1,0.7624884,0.4570073,1,0.7567335,0.4906352,1,0.7375125,0.5149568,1,0.6833814,0.4433905,1,0.7725521,0.4974069,1,0.6639135,0.4818213,1,0.7276482
IMG_0500.png,0.4577115,1,0.7569296,0.5097547,1,0.6612543,0.5958077,1,0.6352274,0.5170162,1,0.6751784,0.5845356,1,0.6502719,0.5663803,1,0.6244748,0.4863844,1,0.6381575
IMG_0501.png,0.457656,1,0.7544909,0.3769132,1,0.9239995,0.4604351,1,0.8124662,0.4876108,1,0.7509276,0.3830105,1,0.9081489,0.4964573,1,0.6964877,0.406947,1,0.8776843
IMG_0503.png,0.5018026,1,0.6914205,0.4720718,1,0.7823001,0.4813349,1,0.7624585,0.5162608,1,0.7010843,0.4726679,1,0.7869436,0.4863213,1,0.7155953,0.5379591,1,0.6931809
IMG_0504.png,0.5252746,1,0.6608056,0.5199996,1,0.7594132,0.527492,1,0.7116048,0.5903347,1,0.6188017,0.5140652,1,0.8334142,0.5120935,1,0.686723,0.6120572,1,0.555688
IMG_0505.png,0.4798762,1,0.7151702,0.4962032,1,0.6769281,0.4975822,1,0.679149,0.4972402,1,0.681006,0.4984073,1,0.6711975,0.4942291,1,0.6776327,0.4857317,1,0.6927174
IMG_0507.png,0.4505929,1,0.7351779,0.5405023,1,0.619841,0.5210313,1,0.6413799,0.5259282,1,0.6377554,0.5184317,1,0.6396892,0.4771871,1,0.6951981,0.570621,1,0.5886611
IMG_0508.png,0.4601327,1,0.7491691,0.5370233,1,0.6336697,0.5339792,1,0.5936427,0.5153487,1,0.6388209,0.5506399,1,0.6402105,0.557882,1,0.5985924,0.4989412,1,0.6803864
IMG_0512.png,0.4445929,1,0.7917225,0.4599178,1,0.7601736,0.4719766,1,0.7465485,0.4851896,1,0.7347972,0.4600573,1,0.7557693,0.4881827,1,0.7025448,0.4980974,1,0.7169001
IMG_0515.png,0.4444444,1,0.7456788,0.6827338,1,0.9815486,0.6077562,1,0.8751124,0.6305611,1,0.8905929,0.6111709,1,0.9478021,0.5692184,1,0.7265757,0.9692279,1,1.000267
IMG_0518.png,0.4496228,1,0.7798492,0.8067049,1,0.9207656,0.5666892,1,0.7058333,0.5861726,1,0.6974292,0.5556231,1,0.6976402,0.7321191,1,0.5889079,0.957058,1,0.9924155
IMG_0519.png,0.4510022,1,0.768374,0.4557234,1,0.7718992,0.4560379,1,0.7699716,0.4843359,1,0.7089983,0.454647,1,0.7659588,0.449145,1,0.725181,0.5008575,1,0.7107059
IMG_0520.png,0.5014327,1,0.6848137,0.5814774,1,0.762618,0.5216559,1,0.7031048,0.5368248,1,0.6530345,0.4669595,1,0.7624555,0.4498507,1,0.7894335,1.087999,1,0.7613495
IMG_0521.png,0.4450601,1,0.7460756,0.5623646,1,0.8791355,0.4999089,1,0.7576799,0.5136109,1,0.7566949,0.5051721,1,0.7680444,0.4945639,1,0.6307661,0.7985103,1,0.9944843
IMG_0525.png,0.440846,1,0.7997357,0.4496499,1,0.7668807,0.4590019,1,0.7704787,0.4926783,1,0.6783495,0.449416,1,0.7599126,0.5305344,1,0.6117194,0.4439054,1,0.78956
IMG_0526.png,0.4643586,1,0.7433812,0.4913182,1,0.7298207,0.4965842,1,0.7276157,0.5157546,1,0.6925177,0.4780123,1,0.7416088,0.4638506,1,0.7322854,0.5398388,1,0.6506342
IMG_0528.png,0.442623,1,0.7923498,0.4525151,1,0.7865016,0.4722765,1,0.767556,0.5039872,1,0.7063446,0.4697426,1,0.7523897,0.4234536,1,0.8122274,0.4889688,1,0.7110506
IMG_0529.png,0.4280001,1,0.8140001,0.4558076,1,0.5094716,0.5463701,1,0.5592263,0.4465956,1,0.4836864,0.4576419,1,0.398525,0.4409663,1,0.3749345,0.465284,1,0.7646528
IMG_0530.png,0.4438456,1,0.7852651,0.4894062,1,0.7716774,0.5038075,1,0.7961719,0.4977719,1,0.766853,0.5060821,1,0.7180309,0.4583511,1,0.8418093,0.4730272,1,0.73424
IMG_0533.png,0.5255581,1,0.6472282,0.6142121,1,0.553735,0.6260328,1,0.5471781,0.5888476,1,0.5949213,0.6121322,1,0.5440545,0.5761745,1,0.579027,0.6008633,1,0.686538
IMG_0538.png,0.6331361,1,0.4575936,0.8383443,1,0.2889178,0.7564281,1,0.3602672,0.784377,1,0.3351323,0.825036,1,0.2887356,0.678205,1,0.416309,0.8362477,1,0.2899293
IMG_0539.png,0.6016597,1,0.5062241,0.8778099,1,0.3084565,0.7198323,1,0.45,0.7863907,1,0.3750719,0.8158774,1,0.5293878,0.6228551,1,0.467244,0.8866415,1,0.3082786
IMG_0542.png,0.7868421,1,0.3210527,0.9038946,1,0.3007496,0.90075,1,0.2704914,0.8707248,1,0.2738338,0.9002571,1,0.2977531,0.8650347,1,0.2638675,0.9963445,1,0.3966175
IMG_0546.png,0.4588746,1,0.6493506,0.4239043,1,0.7153889,0.4195634,1,0.7200675,0.4715761,1,0.6822972,0.422923,1,0.7170303,0.4706012,1,0.6698237,0.4093323,1,0.7326856
IMG_0549.png,0.7792205,1,0.3203462,0.9540429,1,0.3726067,0.8377054,1,0.3494224,0.870303,1,0.3210662,0.9121276,1,0.3068692,0.7990113,1,0.3189643,0.9909101,1,0.5602636
IMG_0550.png,0.7873417,1,0.3164557,0.7563538,1,0.2248906,0.7565483,1,0.2397279,0.7683677,1,0.2755952,0.7611521,1,0.2164716,0.7489695,1,0.2408905,0.7685318,1,0.308704
IMG_0552.png,0.6614172,1,0.440945,0.4687618,1,0.6510064,0.5053881,1,0.6293073,0.4591394,1,0.6655654,0.5077481,1,0.6156338,0.5375756,1,0.5757243,0.4604805,1,0.6703517
IMG_0554.png,0.7515463,1,0.3587629,0.8997093,1,0.3506247,0.8102857,1,0.3373287,0.8289675,1,0.3113653,0.8233476,1,0.3177831,0.8565129,1,0.3063484,0.9793938,1,0.4752201
IMG_0556.png,0.791218,1,0.3148302,0.8139648,1,0.4429547,0.8264134,1,0.3727591,0.8351865,1,0.3283844,0.7363276,1,0.5308711,0.8251582,1,0.3309618,0.6436773,1,0.6887469
IMG_0559.png,0.5584701,1,0.5726776,0.5231298,1,0.618331,0.5770973,1,0.5021223,0.5928695,1,0.5302937,0.5225721,1,0.5555124,0.5919459,1,0.4732207,0.4167626,1,0.684453
IMG_0564.png,0.4386282,1,0.7292419,0.5808851,1,0.7187901,0.6630592,1,0.5256732,0.5534554,1,0.6319286,0.6582703,1,0.5714193,0.6384438,1,0.5055817,0.4100228,1,0.9854072
IMG_0565.png,0.7099698,1,0.3141993,0.8650289,1,0.2418622,0.8635837,1,0.2249216,0.8523957,1,0.2379513,0.8654853,1,0.2511014,0.860996,1,0.1890523,0.8206779,1,0.2848235
IMG_0566.png,0.7083332,1,0.3645833,0.9731622,1,0.6159304,0.908698,1,0.4230911,0.9095833,1,0.4005988,0.956744,1,0.5384622,0.8110505,1,0.360177,0.9995915,1,0.9395896
IMG_0567.png,0.8121693,1,0.3068783,0.7860054,1,0.7086342,0.9074461,1,0.298287,0.783517,1,0.3983174,0.9721938,1,0.4230918,0.9993405,1,0.1829864,0.7912013,1,0.780828
IMG_0570.png,0.5703422,1,0.5019011,0.8494884,1,0.7300387,0.710185,1,0.5530936,0.7201107,1,0.6378569,0.7425241,1,0.6041904,0.6449929,1,0.4935118,0.9988183,1,0.9982511
IMG_0575.png,0.5740403,1,0.499086,0.5722414,1,0.5026759,0.8494239,1,0.4844269,0.7990092,1,0.4666632,0.5889949,1,0.4769635,1.020397,1,0.4216121,0.5494586,1,0.5061105
IMG_0576.png,0.7325,1,0.4075,0.7298058,1,0.4254409,0.740729,1,0.4481685,0.9020875,1,0.3758515,0.7100004,1,0.4320363,0.7975861,1,0.3933252,0.8039681,1,0.3557356
IMG_0577.png,0.7913386,1,0.3070866,0.8196738,1,0.3780175,0.8290513,1,0.2984652,0.8168512,1,0.3224502,0.8085217,1,0.3089583,0.8582487,1,0.2814088,0.6026651,1,0.7076477
IMG_0578.png,0.7974684,1,0.2911393,0.6936474,1,0.8385511,0.6754041,1,0.5301344,0.7266991,1,0.6648392,0.6287602,1,0.7229762,0.6906189,1,0.4206314,0.8569589,1,1.000581
IMG_0581.png,0.7610619,1,0.3522122,0.655585,1,0.5010353,0.6749354,1,0.467665,0.6776861,1,0.461747,0.6748394,1,0.5302004,0.6651249,1,0.4354838,0.782914,1,0.3852545
IMG_0583.png,0.4492754,1,0.6702899,0.4771649,1,0.6306938,0.4702695,1,0.6321059,0.4786192,1,0.6217741,0.4669036,1,0.6358907,0.4746259,1,0.610754,0.6146256,1,0.5434145
IMG_0584.png,0.4382286,1,0.6713289,0.6384889,1,0.5781498,0.5331056,1,0.6246204,0.5259338,1,0.6109825,0.4535395,1,0.6760543,0.5174573,1,0.6261169,0.7968032,1,0.5399113
IMG_0586.png,0.7946428,1,0.3080357,0.8750123,1,0.2563644,0.9170981,1,0.2660095,0.8470844,1,0.281752,1.011994,1,0.24008,0.9019683,1,0.2293302,0.8410083,1,0.2485099
IMG_0587.png,0.802974,1,0.3048327,0.8077155,1,0.3489554,0.9291909,1,0.3039432,0.8733172,1,0.3194664,0.8062674,1,0.3781898,0.8191214,1,0.3087656,0.8309972,1,0.4025061
IMG_0589.png,0.791045,1,0.3093623,0.8003112,1,0.3011139,0.8195938,1,0.3073339,0.8244702,1,0.3012288,0.7856071,1,0.303624,0.7944687,1,0.2976536,0.7924205,1,0.3393637
IMG_0592.png,0.7793849,1,0.3345388,0.6020424,1,0.6296013,0.7692305,1,0.4007204,0.6949593,1,0.4566008,0.6492451,1,0.5373191,0.737664,1,0.3971443,0.4340742,1,0.6652766
IMG_0596.png,0.7817592,1,0.320847,0.7897398,1,0.3953242,0.7841476,1,0.3739189,0.7806412,1,0.3677835,0.7421521,1,0.4057952,0.7885513,1,0.3281571,0.8224462,1,0.3220179
IMG_0597.png,0.521148,1,0.5845921,0.5059391,1,0.5085655,0.5065617,1,0.4946688,0.5246952,1,0.6184464,0.5023496,1,0.4652658,0.4979284,1,0.5251961,0.5317917,1,0.7610963
IMG_0601.png,0.7774087,1,0.3056479,0.7737454,1,0.311765,0.8026775,1,0.2995853,0.8249749,1,0.2893506,0.7702557,1,0.311237,0.8218878,1,0.2840867,0.7786836,1,0.3174839
IMG_0603.png,0.7150396,1,0.3667546,0.7367254,1,0.3564815,0.7299749,1,0.3600403,0.7527686,1,0.3516035,0.7413025,1,0.3456376,0.762646,1,0.3271231,0.8036251,1,0.3265484
IMG_0604.png,0.7166212,1,0.3651226,0.7299558,1,0.3655577,0.7377645,1,0.3576575,0.7445767,1,0.3494534,0.7089239,1,0.3748609,0.7357248,1,0.3488096,0.7261915,1,0.375754
IMG_0605.png,0.4451532,1,0.6798474,0.4569556,1,0.620732,0.4357179,1,0.6518739,0.4469335,1,0.6377093,0.4467816,1,0.6711192,0.4690717,1,0.5967763,0.4563811,1,0.6011735
IMG_0607.png,0.7538461,1,0.3384616,0.7215597,1,0.3834324,0.6818095,1,0.3770482,0.7437693,1,0.3712484,0.717685,1,0.3912218,0.7363945,1,0.3691062,0.7440935,1,0.3507961
IMG_0609.png,0.4834558,1,0.6158088,0.5197735,1,0.6184449,0.5138802,1,0.6043153,0.5050106,1,0.5945392,0.5076943,1,0.6030818,0.518412,1,0.5664494,0.5993125,1,0.7269646
IMG_0613.png,0.736842,1,0.3721804,0.857574,1,0.2493217,0.8254505,1,0.2594119,0.7350471,1,0.3445939,0.8574346,1,0.246536,0.8735982,1,0.2326163,0.8176471,1,0.296904
IMG_0614.png,0.73057,1,0.3782384,0.7420814,1,0.3837747,0.7121815,1,0.4011201,0.7047486,1,0.4041909,0.7332754,1,0.3845842,0.7813668,1,0.3227291,0.5237316,1,0.4340789
IMG_0615.png,0.6041008,1,0.5126181,0.5545819,1,0.5849803,0.627522,1,0.5043154,0.7064235,1,0.4951188,0.5776951,1,0.5331487,0.7112508,1,0.4573551,0.4674951,1,0.6668687
IMG_0616.png,0.7228918,1,0.3915663,0.8648696,1,0.5937587,0.7771529,1,0.4638764,0.7958103,1,0.5200054,0.8370275,1,0.4913579,0.796705,1,0.3915721,0.9648643,1,0.7546161
IMG_0617.png,0.7733757,1,0.344955,0.8869958,1,0.355677,0.9575541,1,0.2373572,0.9033918,1,0.2488635,0.9407631,1,0.2199904,1.263686,1,0.2625409,0.8640923,1,0.4319251
IMG_0618.png,0.7814032,1,0.3115824,0.970957,1,0.5185491,0.9228365,1,0.3394091,0.8972516,1,0.3804478,0.9297534,1,0.3849308,0.9244173,1,0.2807667,1.000173,1,0.6910153
IMG_0621.png,0.7857144,1,0.3059005,0.9232042,1,0.5643542,0.817181,1,0.4022293,0.8397574,1,0.4665529,0.8485319,1,0.410418,0.7580802,1,0.3257176,0.9828046,1,0.7683983
IMG_0623.png,0.7800687,1,0.3024056,0.781134,1,0.3164158,0.7849141,1,0.3006094,0.7730702,1,0.3273734,0.7929102,1,0.2898678,0.751551,1,0.3003443,0.7236228,1,0.5802054
IMG_0624.png,0.6382253,1,0.4266212,0.8435723,1,0.3800776,0.8090972,1,0.3219919,0.830544,1,0.3239962,0.801085,1,0.3922251,0.7142604,1,0.3758352,0.9682689,1,0.5680714
IMG_0632.png,0.8333334,1,0.3070175,0.8927857,1,0.2952197,0.9166081,1,0.2886737,0.942651,1,0.2821312,0.8879308,1,0.297512,0.9372693,1,0.2631914,0.8383109,1,0.3038964
IMG_0633.png,0.6871164,1,0.4171778,0.6281445,1,0.56874,0.6820254,1,0.4925884,0.6821048,1,0.5309241,0.6031763,1,0.5255956,0.6074548,1,0.5235841,0.5795506,1,0.6958828
IMG_0637.png,0.5584416,1,0.5064935,0.5900321,1,0.4574599,0.5860667,1,0.4735111,0.579865,1,0.4843994,0.5869938,1,0.4619016,0.5740023,1,0.4697676,0.5863471,1,0.4556673
IMG_0661.png,0.4988292,1,0.6182672,0.5106249,1,0.6057498,0.510826,1,0.6010326,0.5382352,1,0.5871721,0.4958642,1,0.6235676,0.5486316,1,0.5476313,0.465426,1,0.65442
IMG_0666.png,0.5817308,1,0.5192308,0.8297457,1,0.3381672,0.6418481,1,0.4748024,0.7018948,1,0.4230704,0.7817019,1,0.4313985,0.6037026,1,0.4908033,0.8297574,1,0.2845704
IMG_0671.png,0.4798903,1,0.6480805,0.5239298,1,0.6050836,0.568098,1,0.5868086,0.5643554,1,0.5809366,0.5593147,1,0.5676737,0.5776632,1,0.5203648,0.4590669,1,0.6242204
IMG_0676.png,0.4600763,1,0.756654,0.4959821,1,0.767268,0.5253213,1,0.7373741,0.4786264,1,0.7751899,0.507476,1,0.7063102,0.5216637,1,0.7145058,0.433462,1,0.9052316
IMG_0677.png,0.4616457,1,0.7622035,0.4386553,1,0.7389577,0.4650023,1,0.7436944,0.4663524,1,0.740383,0.4464094,1,0.7630035,0.4914743,1,0.7015815,0.4158925,1,0.7718376
IMG_0678.png,0.4592251,1,0.7582419,0.4576783,1,0.8060959,0.4672539,1,0.7815367,0.4672657,1,0.7620485,0.4507381,1,0.8505558,0.4855843,1,0.7280862,0.4511504,1,0.7979326
IMG_0681.png,0.4812925,1,0.6173469,0.4942397,1,0.6291773,0.4888785,1,0.6369535,0.5290677,1,0.6281589,0.4889491,1,0.6284708,0.5440069,1,0.5968108,0.458127,1,0.6434876
IMG_0682.png,0.4935345,1,0.6971983,0.4975973,1,0.7254631,0.489903,1,0.7146479,0.5144158,1,0.6823826,0.4654321,1,0.7470769,0.4787179,1,0.7046068,0.6665612,1,0.8845778
IMG_0683.png,0.4663574,1,0.7610209,0.4681318,1,0.7440913,0.4963288,1,0.7313254,0.5098267,1,0.6894333,0.4488317,1,0.7577879,0.4762732,1,0.6922738,0.4810478,1,0.7158791
IMG_0684.png,0.4628098,1,0.7520659,0.463317,1,0.7431329,0.4711411,1,0.7171578,0.4783501,1,0.7249087,0.4560599,1,0.764372,0.4828401,1,0.6490014,0.4489912,1,0.7669216
IMG_0686.png,0.4792409,1,0.6405694,0.4854473,1,0.6326893,0.5068843,1,0.613894,0.5078933,1,0.6184599,0.4922887,1,0.6229314,0.487212,1,0.645733,0.473904,1,0.6422607
IMG_0687.png,0.5060975,1,0.5945122,0.4771636,1,0.6448348,0.487982,1,0.6381111,0.5120162,1,0.6196857,0.477689,1,0.6384953,0.5052931,1,0.62209,0.4248428,1,0.6980084
IMG_0743.png,0.4518246,1,0.7686131,0.4684644,1,0.7041773,0.4702411,1,0.60305,0.4682731,1,0.6282325,0.4703659,1,0.592525,0.4590588,1,0.4845085,0.4472924,1,0.78686
IMG_0754.png,0.4494624,1,0.7817202,0.5350119,1,0.6399807,0.5277819,1,0.6315562,0.5067668,1,0.6513793,0.5351624,1,0.6406546,0.5858933,1,0.5994766,0.4888334,1,0.6911456
IMG_0757.png,0.4538087,1,0.7763372,0.4471917,1,0.7812926,0.5036094,1,0.7065354,0.540979,1,0.6743984,0.4566252,1,0.7613149,0.5314052,1,0.6500918,0.4456006,1,0.7836054
IMG_0758.png,0.4582103,1,0.7728613,0.4782551,1,0.8397174,0.500952,1,0.8655111,0.4984198,1,0.8392211,0.478354,1,0.8390555,0.4770486,1,0.8100118,0.5430601,1,0.9439276
IMG_0760.png,0.4530245,1,0.7857143,0.4499751,1,0.7895543,0.4809987,1,0.7275248,0.4874737,1,0.7137286,0.4497678,1,0.7859491,0.4855128,1,0.697508,0.4498968,1,0.7920461
IMG_0761.png,0.4541485,1,0.779476,0.4972032,1,0.6859409,0.4959118,1,0.7082186,0.4856759,1,0.7213431,0.5014388,1,0.6763804,0.4986014,1,0.6762933,0.4897834,1,0.6902329
IMG_0762.png,0.4589372,1,0.763285,0.4464195,1,0.7841781,0.4556257,1,0.7789726,0.4737703,1,0.7439424,0.4457986,1,0.7846363,0.4639203,1,0.7507062,0.4472266,1,0.7888307
IMG_0763.png,0.4528044,1,0.7756496,0.5406906,1,0.6107681,0.5452347,1,0.611088,0.5271229,1,0.6454101,0.5414127,1,0.6077821,0.533478,1,0.6170683,0.604808,1,0.4711149
IMG_0766.png,0.4494383,1,0.7814096,0.5271397,1,0.6282925,0.5400626,1,0.632167,0.5259674,1,0.6308029,0.529274,1,0.6230274,0.5317618,1,0.602432,0.4704644,1,0.785472
IMG_0767.png,0.4527187,1,0.780733,0.5143267,1,0.6191321,0.5277847,1,0.5788881,0.5033439,1,0.5955807,0.5480352,1,0.5764168,0.5077459,1,0.5062401,0.4903104,1,0.675313
IMG_0770.png,0.4493243,1,0.7837838,0.446414,1,0.7900977,0.4529865,1,0.7718492,0.4797387,1,0.7402058,0.4459994,1,0.7899231,0.4547038,1,0.7709244,0.4466679,1,0.7853502
IMG_0772.png,0.4485727,1,0.7884003,0.5138652,1,0.6859861,0.5053386,1,0.6941745,0.5008508,1,0.6903619,0.4914059,1,0.696578,0.4331363,1,0.6438846,0.7900241,1,0.4260457
IMG_0773.png,0.454764,1,0.7766214,0.5861359,1,0.5865254,0.569604,1,0.5661524,0.5592404,1,0.6145461,0.6004514,1,0.6081268,0.5961375,1,0.5459381,0.4826242,1,0.7375826
IMG_0775.png,0.4547647,1,0.7683957,0.5424764,1,0.6260783,0.5575657,1,0.6026823,0.549621,1,0.6180406,0.5207285,1,0.6518234,0.5444457,1,0.6173446,0.5991762,1,0.7707156
IMG_0776.png,0.4630434,1,0.7673912,0.4449669,1,0.8014525,0.4550454,1,0.7752063,0.488462,1,0.7273199,0.4449042,1,0.8017221,0.4695563,1,0.7607645,0.44335,1,0.8047267
IMG_0777.png,0.5238097,1,0.6666667,0.5289764,1,0.6102402,0.527239,1,0.6168227,0.5655929,1,0.543912,0.5276565,1,0.6119655,0.5432257,1,0.5879885,0.5847296,1,0.5308454
IMG_0778.png,0.4509554,1,0.7821653,0.446254,1,0.8038624,0.4501669,1,0.7965086,0.4667893,1,0.7657198,0.4476319,1,0.8029561,0.4765493,1,0.7261535,0.4472669,1,0.8052207
IMG_0782.png,0.4525044,1,0.7849741,0.4450295,1,0.7849822,0.4529705,1,0.7504979,0.494309,1,0.6913162,0.4454628,1,0.7842564,0.4649016,1,0.6988405,0.4466408,1,0.772588
IMG_0783.png,0.4477848,1,0.7879744,0.5007852,1,0.6944196,0.5118269,1,0.6932252,0.5179583,1,0.7071136,0.5002627,1,0.7003077,0.5026158,1,0.6919668,0.4792144,1,0.7301146
IMG_0784.png,0.4531178,1,0.786605,0.4989751,1,0.8789827,0.4929993,1,0.8463466,0.4910353,1,0.8193249,0.4636017,1,0.8408345,0.4731327,1,0.7567774,0.6939617,1,0.9999214
IMG_0786.png,0.4481053,1,0.784184,0.4465607,1,0.8017845,0.4525704,1,0.7913446,0.4567928,1,0.772133,0.447396,1,0.8017501,0.4499662,1,0.7861984,0.4529815,1,0.7943988
IMG_0787.png,0.4456183,1,0.793039,0.4500423,1,0.5122818,0.4963397,1,0.4212818,0.5106776,1,0.4944922,0.4342997,1,0.3286748,0.4347716,1,0.3182832,0.4855262,1,0.7327983
IMG_0789.png,0.4538461,1,0.7320513,0.5164955,1,0.703306,0.4808366,1,0.7051175,0.4975959,1,0.6884367,0.4752798,1,0.6828479,0.4961627,1,0.6331734,0.8883381,1,0.7040413
IMG_0792.png,0.4513275,1,0.7787611,0.4790375,1,0.7317924,0.4822068,1,0.7221813,0.4805107,1,0.7150414,0.4700624,1,0.7433288,0.4953586,1,0.6929263,0.5946677,1,0.5232553
IMG_0793.png,0.4579439,1,0.7819315,0.4415633,1,0.792231,0.4594567,1,0.7701143,0.4822372,1,0.7374179,0.4419476,1,0.7901898,0.4846595,1,0.7200108,0.4459694,1,0.7945332
IMG_0794.png,0.4550335,1,0.7677849,0.4430406,1,0.7940842,0.4679739,1,0.7396169,0.4859601,1,0.7091239,0.4466495,1,0.7859372,0.4772319,1,0.700598,0.4445337,1,0.797595
IMG_0796.png,0.4569932,1,0.7666416,0.9818572,1,0.6908198,0.6920253,1,0.6085332,0.6800093,1,0.6370291,0.903376,1,0.5746212,0.5964769,1,0.5709595,0.9998748,1,0.9045465
IMG_0797.png,0.4626717,1,0.7554025,0.5189904,1,0.6659761,0.5501757,1,0.6278696,0.5220195,1,0.6613718,0.5092416,1,0.656466,0.5441948,1,0.6087177,0.4596666,1,0.8248141
IMG_0798.png,0.595,1,0.5075,0.6144315,1,0.5507854,0.6030135,1,0.5234049,0.6096621,1,0.5390893,0.6244914,1,0.5552239,0.6101024,1,0.5648136,0.596366,1,0.5325546
IMG_0800.png,0.4605809,1,0.780083,0.4387726,1,0.8101793,0.4579808,1,0.7652203,0.4827635,1,0.7348002,0.4400816,1,0.8059421,0.4790872,1,0.7197778,0.4408073,1,0.8142496
IMG_0801.png,0.446224,1,0.7871851,0.4405668,1,0.7927148,0.4462734,1,0.7869927,0.4728795,1,0.7281816,0.4399149,1,0.7919921,0.4555824,1,0.7571115,0.4425936,1,0.7925249
IMG_0803.png,0.4437983,1,0.7403099,0.5270126,1,0.8932171,0.4676742,1,0.6754528,0.4823097,1,0.8195307,0.476863,1,0.8191338,0.4685832,1,0.6040169,0.6853469,1,0.9978647
IMG_0804.png,0.4418606,1,0.7866531,0.4960922,1,0.791065,0.5556838,1,0.5874192,0.5559572,1,0.6589085,0.5244488,1,0.5912741,0.5093062,1,0.5014645,0.4604265,1,0.853915
IMG_0806.png,0.4442529,1,0.7959771,0.4394593,1,0.8018102,0.4608792,1,0.7663931,0.4603871,1,0.7431336,0.443649,1,0.7847005,0.4840159,1,0.6406691,0.4457834,1,0.8070824
IMG_0808.png,0.4482759,1,0.7643677,0.4300176,1,0.8299116,0.4451626,1,0.8149086,0.4502103,1,0.7776095,0.4295803,1,0.8309152,0.4383638,1,0.7826594,0.4371329,1,0.8170295
IMG_0809.png,0.4377267,1,0.7629986,0.533774,1,0.6598929,0.5366196,1,0.6673394,0.5292386,1,0.6352608,0.5339204,1,0.6671297,0.523962,1,0.6315039,0.5346553,1,0.7631579
IMG_0810.png,0.4444443,1,0.7843138,0.439051,1,0.8045584,0.4421829,1,0.7775749,0.4631834,1,0.766308,0.4391262,1,0.8033834,0.438451,1,0.7795836,0.4424847,1,0.8012526
IMG_0812.png,0.4440434,1,0.7924189,0.4356044,1,0.8276932,0.4484729,1,0.800671,0.4691878,1,0.7234676,0.4353933,1,0.8269156,0.4526117,1,0.758159,0.4372762,1,0.8309241
IMG_0813.png,0.4444444,1,0.7960423,0.4398057,1,0.8087355,0.4462499,1,0.8070414,0.4516423,1,0.7930126,0.4403744,1,0.8075335,0.444439,1,0.7851703,0.4464848,1,0.8022364
IMG_0814.png,0.4406779,1,0.7966102,0.456772,1,0.7545688,0.4816198,1,0.7428253,0.492662,1,0.6812783,0.4570464,1,0.7631488,0.4906977,1,0.6432872,0.4580426,1,0.7321418
IMG_0817.png,0.4396324,1,0.8031496,0.436119,1,0.8088557,0.4447794,1,0.7892753,0.4626787,1,0.7447502,0.4360885,1,0.807522,0.4485646,1,0.7641854,0.4400499,1,0.8055378
IMG_0818.png,0.4441417,1,0.8038147,0.4367985,1,0.8060869,0.4548097,1,0.7823143,0.4640824,1,0.7656818,0.4366861,1,0.805075,0.4589143,1,0.7542092,0.4431099,1,0.7929074
IMG_0823.png,0.4382129,1,0.7861218,0.448714,1,0.7943947,0.5096287,1,0.7514869,0.4871564,1,0.7140058,0.5182547,1,0.6793271,0.482749,1,0.5985878,0.4396288,1,0.8065652
IMG_0825.png,0.4363057,1,0.8025476,0.4318465,1,0.8184208,0.4351114,1,0.7362501,0.4539035,1,0.7406219,0.4335052,1,0.8113023,0.4361063,1,0.5898318,0.4338848,1,0.8178897
IMG_0826.png,0.4385082,1,0.8014113,0.4356754,1,0.8117336,0.4385661,1,0.776568,0.4489196,1,0.7645622,0.4358452,1,0.8124596,0.4340351,1,0.6991168,0.4361195,1,0.8075034
IMG_0829.png,0.4374078,1,0.8033872,0.4363449,1,0.814905,0.4587883,1,0.8127813,0.4557131,1,0.7894852,0.4364119,1,0.8115465,0.4561139,1,0.6730878,0.4378607,1,0.814194
IMG_0831.png,0.439141,1,0.7852031,0.4352213,1,0.812591,0.4465088,1,0.7972766,0.4683228,1,0.7368876,0.4351361,1,0.811979,0.4478667,1,0.767107,0.4374801,1,0.8097022
IMG_0832.png,0.4397495,1,0.8028164,0.4333035,1,0.8112568,0.4467392,1,0.8139968,0.4405238,1,0.7732817,0.4329899,1,0.8097133,0.4477275,1,0.7704442,0.4330582,1,0.8155897
IMG_0838.png,0.7603386,1,0.3073308,0.9956371,1,0.9644266,0.8736958,1,0.5009243,0.9386632,1,0.5710989,0.8970238,1,0.7310388,0.6957348,1,0.4204379,1.000016,1,1.000047
IMG_0840.png,0.756821,1,0.3190985,0.8572194,1,0.8032918,0.7290605,1,0.3714465,0.7558843,1,0.3756613,0.7242377,1,0.3585759,0.7135451,1,0.350627,0.9945544,1,0.8756519
IMG_0842.png,0.452381,1,0.7751322,0.4348124,1,0.822248,0.4486246,1,0.8039683,0.4518015,1,0.7802158,0.4349669,1,0.8222391,0.4597803,1,0.7689219,0.4376508,1,0.8204416
IMG_0843.png,0.4352158,1,0.8156141,0.4549833,1,0.8235336,0.4386067,1,0.8103841,0.4731208,1,0.7817794,0.4274537,1,0.8247723,0.4573117,1,0.7514492,0.937268,1,0.9226227
IMG_0844.png,0.4506518,1,0.7504656,0.5211198,1,0.7758004,0.524798,1,0.658047,0.5173869,1,0.6897642,0.4712995,1,0.7426427,0.5158509,1,0.6120616,0.5575124,1,0.8057626
IMG_0845.png,0.4325397,1,0.8134921,0.4526989,1,0.8280629,0.4388121,1,0.8137517,0.4835082,1,0.7732616,0.4313526,1,0.8304173,0.4386712,1,0.8080814,2.390202,1,0.8217816
IMG_0846.png,0.4423592,1,0.7989277,0.6236441,1,0.581852,0.4986516,1,0.701677,0.5016091,1,0.7068495,0.5076314,1,0.6935774,0.488969,1,0.6964589,0.6504015,1,0.5304689
IMG_0849.png,0.6499999,1,0.35,0.6173187,1,0.3708809,0.6114442,1,0.3820427,0.608643,1,0.3929111,0.6151781,1,0.3685965,0.6314784,1,0.3582321,0.585072,1,0.4066071
IMG_0853.png,0.9074074,1,0.2469136,0.6241282,1,0.4557254,0.7271128,1,0.381035,0.7382101,1,0.374572,0.7020896,1,0.4185358,0.9063633,1,0.2515178,0.6110062,1,0.4521562
IMG_0858.png,0.6182795,1,0.4408602,0.6371497,1,0.4551673,0.68186,1,0.3995006,0.6577326,1,0.4318502,0.6446524,1,0.4201813,0.7208361,1,0.3482493,0.5786258,1,0.5293982
IMG_0859.png,0.4796573,1,0.6959313,0.9206515,1,0.8511438,0.77947,1,0.7579002,0.7690902,1,0.7534166,0.8413235,1,0.752327,0.6843118,1,0.6629629,1.000519,1,0.9938827
IMG_0861.png,0.8112245,1,0.3737246,0.8303801,1,0.4388575,0.6626919,1,0.3719152,0.7939899,1,0.397165,0.7836437,1,0.3651993,0.6263404,1,0.332265,0.8784018,1,0.3815451
IMG_0864.png,0.7880393,1,0.3890992,0.8493526,1,0.3907251,0.8794525,1,0.386627,0.9249161,1,0.3930591,0.8537111,1,0.3809654,0.9752357,1,0.3535278,0.9186524,1,0.4199676
IMG_0865.png,0.5030396,1,0.6063831,0.5183685,1,0.5932433,0.5179025,1,0.5765028,0.5398244,1,0.5892055,0.5264329,1,0.5736993,0.5849127,1,0.5420027,0.4953403,1,0.8326996
IMG_0872.png,0.4893616,1,0.5744681,0.4239065,1,0.6789798,0.4316288,1,0.6419758,0.439817,1,0.6569233,0.4122876,1,0.6350975,0.4436931,1,0.5912323,0.4350797,1,0.6798568
IMG_0873.png,0.4205608,1,0.7102804,0.4107862,1,0.7185336,0.4122189,1,0.7131147,0.4232831,1,0.7094557,0.4105537,1,0.7184766,0.4212109,1,0.7045015,0.4103365,1,0.7252591
IMG_0875.png,0.4420849,1,0.6785716,0.5982789,1,0.6050307,0.6949205,1,0.6134879,0.5370405,1,0.6367579,0.6983312,1,0.5511738,0.9209028,1,0.5689152,0.4731087,1,0.6302813
IMG_0876.png,0.5728158,1,0.5048544,0.4739004,1,0.8057114,0.4903624,1,0.7636058,0.4884343,1,0.7213128,0.4739781,1,0.7956446,0.5136802,1,0.6777672,0.5485631,1,0.9389907
IMG_0877.png,0.5714285,1,0.5170069,0.680233,1,0.9119358,0.606757,1,0.7627162,0.5990564,1,0.7609832,0.6096811,1,0.9077417,0.6090131,1,0.6299634,0.9951718,1,0.9975623
IMG_0878.png,0.4977272,1,0.6249998,0.4875609,1,0.6257174,0.5162474,1,0.6164728,0.5142436,1,0.6229061,0.4911759,1,0.6041751,0.562951,1,0.5757819,0.4097936,1,0.7064132
IMG_0881.png,0.438178,1,0.6832974,0.4513264,1,0.7477864,0.4467795,1,0.7254711,0.4740659,1,0.6742191,0.3902896,1,0.7795842,0.6002628,1,0.6768261,0.4434703,1,0.676001
IMG_0882.png,0.4803257,1,0.632293,0.4921981,1,0.6297485,0.494235,1,0.6416375,0.5226126,1,0.6261984,0.4940458,1,0.6235581,0.5143065,1,0.6198234,0.4353841,1,0.6914418
IMG_0883.png,0.4825931,1,0.6302521,0.5077201,1,0.6099295,0.4848156,1,0.6376832,0.5421649,1,0.6249689,0.5066268,1,0.6060238,0.5290675,1,0.6007693,0.8312782,1,0.6540194
IMG_0887.png,0.7259887,1,0.3474577,0.712446,1,0.3671435,0.6929767,1,0.3792032,0.7379867,1,0.3977523,0.7127415,1,0.3576065,0.6751171,1,0.400966,0.7591261,1,0.3110327
IMG_0888.png,0.712766,1,0.3865249,0.8197985,1,0.4693164,0.7357387,1,0.3833183,0.7777682,1,0.378642,0.7761936,1,0.3413183,0.7318341,1,0.3771627,0.9250235,1,0.6790662
IMG_0890.png,0.7569167,1,0.3656126,0.8212292,1,0.287497,0.7393036,1,0.3850914,0.8335463,1,0.3231783,0.7926982,1,0.3520648,0.7343609,1,0.3783021,0.8036276,1,0.3021366
IMG_0891.png,0.4484946,1,0.6576866,0.7355659,1,0.431843,0.6593721,1,0.5001324,0.6180235,1,0.5405625,0.7277086,1,0.3684367,0.6412029,1,0.4993387,0.7895329,1,0.4166522
IMG_0893.png,0.7799999,1,0.2933333,0.7994164,1,0.2969312,0.8347533,1,0.2864498,0.8680796,1,0.2838921,0.7995336,1,0.2951298,0.8167353,1,0.2945369,0.8165294,1,0.2982107
IMG_0894.png,0.8085756,1,0.3047473,0.8828218,1,0.2778316,0.8838797,1,0.2829143,0.8574535,1,0.295649,0.8308651,1,0.2891104,0.7965344,1,0.2814077,0.9057696,1,0.2965106
IMG_0900.png,0.7888283,1,0.3283379,0.7275716,1,0.2967393,0.6772072,1,0.3017329,0.8078994,1,0.3203587,0.4924676,1,0.2859159,0.6544652,1,0.2946507,0.8233165,1,0.3007595
IMG_0901.png,0.7647057,1,0.3398692,0.7943472,1,0.3552613,0.6580718,1,0.4317839,0.7011324,1,0.3918159,0.7173209,1,0.4670172,0.6558529,1,0.3529735,0.8246265,1,0.2435705
IMG_0902.png,0.7458563,1,0.3701657,0.7300052,1,0.4084509,0.6789242,1,0.4428637,0.7907608,1,0.3752338,0.7458537,1,0.3935343,0.7144514,1,0.4103187,0.7958513,1,0.3382625
