CubePlus_0003.tiff,0.4326898,1,0.6885457,0.4253698,1,0.7216782,0.4658454,1,0.6729667,0.5075084,1,0.6121006,0.4038888,1,0.7367359,0.4331102,1,0.7085959,0.79149,1,0.8489418
CubePlus_0009.tiff,0.4472295,1,0.6708443,0.6333609,1,0.7947871,0.4636561,1,0.6725387,0.4747304,1,0.6708078,0.4594692,1,0.6933177,0.4555437,1,0.6569993,0.9721711,1,0.9913374
CubePlus_0010.tiff,0.8366446,1,0.3316777,0.8457216,1,0.3255757,0.8544035,1,0.306732,0.8909259,1,0.3493305,0.8395546,1,0.3281424,0.8456601,1,0.3306615,0.8916044,1,0.3159769
CubePlus_0015.tiff,0.5707472,1,0.4324324,0.578058,1,0.4304838,0.5997971,1,0.4070099,0.612288,1,0.3961168,0.5781296,1,0.434231,0.5608479,1,0.4468271,0.6237171,1,0.4985142
CubePlus_0016.tiff,0.4279412,1,0.6995098,0.7779628,1,0.9963708,0.6920096,1,0.8974002,0.582599,1,0.7731751,0.7916873,1,0.9976851,0.6810942,1,0.8861731,0.8213401,1,0.999292
CubePlus_0017.tiff,0.4439737,1,0.6689261,0.5233987,1,0.8749266,0.5050929,1,0.7899275,0.50363,1,0.7163402,0.5245981,1,0.8768785,0.4922118,1,0.7197885,0.5853284,1,0.9268868
CubePlus_0022.tiff,0.4272396,1,0.6852452,0.4659217,1,0.6080835,0.4743889,1,0.5305837,0.4426554,1,0.4860919,0.4814289,1,0.6143513,0.4665565,1,0.48336,0.4807772,1,0.7097165
CubePlus_0023.tiff,0.430622,1,0.7001595,0.4495791,1,0.6605396,0.4737484,1,0.6266461,0.4723705,1,0.6441764,0.4510039,1,0.6580905,0.4476128,1,0.6473916,0.4741677,1,0.6242444
CubePlus_0024.tiff,0.4283395,1,0.6943061,0.8460152,1,0.9791938,0.6744255,1,0.8284641,0.5662928,1,0.6855587,0.8553022,1,0.9786096,0.6283984,1,0.6510835,0.9250175,1,1.003549
CubePlus_0025.tiff,0.8520746,1,0.3265183,0.8780795,1,0.3186361,0.8745193,1,0.3159451,0.8852323,1,0.33309,0.8714692,1,0.3209048,0.927425,1,0.3153587,1.045815,1,0.32695
CubePlus_0029.tiff,0.3654958,1,0.8159182,0.3880649,1,0.7963127,0.4315263,1,0.6816305,0.4265471,1,0.711682,0.4014201,1,0.7874079,0.4448836,1,0.6702414,0.5483119,1,0.8300348
CubePlus_0038.tiff,0.4029364,1,0.776509,0.4407341,1,0.7112033,0.3962342,1,0.7861744,0.4144219,1,0.766199,0.4303392,1,0.7385826,0.4140368,1,0.7535421,0.4670514,1,0.6645241
CubePlus_0040.tiff,0.8219026,1,0.3399705,0.8277315,1,0.3551727,0.8397916,1,0.3343375,0.8692711,1,0.3265017,0.8254271,1,0.3703011,0.8549576,1,0.3501548,0.8237231,1,0.3416839
CubePlus_0046.tiff,0.4304933,1,0.7395366,0.4484949,1,0.77013,0.4391793,1,0.7016554,0.4837454,1,0.6555998,0.4145823,1,0.7466488,0.5177869,1,0.6082986,0.6207663,1,0.964917
CubePlus_0047.tiff,0.4395893,1,0.6800382,0.425514,1,0.7106234,0.4398603,1,0.7323844,0.4718887,1,0.655155,0.4252802,1,0.7101548,0.4441615,1,0.667615,0.606705,1,0.8607422
CubePlus_0050.tiff,0.8313856,1,0.3338898,0.9162805,1,0.4109793,0.8453229,1,0.3423606,0.8316358,1,0.3556409,0.8715012,1,0.3719076,0.8552143,1,0.3430837,0.9982067,1,0.9220523
CubePlus_0059.tiff,0.4363296,1,0.6985019,0.4319831,1,0.6950859,0.4396948,1,0.6851798,0.4357664,1,0.694612,0.4327436,1,0.6919185,0.4345021,1,0.6886515,0.4331556,1,0.7009533
CubePlus_0061.tiff,0.4310222,1,0.7058613,0.414844,1,0.7362375,0.4568392,1,0.6500109,0.458081,1,0.6342527,0.4018942,1,0.7546474,0.4166851,1,0.7616715,0.451429,1,0.662928
CubePlus_0069.tiff,0.4356223,1,0.702432,0.4194687,1,0.7391467,0.4158888,1,0.7198087,0.441899,1,0.6859844,0.4088621,1,0.7411669,0.4559653,1,0.6714976,0.4688316,1,0.6866082
CubePlus_0074.tiff,0.4222481,1,0.728014,0.5219348,1,0.5866769,0.5820944,1,0.5551483,0.4868545,1,0.6002602,0.5677885,1,0.5744028,0.5214006,1,0.5991873,0.4708503,1,0.6000163
CubePlus_0079.tiff,0.4111897,1,0.7433444,0.562742,1,0.9537683,0.5356683,1,0.9366613,0.5355701,1,0.9058672,0.5715347,1,0.9667191,0.5071049,1,0.8548608,0.8063524,1,1.002922
CubePlus_0081.tiff,0.4423839,1,0.675009,0.4217264,1,0.7766067,0.4340373,1,0.7125127,0.4654673,1,0.6358924,0.3854447,1,0.799171,0.4092201,1,0.7245723,0.7416818,1,0.9810498
CubePlus_0082.tiff,0.4235016,1,0.7190457,0.422854,1,0.7219986,0.4457181,1,0.7172113,0.4503294,1,0.7262055,0.4136814,1,0.729102,0.4406162,1,0.7030126,0.4648261,1,0.6177216
CubePlus_0086.tiff,0.5025641,1,0.5948718,0.5443132,1,0.5424241,0.5819546,1,0.5249622,0.5739,1,0.4931886,0.5403362,1,0.553008,0.5316047,1,0.5483968,0.5477476,1,0.5370845
CubePlus_0087.tiff,0.422352,1,0.7061053,0.6795128,1,0.7705141,0.6485017,1,0.6061209,0.5767628,1,0.657923,0.6260504,1,0.7332553,0.5487121,1,0.6330824,0.9848134,1,0.9918091
CubePlus_0088.tiff,0.4309165,1,0.7168263,0.4290099,1,0.7049186,0.4398382,1,0.6698775,0.4427714,1,0.6665906,0.4277598,1,0.7077803,0.425897,1,0.7108029,0.4471607,1,0.6731305
CubePlus_0089.tiff,0.4369323,1,0.677475,0.4746617,1,0.8008916,0.4670553,1,0.7538231,0.5102756,1,0.7126844,0.4459077,1,0.7891311,0.4583556,1,0.6922488,0.8141583,1,0.9841412
CubePlus_0090.tiff,0.5522388,1,0.5053305,0.5951065,1,0.4550137,0.5742988,1,0.465884,0.585672,1,0.4652775,0.6018053,1,0.4414487,0.6099491,1,0.4359017,0.5578666,1,0.5140356
CubePlus_0092.tiff,0.3986569,1,0.7629223,0.5628899,1,0.7736461,0.5246278,1,0.7364685,0.5249091,1,0.7388613,0.5665204,1,0.764069,0.5271165,1,0.7036024,0.9304667,1,0.9623363
CubePlus_0096.tiff,0.4289919,1,0.7078734,0.4255621,1,0.7033803,0.424387,1,0.7063527,0.4288023,1,0.7013836,0.4286452,1,0.7033895,0.4416297,1,0.6872146,0.4159502,1,0.7062977
CubePlus_0099.tiff,0.432497,1,0.7001195,0.4419189,1,0.7118946,0.4345612,1,0.7306134,0.4493339,1,0.7092876,0.4270762,1,0.6973098,0.4408236,1,0.675001,0.8862819,1,0.9823436
CubePlus_0101.tiff,0.4441536,1,0.680192,0.4670091,1,0.6348256,0.4794499,1,0.6275298,0.4838471,1,0.6233195,0.4697376,1,0.6265531,0.5074798,1,0.5940945,0.4487632,1,0.639403
CubePlus_0104.tiff,0.4362495,1,0.6904669,0.4575534,1,0.672365,0.4816438,1,0.6225424,0.4727427,1,0.636386,0.4563275,1,0.6807801,0.4792112,1,0.6287812,0.6525074,1,0.6964166
CubePlus_0105.tiff,0.5713867,1,0.4423923,0.6357724,1,0.4996357,0.6193048,1,0.4277846,0.6350488,1,0.4290669,0.62392,1,0.441507,0.6185775,1,0.4240289,1.012364,1,1.017311
CubePlus_0106.tiff,0.4318182,1,0.7041322,0.4285959,1,0.714412,0.4340605,1,0.6905573,0.4364705,1,0.6867822,0.4249439,1,0.7056366,0.4570327,1,0.6637464,0.4673056,1,0.781823
CubePlus_0110.tiff,0.8267394,1,0.3396999,0.8639281,1,0.3315948,0.893886,1,0.3073743,0.9444826,1,0.3098473,0.8503059,1,0.3340099,0.9258671,1,0.3042177,0.8725562,1,0.3424697
CubePlus_0112.tiff,0.4389937,1,0.6893082,0.4451935,1,0.6860477,0.4653818,1,0.6475211,0.471076,1,0.6396002,0.44301,1,0.6787802,0.4872698,1,0.5982757,0.426697,1,0.69263
CubePlus_0114.tiff,0.4324184,1,0.6872087,0.4267148,1,0.7444216,0.4332561,1,0.7033168,0.3845431,1,0.7977834,0.4355822,1,0.7120124,0.4513052,1,0.6916783,0.4446515,1,0.7947524
CubePlus_0115.tiff,0.5917313,1,0.4418605,0.600271,1,0.4388817,0.5785286,1,0.4510973,0.600615,1,0.4644133,0.602593,1,0.4350983,0.6014343,1,0.4390809,0.601626,1,0.4553208
CubePlus_0116.tiff,0.4307282,1,0.6998224,0.4330273,1,0.6900571,0.4264333,1,0.6863463,0.444872,1,0.6774885,0.4323666,1,0.6872991,0.4400194,1,0.6768491,0.8350992,1,0.7090219
CubePlus_0120.tiff,0.4480481,1,0.5891892,0.4702137,1,0.5391925,0.4757123,1,0.6048405,0.501408,1,0.6508088,0.4714467,1,0.5089724,0.465567,1,0.4504724,0.5300528,1,0.8441314
CubePlus_0129.tiff,0.4083272,1,0.7129291,0.3981629,1,0.7411422,0.4209083,1,0.6951495,0.4365927,1,0.70564,0.3988463,1,0.7409437,0.3982742,1,0.7389685,0.4180602,1,0.7200964
CubePlus_0132.tiff,0.4404873,1,0.6963449,0.6610894,1,0.9241299,0.5911645,1,0.8571899,0.4976281,1,0.7810915,0.6593649,1,0.9269755,0.5230912,1,0.7542422,0.8023823,1,0.9926672
CubePlus_0133.tiff,0.440419,1,0.6774334,0.5002157,1,0.609322,0.4927547,1,0.6168701,0.5199661,1,0.6064482,0.5097988,1,0.5971578,0.5034218,1,0.6029041,0.4508477,1,0.6472707
CubePlus_0134.tiff,0.4369543,1,0.686343,0.4256337,1,0.708278,0.441802,1,0.6963549,0.4764026,1,0.6427595,0.4219165,1,0.7089773,0.428326,1,0.6890085,0.8433513,1,0.8019489
CubePlus_0138.tiff,0.3712429,1,0.8237206,0.4104725,1,0.762474,0.4157985,1,0.7510368,0.4107473,1,0.7584259,0.4190817,1,0.7425159,0.434233,1,0.7224648,0.3728746,1,0.8130157
CubePlus_0141.tiff,0.4285714,1,0.6964803,0.7752266,1,0.9597712,0.550781,1,0.7207701,0.5187629,1,0.6195604,0.7702128,1,0.9692488,0.5012235,1,0.6750046,0.8927233,1,1.006875
CubePlus_0146.tiff,0.3761755,1,0.8171369,0.3589813,1,0.845528,0.3723764,1,0.8223551,0.3836652,1,0.7890655,0.3468925,1,0.8548466,0.3974167,1,0.7627436,0.3553307,1,0.8553375
CubePlus_0147.tiff,0.4734556,1,0.6655405,0.5481263,1,0.6423755,0.5050977,1,0.6579646,0.5360317,1,0.6117797,0.52116,1,0.6119956,0.5289228,1,0.6087566,0.6785489,1,0.5789124
CubePlus_0151.tiff,0.427833,1,0.7029821,0.5387294,1,0.8850285,0.4705533,1,0.75758,0.4437027,1,0.705505,0.5355438,1,0.8765467,0.5012157,1,0.6861609,0.5929399,1,0.9615659
CubePlus_0153.tiff,0.4503976,1,0.6563416,0.5867504,1,0.7245688,0.4857823,1,0.6378392,0.4879768,1,0.6528654,0.4746587,1,0.6290463,0.4706796,1,0.6492306,0.9599616,1,0.9697201
CubePlus_0155.tiff,0.8243126,1,0.3380598,0.8801959,1,0.4085134,0.838716,1,0.3372087,0.8551675,1,0.3517731,0.83054,1,0.3306581,0.8631808,1,0.3306575,0.9971793,1,0.5876911
CubePlus_0159.tiff,0.4488395,1,0.6570775,0.4545598,1,0.6300718,0.4622791,1,0.619814,0.4512134,1,0.5815126,0.4457266,1,0.6397229,0.5220654,1,0.5711412,0.5255583,1,0.6642298
CubePlus_0160.tiff,0.5776805,1,0.4507659,0.642794,1,0.5075922,0.5963964,1,0.4157398,0.605651,1,0.4303898,0.5820345,1,0.4424785,0.6188601,1,0.4089991,0.9839365,1,0.9392601
CubePlus_0162.tiff,0.4343857,1,0.6934196,0.5384136,1,0.6149212,0.4499472,1,0.7039159,0.4534027,1,0.6645981,0.5834694,1,0.5540155,0.5941129,1,0.4324716,0.45685,1,0.6438182
CubePlus_0165.tiff,0.7711313,1,0.2977893,0.7797874,1,0.3062837,0.7892104,1,0.2936932,0.7986727,1,0.2906227,0.7725299,1,0.3202211,0.7812142,1,0.2969199,0.7840613,1,0.3073899
CubePlus_0169.tiff,0.4334471,1,0.6979522,0.4371103,1,0.6952696,0.4054455,1,0.7108289,0.431514,1,0.6909526,0.4363241,1,0.6951975,0.4625591,1,0.6730412,0.4363325,1,0.7019992
CubePlus_0170.tiff,0.7605042,1,0.2920168,0.7866062,1,0.291468,0.7259325,1,0.3680362,0.8081661,1,0.3660257,0.7822609,1,0.2984319,0.7896459,1,0.2821847,0.7794699,1,0.2694071
CubePlus_0173.tiff,0.4298569,1,0.6841255,0.7129383,1,0.9773416,0.8215506,1,0.9286643,0.8543401,1,0.8121356,0.6962704,1,0.9838628,0.6195131,1,0.8784788,0.9817578,1,1.007983
CubePlus_0175.tiff,0.8250401,1,0.3418941,0.8869849,1,0.4505876,0.8272025,1,0.3202367,0.8453642,1,0.3815129,0.8472994,1,0.3355745,0.8766958,1,0.3233299,0.9880226,1,0.6252776
CubePlus_0180.tiff,0.4841629,1,0.5399698,0.6910034,1,0.3095941,0.6077814,1,0.3291445,0.6281023,1,0.3432115,0.6951969,1,0.3080208,0.7026897,1,0.3030072,0.6133909,1,0.3517742
CubePlus_0181.tiff,0.3463035,1,0.8728923,0.4569997,1,0.6895227,0.4364608,1,0.7034915,0.4125239,1,0.7407444,0.4664748,1,0.6819174,0.4429442,1,0.6957701,0.3734162,1,0.7932427
CubePlus_0187.tiff,0.4343003,1,0.6988055,0.4278489,1,0.7036443,0.422578,1,0.7172671,0.4471738,1,0.6953837,0.4281397,1,0.7042174,0.4350489,1,0.6886684,0.4344244,1,0.7157128
CubePlus_0188.tiff,0.4454592,1,0.6681887,0.4546724,1,0.68354,0.4669027,1,0.6672708,0.4122637,1,0.6795185,0.5503434,1,0.6100083,0.5404216,1,0.598585,0.4549487,1,0.7279741
CubePlus_0189.tiff,0.4369369,1,0.7072072,0.431042,1,0.7144444,0.4656389,1,0.6356573,0.462613,1,0.6488115,0.4309352,1,0.7151875,0.4417412,1,0.6921003,0.4361259,1,0.7177343
CubePlus_0190.tiff,0.5801717,1,0.4267516,0.5979408,1,0.3901182,0.6136899,1,0.3505958,0.6168583,1,0.3809172,0.5934772,1,0.3982526,0.6000859,1,0.3829711,0.6107224,1,0.4454274
CubePlus_0192.tiff,0.4311111,1,0.6995556,0.4277973,1,0.7003569,0.429669,1,0.6933464,0.4561558,1,0.6659392,0.4255301,1,0.7036373,0.433216,1,0.7012238,0.4597504,1,0.6259593
CubePlus_0195.tiff,0.8079096,1,0.2740113,0.8321468,1,0.259228,0.5971043,1,0.2728184,0.748036,1,0.4169071,0.8361208,1,0.2563158,0.8443479,1,0.2572504,0.7813319,1,0.3080228
CubePlus_0196.tiff,0.4686684,1,0.6644909,0.5455058,1,0.774033,0.4227245,1,0.7303138,0.5054751,1,0.6477782,0.3686281,1,0.8052559,0.408502,1,0.7433768,0.9382721,1,0.57746
CubePlus_0204.tiff,0.4391566,1,0.689759,0.5768794,1,0.4685164,0.5890467,1,0.4803498,0.5610104,1,0.466451,0.5667986,1,0.4653779,0.5706665,1,0.5784954,0.55191,1,0.6399766
CubePlus_0214.tiff,0.3854962,1,0.8034351,0.4627293,1,0.673521,0.4405974,1,0.6842595,0.4461466,1,0.6933656,0.4568472,1,0.6768033,0.4386048,1,0.6959633,0.5368966,1,0.673247
CubePlus_0215.tiff,0.8238512,1,0.3378009,0.8416563,1,0.3320662,0.8343838,1,0.3456541,0.8490555,1,0.346608,0.8304378,1,0.3321481,0.8438988,1,0.3275447,1.005033,1,0.4124215
CubePlus_0216.tiff,0.4414029,1,0.685201,0.4428048,1,0.697446,0.4418047,1,0.6908057,0.443394,1,0.6715964,0.4311928,1,0.7448438,0.4552472,1,0.6728749,0.548044,1,0.6972834
CubePlus_0219.tiff,0.4331723,1,0.7012882,0.4458926,1,0.6991493,0.4345306,1,0.7143331,0.4353186,1,0.6987796,0.4637398,1,0.6774257,0.4738664,1,0.6523198,0.3971191,1,0.7816928
CubePlus_0221.tiff,0.4355828,1,0.690184,0.4365117,1,0.6994147,0.4548192,1,0.6646796,0.45411,1,0.6648359,0.4315004,1,0.7012624,0.4601188,1,0.6521228,0.6061093,1,0.5875055
CubePlus_0222.tiff,0.3661485,1,0.835924,0.480522,1,0.6218585,0.4920986,1,0.6033604,0.4490075,1,0.6522056,0.4899794,1,0.6032546,0.4812688,1,0.6153642,0.4686284,1,0.6129245
CubePlus_0228.tiff,0.4555556,1,0.6603175,0.5009749,1,0.6031026,0.505311,1,0.5823637,0.5001918,1,0.6037193,0.4981099,1,0.6005633,0.4957758,1,0.6021211,0.5932764,1,0.7195656
CubePlus_0231.tiff,0.4261207,1,0.7144438,0.465916,1,0.6380527,0.4639728,1,0.6595397,0.4613761,1,0.6553442,0.4671859,1,0.635613,0.4635243,1,0.5752845,0.4443477,1,0.6784055
CubePlus_0232.tiff,0.4468085,1,0.6571195,0.4968342,1,0.6843029,0.5338281,1,0.6053032,0.5275456,1,0.4210528,0.5088073,1,0.7495391,0.4638489,1,0.5573403,0.4778232,1,0.5003368
CubePlus_0237.tiff,0.37598,1,0.7968639,0.39505,1,0.7549991,0.3918395,1,0.7563835,0.40565,1,0.750572,0.3951609,1,0.7546034,0.4065489,1,0.732515,0.3808256,1,0.8051853
CubePlus_0238.tiff,0.4430076,1,0.6819923,0.7450287,1,0.492516,0.9000018,1,0.5448629,0.5762562,1,0.5078885,0.8880605,1,0.4896855,0.5405816,1,0.4342503,0.4890672,1,0.5456427
CubePlus_0240.tiff,0.8299913,1,0.3360941,0.8801183,1,0.3164119,0.7836156,1,0.3193682,0.9265901,1,0.3620009,0.8781385,1,0.313749,0.9219808,1,0.3174169,0.8670715,1,0.3333654
CubePlus_0241.tiff,0.4359174,1,0.6945851,0.6715556,1,0.8859966,0.5344554,1,0.7211335,0.5151668,1,0.6940794,0.5995634,1,0.8495061,0.4945588,1,0.5954567,0.968038,1,0.9839689
CubePlus_0245.tiff,1.053136,1,0.1829268,1.040756,1,0.1999259,1.064397,1,0.1614362,1.068809,1,0.1744726,1.027199,1,0.2085051,1.042969,1,0.2115739,1.11524,1,0.1816301
CubePlus_0247.tiff,0.4286501,1,0.69146,0.4439643,1,0.6774434,0.4350836,1,0.6839041,0.4510662,1,0.5919892,0.4381501,1,0.6198858,0.4405359,1,0.5390694,0.5111394,1,0.8696554
CubePlus_0249.tiff,0.4430185,1,0.6714579,0.4421991,1,0.6811745,0.4373991,1,0.6793055,0.4789013,1,0.6289602,0.4465286,1,0.670345,0.5310368,1,0.5985961,0.4304953,1,0.7078432
CubePlus_0251.tiff,0.4245754,1,0.7192807,0.4225681,1,0.7094965,0.418238,1,0.7203754,0.4296592,1,0.7059697,0.4207405,1,0.7084988,0.4438935,1,0.6921939,0.4172822,1,0.7110774
CubePlus_0253.tiff,0.4329775,1,0.7135231,0.4214593,1,0.7289929,0.4208926,1,0.7214453,0.4213355,1,0.7180783,0.4354717,1,0.7146932,0.4644054,1,0.6692924,0.4274949,1,0.7833473
CubePlus_0257.tiff,0.4387097,1,0.7,0.4278312,1,0.7183594,0.4430411,1,0.6842683,0.4375262,1,0.693776,0.4270618,1,0.7212276,0.4312958,1,0.7144129,0.4492993,1,0.7004857
CubePlus_0263.tiff,0.4304697,1,0.691638,0.5211146,1,0.6014928,0.5902635,1,0.4707383,0.5120142,1,0.4383708,0.5191183,1,0.5363855,0.6162174,1,0.4539188,0.4825513,1,0.7569151
CubePlus_0266.tiff,0.4350821,1,0.6931637,0.4707486,1,0.645929,0.4623864,1,0.6520262,0.4761011,1,0.63347,0.4671862,1,0.6649265,0.5057631,1,0.5985544,0.4192427,1,0.6972972
CubePlus_0267.tiff,0.450853,1,0.6639589,0.4869428,1,0.6685328,0.4539001,1,0.6595475,0.4643389,1,0.6673262,0.5227528,1,0.6632519,0.542854,1,0.6250629,0.4898742,1,0.736701
CubePlus_0270.tiff,0.4489437,1,0.584507,0.4788204,1,0.5583024,0.4646665,1,0.5513317,0.4804928,1,0.5765766,0.4678895,1,0.5378967,0.4869465,1,0.5386301,0.7116624,1,0.7982669
CubePlus_0272.tiff,0.3560177,1,0.8304978,0.3900205,1,0.7479203,0.400691,1,0.7420658,0.3996,1,0.744148,0.3918329,1,0.7464299,0.41484,1,0.7191728,0.3831507,1,0.7647254
CubePlus_0276.tiff,0.3827105,1,0.7955876,0.4191463,1,0.7532753,0.424779,1,0.7276973,0.3615931,1,0.7667744,0.4354681,1,0.7521869,0.4371705,1,0.7442461,0.3933634,1,0.7881317
CubePlus_0277.tiff,0.3932489,1,0.7662447,0.3940777,1,0.7633496,0.3951292,1,0.7453202,0.400909,1,0.7513902,0.3915764,1,0.7694335,0.4045174,1,0.740403,0.3872728,1,0.7846048
CubePlus_0280.tiff,0.5704348,1,0.4478261,0.7579638,1,0.6406176,0.6294516,1,0.5584614,0.6044239,1,0.5908369,0.6709908,1,0.5669166,0.3838984,1,0.49539,1.000195,1,1.002296
CubePlus_0283.tiff,0.4419268,1,0.6747547,0.4263774,1,0.7512452,0.4426504,1,0.7073545,0.4777631,1,0.6835024,0.3995189,1,0.7736426,0.4080824,1,0.7298403,0.9638774,1,1.006012
CubePlus_0284.tiff,0.4351483,1,0.6963258,0.4241096,1,0.7052172,0.4416913,1,0.6870574,0.4529423,1,0.6709806,0.4238389,1,0.7064102,0.420662,1,0.7058187,0.4482754,1,0.6795577
CubePlus_0289.tiff,0.4389457,1,0.6917698,0.4492009,1,0.7016293,0.4867303,1,0.6734088,0.471692,1,0.6593698,0.4330496,1,0.7313562,0.5050984,1,0.6510072,0.5077418,1,0.7281365
CubePlus_0290.tiff,0.4442421,1,0.5571234,0.4496607,1,0.5066022,0.4556885,1,0.4822439,0.4538989,1,0.5066355,0.4541349,1,0.4986482,0.4633386,1,0.4910804,0.4868754,1,0.4931451
CubePlus_0293.tiff,0.4215432,1,0.7244951,0.4890096,1,0.7440236,0.4923126,1,0.6950886,0.5123142,1,0.6764869,0.4698418,1,0.7414533,0.4596354,1,0.6963325,0.8331272,1,0.9989704
CubePlus_0299.tiff,0.4572491,1,0.6505576,0.478574,1,0.6050193,0.4773659,1,0.6079784,0.4846273,1,0.6089561,0.4795598,1,0.6067363,0.4902338,1,0.605427,0.4739052,1,0.6047545
CubePlus_0306.tiff,0.4299101,1,0.697074,0.7127594,1,0.9608652,0.610174,1,0.8631245,0.5810972,1,0.8041239,0.7394481,1,0.9872426,0.5807524,1,0.8149769,0.8178709,1,0.9924731
CubePlus_0312.tiff,0.3977541,1,0.7647754,0.4553582,1,0.6940045,0.4487576,1,0.6762105,0.4618672,1,0.6815683,0.4518282,1,0.6836061,0.4701852,1,0.633073,0.6987381,1,0.8370476
CubePlus_0314.tiff,0.4253394,1,0.7158371,0.4651938,1,0.6640071,0.4252084,1,0.7119551,0.4293721,1,0.695578,0.4734961,1,0.652024,0.4810788,1,0.624298,0.4083488,1,0.8070397
CubePlus_0323.tiff,0.4390787,1,0.6931649,0.4387329,1,0.6902434,0.4393109,1,0.6897241,0.4489234,1,0.6793879,0.4444793,1,0.6936082,0.4516533,1,0.6867957,0.4256831,1,0.6995019
CubePlus_0324.tiff,0.4055786,1,0.7421787,0.4432053,1,0.6609584,0.4482313,1,0.6433264,0.44176,1,0.6835943,0.4261041,1,0.6797635,0.4603719,1,0.6406831,0.4417227,1,0.6706492
CubePlus_0330.tiff,0.4632258,1,0.5692903,0.5059765,1,0.5551315,0.5102673,1,0.488949,0.4975789,1,0.5050883,0.5190814,1,0.5057879,0.5339632,1,0.4247399,0.6935993,1,0.910973
CubePlus_0332.tiff,0.4248927,1,0.7253219,0.4278387,1,0.7116115,0.4306395,1,0.7050826,0.4289272,1,0.7105225,0.4290207,1,0.7101637,0.4267611,1,0.7132357,0.4404417,1,0.7045306
CubePlus_0334.tiff,0.4290152,1,0.7048773,0.4926588,1,0.8162313,0.5164743,1,0.82959,0.5081761,1,0.8050004,0.4910323,1,0.8200532,0.4828594,1,0.7593343,0.6055214,1,0.9560768
CubePlus_0336.tiff,0.3971916,1,0.7642929,0.482844,1,0.641496,0.4763301,1,0.6455001,0.4920835,1,0.6081708,0.4980852,1,0.6196229,0.4826504,1,0.6216057,0.4074907,1,0.7444055
CubePlus_0337.tiff,0.4441605,1,0.6580629,0.5178024,1,0.6781317,0.5193912,1,0.7177732,0.5192907,1,0.6159996,0.5447611,1,0.7590371,0.4572024,1,0.7176863,0.6134918,1,0.8580499
CubePlus_0339.tiff,0.4328628,1,0.6996019,0.4708626,1,0.6453251,0.4698952,1,0.6489008,0.4762664,1,0.6490512,0.4885453,1,0.6397748,0.4893991,1,0.634551,0.4193736,1,0.7233664
CubePlus_0340.tiff,0.829575,1,0.3334779,0.8405392,1,0.3278668,0.8465773,1,0.3289519,0.8647959,1,0.351013,0.8395651,1,0.3288452,0.8385396,1,0.3257472,0.8484944,1,0.378102
CubePlus_0343.tiff,0.4188034,1,0.6991453,0.4320676,1,0.6914586,0.3940659,1,0.7105036,0.3941668,1,0.7118979,0.437497,1,0.6959829,0.4478916,1,0.6892958,0.4460221,1,0.6460087
CubePlus_0346.tiff,0.4368378,1,0.6909128,0.4098102,1,0.7220777,0.4069487,1,0.7493074,0.414557,1,0.7150064,0.4136475,1,0.7135568,0.4182496,1,0.6921377,0.3649087,1,0.7950912
CubePlus_0350.tiff,1.034884,1,0.2,1.097541,1,0.1384663,1.092078,1,0.1203944,1.141644,1,0.2140813,1.096086,1,0.1382969,1.097435,1,0.1396285,1.129708,1,0.164047
CubePlus_0352.tiff,0.4303927,1,0.7047425,0.4282056,1,0.7045207,0.4538122,1,0.6932097,0.4305913,1,0.6611137,0.4337106,1,0.7062719,0.4535499,1,0.6776602,0.4270164,1,0.7203488
CubePlus_0356.tiff,0.4402291,1,0.6743021,0.5180912,1,0.5447814,0.5010578,1,0.532508,0.4759411,1,0.5181751,0.5189943,1,0.5424104,0.4935714,1,0.5040752,0.5072305,1,0.589487
CubePlus_0357.tiff,0.4306569,1,0.6993613,0.4274378,1,0.6968915,0.4464101,1,0.6686953,0.4861083,1,0.6347416,0.4279831,1,0.6966792,0.4357753,1,0.6650197,0.4388068,1,0.6929374
CubePlus_0358.tiff,0.4312896,1,0.7082453,0.4507624,1,0.6605953,0.4724144,1,0.6200155,0.4769926,1,0.6077388,0.4493047,1,0.6648014,0.4500624,1,0.6537733,0.4770102,1,0.6449775
CubePlus_0360.tiff,0.596662,1,0.4137691,0.61896,1,0.4440019,0.6474857,1,0.4251441,0.6232495,1,0.5264184,0.6246952,1,0.424414,0.546041,1,0.4810006,0.5919226,1,0.4241115
CubePlus_0363.tiff,0.409001,1,0.7631058,0.487121,1,0.6532316,0.4602733,1,0.6598999,0.4799811,1,0.6794908,0.4958904,1,0.6131469,0.5158469,1,0.6345796,0.5967678,1,0.8255224
CubePlus_0368.tiff,0.426009,1,0.6973094,0.4728954,1,0.4549559,0.4820562,1,0.4394938,0.4893059,1,0.4814583,0.4526178,1,0.4383113,0.4806212,1,0.4496325,0.4842325,1,0.597562
CubePlus_0377.tiff,0.4236364,1,0.7254545,0.4460489,1,0.6866593,0.4403861,1,0.6969552,0.443469,1,0.6872988,0.4395865,1,0.6920025,0.433151,1,0.6764221,0.4965711,1,0.5993586
CubePlus_0378.tiff,0.3897959,1,0.7714286,0.3915394,1,0.7667086,0.4254789,1,0.7461828,0.3862245,1,0.7995227,0.3921055,1,0.7684853,0.3829354,1,0.7706877,0.3959854,1,0.7863293
CubePlus_0383.tiff,0.4360204,1,0.6874438,0.4437991,1,0.6461334,0.4640668,1,0.4342291,0.5414674,1,0.3875914,0.5247921,1,0.6182001,0.6830608,1,0.4856057,0.4289136,1,0.6850137
CubePlus_0384.tiff,0.3670134,1,0.8122833,0.5710543,1,0.7727111,0.6464984,1,0.8732434,0.4669765,1,0.7648815,0.5794498,1,0.7704072,0.5230128,1,0.7458975,0.819974,1,0.988866
CubePlus_0395.tiff,0.8277989,1,0.3372865,0.8115166,1,0.3922339,0.8393165,1,0.3970856,0.8606959,1,0.3593968,0.8667596,1,0.4115874,0.9079849,1,0.4143947,0.8210892,1,0.3994659
CubePlus_0397.tiff,0.4314096,1,0.6967833,0.9721353,1,0.9852092,0.6909224,1,0.7246297,0.5424631,1,0.60683,0.9824766,1,0.9899743,0.6649321,1,0.6867615,0.9912053,1,1.003991
CubePlus_0398.tiff,0.434421,1,0.7044146,0.4284605,1,0.7083533,0.4374002,1,0.696071,0.4393993,1,0.6909275,0.4287746,1,0.7088058,0.4488379,1,0.6847691,0.4267774,1,0.7167125
CubePlus_0401.tiff,0.3637335,1,0.8194148,0.4529702,1,0.6475988,0.439525,1,0.6094798,0.4134272,1,0.6079567,0.4777334,1,0.6154058,0.4517899,1,0.5745793,0.3834272,1,0.8125537
CubePlus_0406.tiff,0.4141964,1,0.7340223,0.7920408,1,0.9749851,1.312666,1,1.023076,1.784705,1,1.030022,0.8128606,1,0.9798544,0.6893474,1,0.9319238,0.9807523,1,0.989729
CubePlus_0410.tiff,0.6116505,1,0.394822,0.6284227,1,0.4081423,0.4771802,1,0.4355882,0.4819585,1,0.4148112,0.6823316,1,0.4119536,0.7639147,1,0.3601386,0.5970693,1,0.4097274
CubePlus_0413.tiff,0.4258335,1,0.7028091,0.5337778,1,0.8261337,0.5021389,1,0.7206639,0.5628037,1,0.6016768,0.5575877,1,0.8615004,0.5300338,1,0.6322485,0.6080994,1,0.9352223
CubePlus_0414.tiff,0.4363002,1,0.6989529,0.428863,1,0.6940661,0.4281981,1,0.6969208,0.4385699,1,0.685127,0.4504586,1,0.6823212,0.4788583,1,0.6554,0.4238185,1,0.6964184
CubePlus_0416.tiff,0.3957307,1,0.7881773,0.5076298,1,0.5901391,0.539107,1,0.5522053,0.5083918,1,0.5632278,0.5483753,1,0.5198097,0.5350874,1,0.5304047,0.4499571,1,0.6666047
CubePlus_0425.tiff,0.830721,1,0.3322884,0.8404483,1,0.3242803,0.8095561,1,0.338688,0.8835797,1,0.3910693,0.8400838,1,0.3235945,0.8670009,1,0.313369,0.8308341,1,0.3257145
CubePlus_0427.tiff,0.4624226,1,0.6410256,0.5469075,1,0.5377173,0.5552461,1,0.5408713,0.5298019,1,0.5718637,0.552618,1,0.5308815,0.5500178,1,0.5299716,0.4745525,1,0.5809276
CubePlus_0431.tiff,0.4203368,1,0.7273316,0.4210816,1,0.7237572,0.4084488,1,0.7193424,0.4347661,1,0.6912481,0.4226559,1,0.724453,0.4364873,1,0.7081738,0.4247441,1,0.7026667
CubePlus_0432.tiff,0.3783955,1,0.7997473,0.414057,1,0.7336758,0.4025723,1,0.7314541,0.3983242,1,0.7604201,0.4171677,1,0.7298955,0.4203304,1,0.7235523,0.3734793,1,0.806754
CubePlus_0433.tiff,0.420299,1,0.7252053,0.4784293,1,0.6029763,0.5064449,1,0.6022101,0.4885583,1,0.599719,0.4767237,1,0.6046567,0.490438,1,0.5785532,0.4742236,1,0.6152859
CubePlus_0435.tiff,0.8260382,1,0.3378227,0.8658994,1,0.3745853,0.8685277,1,0.311784,0.8792473,1,0.3398733,0.8541701,1,0.325247,0.8325843,1,0.3402994,0.9362551,1,0.6112137
CubePlus_0439.tiff,0.4167939,1,0.7165394,0.4327501,1,0.7206065,0.4305203,1,0.7043507,0.388281,1,0.771115,0.4676107,1,0.6595551,0.4275771,1,0.7020534,0.3413871,1,0.8232501
CubePlus_0447.tiff,0.3892337,1,0.7565283,0.5958788,1,0.9377059,0.3998045,1,0.7968867,0.4152777,1,0.8202856,0.4571634,1,0.8758496,0.3883532,1,0.7224434,0.9527601,1,0.9932165
CubePlus_0449.tiff,0.4361834,1,0.7013631,0.394212,1,0.7851778,0.3979494,1,0.7746967,0.4410417,1,0.7007857,0.3977783,1,0.7790165,0.3988195,1,0.770039,0.4242877,1,0.7207997
CubePlus_0454.tiff,0.4338782,1,0.7072808,0.4316997,1,0.6875767,0.4205584,1,0.6801277,0.4379861,1,0.6866281,0.4355023,1,0.6878609,0.4529425,1,0.6736497,0.428749,1,0.700931
CubePlus_0459.tiff,0.4347826,1,0.7133655,0.4286096,1,0.7043731,0.4183179,1,0.7178886,0.4232642,1,0.7112002,0.4277202,1,0.7041287,0.4352491,1,0.6970772,0.4261058,1,0.7119896
CubePlus_0461.tiff,0.3948355,1,0.7538526,0.4919733,1,0.6867568,0.4621323,1,0.7023459,0.4743463,1,0.6923095,0.4541375,1,0.720485,0.4405039,1,0.7005493,0.5597886,1,0.7295238
CubePlus_0462.tiff,0.4262696,1,0.6842272,0.4294729,1,0.5935117,0.3625088,1,0.630091,0.4100023,1,0.5896244,0.4232189,1,0.5478838,0.4051279,1,0.5538157,0.5531874,1,0.6831689
CubePlus_0463.tiff,0.4262419,1,0.7155043,0.5275401,1,0.6569079,0.5324321,1,0.675063,0.5017193,1,0.6649296,0.5876856,1,0.6403866,0.5171999,1,0.6402247,0.4563897,1,0.68721
CubePlus_0468.tiff,0.4441177,1,0.6746324,0.414282,1,0.7450593,0.424274,1,0.7261534,0.4304158,1,0.7039481,0.4140334,1,0.7472421,0.4201675,1,0.7239185,0.4398781,1,0.7057037
CubePlus_0470.tiff,0.5265554,1,0.4810319,0.5454224,1,0.474861,0.5337304,1,0.4899185,0.5336195,1,0.5283888,0.5509384,1,0.461468,0.5554916,1,0.4320684,0.55996,1,0.5238662
CubePlus_0473.tiff,0.4315886,1,0.707989,0.4154366,1,0.74609,0.4353085,1,0.722747,0.4320544,1,0.6824474,0.4059415,1,0.7630586,0.4163512,1,0.7354032,0.4403437,1,0.720455
CubePlus_0477.tiff,0.4259955,1,0.6972201,0.423178,1,0.7331729,0.4255358,1,0.717899,0.4260392,1,0.7240389,0.410395,1,0.722789,0.4289744,1,0.6969698,0.9903187,1,0.7908279
CubePlus_0478.tiff,0.4550409,1,0.6830154,0.4806667,1,0.7110827,0.5534153,1,0.5282001,0.507981,1,0.6002447,0.5347783,1,0.6467842,0.554551,1,0.5337889,0.4062751,1,0.7778054
CubePlus_0486.tiff,0.4826418,1,0.6486029,0.5419061,1,0.5500948,0.5862551,1,0.5192539,0.6077811,1,0.4873187,0.5572537,1,0.5118398,0.5664245,1,0.4968946,0.6309561,1,0.749462
CubePlus_0489.tiff,0.4275919,1,0.6969281,0.5412975,1,0.6404282,0.5192804,1,0.6350247,0.5316784,1,0.6073608,0.4455333,1,0.6781239,0.4835911,1,0.5727732,0.6479105,1,0.691497
CubePlus_0492.tiff,0.4313346,1,0.7040619,0.466832,1,0.6457867,0.465972,1,0.6348338,0.4635486,1,0.6498366,0.4678959,1,0.6453312,0.4718485,1,0.6436302,0.4312848,1,0.6916226
CubePlus_0493.tiff,0.3622047,1,0.8346457,0.4452264,1,0.7480152,0.5252196,1,0.5845386,0.4631815,1,0.6477723,0.4946164,1,0.6545751,0.4881542,1,0.5971936,0.4161214,1,0.8079613
CubePlus_0498.tiff,0.3800905,1,0.7828054,0.40678,1,0.7261913,0.4051495,1,0.7200237,0.3910548,1,0.7497132,0.418034,1,0.7055201,0.4153702,1,0.6979749,0.3834123,1,0.7974041
CubePlus_0500.tiff,0.8254424,1,0.3400287,1.055994,1,0.3394042,1.574803,1,0.3039855,1.162424,1,0.3340726,1.164995,1,0.3288137,1.040872,1,0.3373425,0.7740339,1,0.351768
CubePlus_0501.tiff,0.4654443,1,0.6544429,0.4259169,1,0.7281848,0.4409452,1,0.69622,0.4679559,1,0.6593233,0.4202278,1,0.7442343,0.4098097,1,0.7506137,0.4666002,1,0.6263975
CubePlus_0502.tiff,0.4403867,1,0.6842105,0.4286966,1,0.705848,0.4323243,1,0.6830103,0.4303286,1,0.6904581,0.4269178,1,0.705622,0.4490313,1,0.6777148,0.4288965,1,0.7096996
CubePlus_0504.tiff,0.4455621,1,0.6781065,0.4969562,1,0.5954398,0.506942,1,0.5669096,0.4945826,1,0.6132442,0.5043589,1,0.5758577,0.4819811,1,0.613226,0.4219647,1,0.7366848
CubePlus_0509.tiff,0.4646452,1,0.6214738,0.4272576,1,0.7340114,0.4156149,1,0.725638,0.4249737,1,0.7188505,0.4108925,1,0.7383153,0.4305692,1,0.7027602,0.6614198,1,0.9249731
CubePlus_0511.tiff,0.4385534,1,0.681882,0.5270073,1,0.6308391,0.4956318,1,0.6519956,0.4960492,1,0.6295811,0.5400792,1,0.6090568,0.4885831,1,0.6306912,0.6733148,1,0.9195733
CubePlus_0513.tiff,0.4356515,1,0.6838529,0.4354895,1,0.6075797,0.4405678,1,0.5552269,0.445036,1,0.5057032,0.4263431,1,0.4995449,0.4239452,1,0.4150818,0.4384333,1,0.6248088
CubePlus_0516.tiff,0.487725,1,0.6382979,0.4453194,1,0.7020806,0.4552683,1,0.6380554,0.4279837,1,0.7520376,0.4416618,1,0.7235946,0.4325681,1,0.7541417,0.4301565,1,0.7030493
CubePlus_0519.tiff,0.4295739,1,0.6992481,0.4263581,1,0.7300056,0.4235431,1,0.7709835,0.4628306,1,0.6337613,0.3915517,1,0.7975369,0.4250139,1,0.6697423,0.4438982,1,0.6712432
CubePlus_0523.tiff,0.4400187,1,0.6874414,0.4496083,1,0.7017389,0.4384986,1,0.7032284,0.4516682,1,0.6925343,0.4412388,1,0.6984256,0.4578238,1,0.6647604,0.647357,1,0.9384677
CubePlus_0527.tiff,0.4096715,1,0.7363139,0.4261487,1,0.7095652,0.4140569,1,0.6947518,0.4006712,1,0.7416278,0.4340468,1,0.6841376,0.4343401,1,0.710528,0.3927163,1,0.8579721
CubePlus_0538.tiff,0.4284069,1,0.7071017,0.4914159,1,0.5413923,0.4764816,1,0.4822095,0.4757786,1,0.5207192,0.4608895,1,0.4493597,0.450896,1,0.4461757,0.4804711,1,0.5766069
CubePlus_0540.tiff,0.4794008,1,0.5393258,0.49107,1,0.5501243,0.4882872,1,0.5438822,0.5031732,1,0.5561746,0.503617,1,0.5339595,0.5021583,1,0.5370162,0.4753896,1,0.5828037
CubePlus_0545.tiff,1.0758,1,0.2058415,1.056843,1,0.1975926,1.061493,1,0.1962234,1.065558,1,0.1964803,1.055113,1,0.1950308,1.061474,1,0.1955542,1.052382,1,0.2058523
CubePlus_0546.tiff,0.4284387,1,0.7063197,0.4203979,1,0.7105426,0.4236787,1,0.7088878,0.4241882,1,0.7103707,0.4189466,1,0.7115987,0.4449231,1,0.6831361,0.4160973,1,0.71701
CubePlus_0547.tiff,0.4253156,1,0.7184432,0.5339949,1,0.5800036,0.5490298,1,0.5452039,0.5129452,1,0.5818689,0.549532,1,0.5526496,0.5232655,1,0.515386,0.5501879,1,0.6060925
CubePlus_0549.tiff,0.4812139,1,0.6358382,0.4952335,1,0.6004528,0.455495,1,0.5899468,0.4299051,1,0.6178288,0.5301083,1,0.5965292,0.5183405,1,0.6007075,0.5164675,1,0.6473764
CubePlus_0550.tiff,0.5854801,1,0.4168618,0.6017349,1,0.4072396,0.5883823,1,0.4142996,0.6454843,1,0.4205173,0.5995186,1,0.4093944,0.6221,1,0.3897189,0.5979633,1,0.426582
CubePlus_0551.tiff,0.4893194,1,0.6085445,0.5072272,1,0.6026517,0.5000759,1,0.6026272,0.5105034,1,0.5959342,0.5091564,1,0.6020363,0.4996129,1,0.6028118,0.5880873,1,0.513505
CubePlus_0553.tiff,0.4398205,1,0.6858425,0.4384566,1,0.6987064,0.4476071,1,0.6786003,0.4811386,1,0.6431631,0.449398,1,0.6936214,0.4834416,1,0.6341693,0.4422202,1,0.6869731
CubePlus_0555.tiff,0.4555314,1,0.5574837,0.4810368,1,0.5701788,0.47321,1,0.5619253,0.4728796,1,0.5778008,0.4754429,1,0.5368215,0.4885942,1,0.5308415,0.4936085,1,0.7923721
CubePlus_0556.tiff,0.4297453,1,0.7017256,0.4496781,1,0.6785837,0.4638564,1,0.6625032,0.4900976,1,0.6403959,0.4581952,1,0.6578969,0.4931095,1,0.595867,0.4320264,1,0.7115412
CubePlus_0557.tiff,0.375,1,0.8043478,0.5554838,1,0.6165158,0.4969361,1,0.6097299,0.4712916,1,0.6279717,0.5257688,1,0.5953668,0.481455,1,0.6013703,0.5684443,1,0.6218668
CubePlus_0562.tiff,0.4372252,1,0.6936981,0.8380457,1,0.9526374,0.736073,1,0.9206628,0.6418318,1,0.8671163,0.7738134,1,0.9192759,0.6172704,1,0.8243793,0.9832352,1,1.004068
CubePlus_0566.tiff,0.4264237,1,0.6997722,0.4728137,1,0.5724786,0.4650799,1,0.4638497,0.4783487,1,0.5104541,0.4638303,1,0.4753252,0.4593651,1,0.431924,0.4709542,1,0.6040131
CubePlus_0569.tiff,0.4337715,1,0.7007078,0.4444655,1,0.6951261,0.4636109,1,0.6316098,0.4830143,1,0.6236504,0.4402906,1,0.7053808,0.4985262,1,0.6051011,0.4350136,1,0.7025309
CubePlus_0573.tiff,0.4157442,1,0.7617876,0.4876641,1,0.6494493,0.4778286,1,0.6478245,0.4826513,1,0.6549987,0.4959434,1,0.6378196,0.4993836,1,0.6345802,0.4674754,1,0.6794774
CubePlus_0576.tiff,0.4272301,1,0.7052687,0.433319,1,0.6830101,0.4525796,1,0.6383728,0.4530743,1,0.6457627,0.4331239,1,0.6846253,0.4447235,1,0.6613583,0.469083,1,0.6170205
CubePlus_0578.tiff,0.4588492,1,0.6533139,0.4540702,1,0.6739921,0.4573247,1,0.6627627,0.4696139,1,0.6309668,0.4337363,1,0.7156019,0.4678799,1,0.6533329,0.4498741,1,0.6933622
CubePlus_0579.tiff,0.3712737,1,0.8093948,0.4855319,1,0.6473887,0.4766937,1,0.6436005,0.4382563,1,0.6995998,0.5009275,1,0.6174399,0.4577558,1,0.6758942,0.4433943,1,0.7439618
CubePlus_0580.tiff,0.5911365,1,0.3945675,0.5803504,1,0.4374167,0.5770639,1,0.4223019,0.5913147,1,0.40648,0.5816984,1,0.4401499,0.6008567,1,0.4031403,0.5715999,1,0.4518712
CubePlus_0582.tiff,0.415126,1,0.7613445,0.541283,1,0.6216379,0.472968,1,0.6258125,0.4489186,1,0.6599599,0.5003987,1,0.6358963,0.457074,1,0.6662808,0.7402235,1,0.6962558
CubePlus_0588.tiff,0.4325482,1,0.6986081,0.430225,1,0.686514,0.4484974,1,0.6652613,0.4666269,1,0.6327949,0.428631,1,0.6881763,0.4540244,1,0.6181481,0.4408069,1,0.6884778
CubePlus_0590.tiff,0.5572597,1,0.4386503,0.5650933,1,0.4524329,0.5564407,1,0.4355094,0.5562578,1,0.4509441,0.5691468,1,0.4363,0.5641941,1,0.4451329,0.9261688,1,0.9053135
CubePlus_0591.tiff,0.4322251,1,0.6987212,0.4445056,1,0.6878679,0.4541162,1,0.6667012,0.4597942,1,0.6292397,0.4438459,1,0.6882775,0.4414005,1,0.6557151,0.4822986,1,0.6792969
CubePlus_0592.tiff,0.4449418,1,0.6759176,0.4423025,1,0.6930677,0.4504748,1,0.6772002,0.4991425,1,0.5783355,0.4319338,1,0.7016664,0.4798924,1,0.6116345,0.517024,1,0.6839108
CubePlus_0593.tiff,0.4479277,1,0.6604676,0.4209742,1,0.7453057,0.4503159,1,0.6855319,0.4783823,1,0.6106094,0.369817,1,0.8108107,0.3884663,1,0.7549373,0.4729712,1,0.6055247
CubePlus_0603.tiff,0.4623206,1,0.6417464,0.6583382,1,0.8325569,0.5521387,1,0.783978,0.5695404,1,0.8035424,0.5556439,1,0.7710385,0.5038306,1,0.742087,0.9721371,1,0.9911582
CubePlus_0604.tiff,0.4524194,1,0.6620968,0.5551236,1,0.6901121,0.4856605,1,0.619934,0.5044161,1,0.6184524,0.4772314,1,0.635483,0.4751099,1,0.6420288,0.911481,1,0.9915243
CubePlus_0606.tiff,0.3683582,1,0.8164179,0.4333346,1,0.8045241,0.4595546,1,0.6256988,0.4321564,1,0.7079774,0.4264996,1,0.7515166,0.4465636,1,0.6502863,0.5213258,1,0.9824421
CubePlus_0607.tiff,0.3896822,1,0.7922616,0.4814815,1,0.7887918,0.5348501,1,0.7847494,0.4630897,1,0.7612085,0.478109,1,0.7217111,0.4536104,1,0.6688678,0.4296293,1,0.7982316
CubePlus_0610.tiff,0.7268786,1,0.3468208,0.7115876,1,0.3758827,0.7158579,1,0.3575302,0.7320082,1,0.3880252,0.7194636,1,0.3576198,0.7265591,1,0.364498,0.7251975,1,0.4076664
CubePlus_0611.tiff,0.4555354,1,0.6715064,0.6623401,1,0.8760449,0.4934528,1,0.7073063,0.4756784,1,0.6748978,0.6307999,1,0.8535417,0.480723,1,0.6699856,0.784572,1,0.959452
CubePlus_0612.tiff,0.4433281,1,0.6718995,0.4910268,1,0.654152,0.4654066,1,0.614992,0.4710292,1,0.5974093,0.4809344,1,0.5433927,0.4874906,1,0.5012683,0.684025,1,0.8679777
CubePlus_0618.tiff,0.4301148,1,0.7029034,0.4451452,1,0.6646943,0.4606229,1,0.6476187,0.4606298,1,0.6545138,0.44694,1,0.6611001,0.453894,1,0.6575046,0.4923388,1,0.6869582
CubePlus_0619.tiff,0.4290076,1,0.6982188,0.4337628,1,0.7004312,0.4293758,1,0.7126092,0.4474792,1,0.6733494,0.4356137,1,0.7003911,0.4375928,1,0.6760274,0.4479423,1,0.7051281
CubePlus_0620.tiff,0.8310023,1,0.3362471,0.8251075,1,0.3412988,0.8498813,1,0.3324397,0.8482467,1,0.3588114,0.8254832,1,0.3423652,0.8294427,1,0.338143,0.8414764,1,0.3396862
CubePlus_0622.tiff,0.4244591,1,0.7085607,0.4995727,1,0.6228363,0.4671152,1,0.4863605,0.4758194,1,0.5337048,0.4785584,1,0.5800143,0.4688939,1,0.4613608,0.7570682,1,0.8769162
CubePlus_0624.tiff,0.4340278,1,0.7048611,0.4242699,1,0.7093197,0.4245495,1,0.7074951,0.4353962,1,0.720216,0.4241827,1,0.7087452,0.4244276,1,0.7089168,0.4265765,1,0.7069752
CubePlus_0629.tiff,0.416458,1,0.7141324,0.9349061,1,0.9900158,0.8702564,1,0.9615538,0.660912,1,0.8516288,0.9275102,1,0.9923413,0.7950892,1,0.9216145,1.000558,1,1.001969
CubePlus_0633.tiff,0.4497148,1,0.6854563,0.9161867,1,0.9519826,1.03181,1,1.074579,0.8772217,1,0.8956953,0.9412564,1,0.9553001,0.7857553,1,0.8515588,0.9829829,1,1.00694
CubePlus_0634.tiff,0.434958,1,0.6782248,0.4869388,1,0.5819487,0.5231748,1,0.4904175,0.5020734,1,0.5061715,0.4960174,1,0.5733633,0.4977649,1,0.4637001,0.4676898,1,0.6379416
CubePlus_0636.tiff,0.4224,1,0.7152,0.4270156,1,0.7132245,0.4301292,1,0.7241727,0.3964211,1,0.7731823,0.4277029,1,0.7123831,0.4077456,1,0.7283868,0.4253713,1,0.7028412
CubePlus_0638.tiff,0.3697369,1,0.8289474,0.3923342,1,0.7923764,0.3821455,1,0.7724995,0.3724891,1,0.8101936,0.3997144,1,0.7611539,0.3938534,1,0.7791301,0.5762799,1,0.8620527
CubePlus_0640.tiff,0.8195777,1,0.3435701,0.8507584,1,0.3259292,0.8282172,1,0.339393,0.8644756,1,0.3914874,0.8509635,1,0.3238265,0.851663,1,0.3246047,0.8664492,1,0.3286384
CubePlus_0644.tiff,0.4546913,1,0.6647955,0.5280974,1,0.559736,0.5462961,1,0.5393168,0.5307461,1,0.5387563,0.5159397,1,0.5737423,0.531099,1,0.5359545,0.4791561,1,0.5866292
CubePlus_0645.tiff,0.8014184,1,0.2907801,0.8098931,1,0.2834644,0.8366215,1,0.2688088,0.8966119,1,0.3619191,0.8089734,1,0.2841178,0.8044624,1,0.2854499,0.8205513,1,0.2993183
CubePlus_0648.tiff,0.4950249,1,0.6318408,0.4888329,1,0.6131952,0.4709039,1,0.6276032,0.4860752,1,0.62619,0.4905017,1,0.6143808,0.4918832,1,0.6085635,0.4926802,1,0.6254007
CubePlus_0649.tiff,0.4480932,1,0.6673729,0.4327839,1,0.6897182,0.4353616,1,0.6782219,0.4544163,1,0.6798749,0.4360602,1,0.6838622,0.4589584,1,0.6440799,0.4286471,1,0.695861
CubePlus_0650.tiff,0.8268268,1,0.3373373,0.8331431,1,0.3344274,0.8432571,1,0.327385,0.8633614,1,0.3481468,0.8325465,1,0.3335806,0.8358242,1,0.3360906,0.8492924,1,0.3362782
CubePlus_0655.tiff,0.8282486,1,0.3389831,0.8438886,1,0.3306774,0.8453915,1,0.3277218,0.8415898,1,0.3452691,0.8484581,1,0.3278226,0.8387377,1,0.333505,0.8500147,1,0.3169643
CubePlus_0656.tiff,0.4348815,1,0.6856122,0.471234,1,0.6475948,0.5078242,1,0.6309416,0.5032606,1,0.5978186,0.4714258,1,0.6964258,0.4682117,1,0.6648839,0.4881151,1,0.6081899
CubePlus_0657.tiff,0.424143,1,0.718636,0.4803297,1,0.6056704,0.4730843,1,0.5889835,0.4758567,1,0.6006959,0.4861545,1,0.5834813,0.4601893,1,0.5063193,0.4902147,1,0.8289111
CubePlus_0660.tiff,1.031054,1,0.2285415,1.094696,1,0.2135331,1.154077,1,0.1939985,1.111755,1,0.2024149,1.12925,1,0.1902286,1.12002,1,0.1945821,0.9978651,1,0.3188532
CubePlus_0663.tiff,0.3462163,1,0.8515752,0.3782681,1,0.7853474,0.3866649,1,0.7720737,0.3825706,1,0.7778837,0.379618,1,0.7771193,0.4067851,1,0.7256892,0.3213443,1,0.9071467
CubePlus_0686.tiff,0.4447917,1,0.6791667,0.4254071,1,0.7193795,0.4321687,1,0.7387529,0.4561253,1,0.6982107,0.4216197,1,0.7235187,0.4317962,1,0.6887636,0.4623082,1,0.653084
CubePlus_0689.tiff,0.3953804,1,0.7717391,0.4656496,1,0.641653,0.4993625,1,0.6250108,0.4579518,1,0.6717804,0.4778876,1,0.625967,0.4621451,1,0.630709,0.4271331,1,0.7030941
CubePlus_0691.tiff,0.3705584,1,0.8061837,0.4158797,1,0.7421914,0.440864,1,0.7045932,0.4093438,1,0.7374239,0.4363311,1,0.7162019,0.4415544,1,0.6716375,0.4056966,1,0.8660104
CubePlus_0694.tiff,0.4239406,1,0.6822886,0.4788658,1,0.6360433,0.4934497,1,0.6359552,0.4732901,1,0.632908,0.4795467,1,0.6381171,0.4736384,1,0.6324604,0.4323385,1,0.7473659
CubePlus_0695.tiff,0.435474,1,0.5926606,0.4888892,1,0.4817968,0.4702145,1,0.5146825,0.7398523,1,0.7680411,0.48873,1,0.4778844,0.4901595,1,0.4770374,0.4458243,1,0.5803593
CubePlus_0696.tiff,0.4407734,1,0.6842878,0.5616002,1,0.8466087,0.4757205,1,0.7043294,0.4705351,1,0.7097826,0.4756874,1,0.6924827,0.4815301,1,0.6556946,0.9661168,1,0.9799691
CubePlus_0698.tiff,0.4294381,1,0.6932208,0.4834972,1,0.7439337,0.4550273,1,0.7113122,0.4842292,1,0.6453918,0.4653878,1,0.6681258,0.4586275,1,0.6264493,0.5516656,1,0.8939968
CubePlus_0700.tiff,0.5060241,1,0.4891566,0.5080825,1,0.5182477,0.5221916,1,0.4849522,0.5704755,1,0.4484324,0.5055486,1,0.5266331,0.50384,1,0.5203979,0.5179202,1,0.5098282
CubePlus_0706.tiff,0.4290688,1,0.7014795,0.5420696,1,0.7568841,0.5114119,1,0.740635,0.4921109,1,0.6866645,0.5526632,1,0.7680347,0.4981238,1,0.6702601,0.5890668,1,0.8127741
CubePlus_0707.tiff,0.4619289,1,0.6497462,0.4622656,1,0.6009604,0.4608403,1,0.6095113,0.4597291,1,0.6139389,0.4678917,1,0.6025111,0.462247,1,0.6329162,0.4665174,1,0.5736973
CubePlus_0710.tiff,0.6994342,1,0.364215,0.7269249,1,0.3940003,0.746003,1,0.3471979,0.7559958,1,0.3630412,0.8068483,1,0.3339864,0.833177,1,0.3206434,0.7084273,1,0.399118
CubePlus_0717.tiff,0.4459154,1,0.6745237,0.4826248,1,0.630444,0.506082,1,0.6226145,0.5016802,1,0.5784063,0.4927668,1,0.6188783,0.5120488,1,0.5762862,0.4855675,1,0.677891
CubePlus_0718.tiff,0.4130682,1,0.7528409,0.4194095,1,0.7281828,0.4651267,1,0.6314573,0.4447529,1,0.6791619,0.4173235,1,0.7285964,0.4347575,1,0.7038213,0.4121371,1,0.7382566
CubePlus_0720.tiff,0.5746822,1,0.4555085,0.5960184,1,0.4489374,0.5972239,1,0.4410031,0.5690605,1,0.4634864,0.5919995,1,0.4526992,0.6046056,1,0.4471096,0.5684308,1,0.4577572
CubePlus_0729.tiff,0.43,1,0.7071428,0.4368442,1,0.6851909,0.4500681,1,0.6538508,0.4620252,1,0.6236285,0.4310326,1,0.695369,0.4386097,1,0.6901551,0.4391038,1,0.6810138
CubePlus_0730.tiff,0.7847619,1,0.2780952,0.8038414,1,0.2810408,0.8236954,1,0.2694704,0.815244,1,0.3074761,0.7972987,1,0.2819176,0.8307902,1,0.2707352,0.8014442,1,0.2808687
CubePlus_0732.tiff,0.4305335,1,0.6951928,0.4303874,1,0.6910118,0.4457342,1,0.6738339,0.4845391,1,0.6085139,0.4424728,1,0.6720076,0.4825809,1,0.5819888,0.4453992,1,0.6808382
CubePlus_0733.tiff,0.4334211,1,0.6936842,0.4279892,1,0.7522796,0.4302283,1,0.6825561,0.4451292,1,0.6675996,0.4295604,1,0.7594473,0.444307,1,0.5729913,0.4872677,1,0.8253756
CubePlus_0734.tiff,0.4375862,1,0.7013793,0.4424364,1,0.6870723,0.4633559,1,0.6508295,0.4777526,1,0.6342147,0.4582252,1,0.6713016,0.4944033,1,0.6009059,0.4305903,1,0.6943151
CubePlus_0737.tiff,0.4322391,1,0.7091751,0.4371927,1,0.6979734,0.4519816,1,0.6735391,0.4545447,1,0.6634739,0.4436526,1,0.6864806,0.4763752,1,0.6344797,0.4169177,1,0.7099199
CubePlus_0738.tiff,0.4095428,1,0.7445328,0.4537057,1,0.662346,0.4201641,1,0.71524,0.4478458,1,0.6738791,0.4745149,1,0.6195381,0.4660687,1,0.6385165,0.4315327,1,0.677916
CubePlus_0740.tiff,0.5659341,1,0.4368132,0.5779898,1,0.4499586,0.563568,1,0.4549046,0.5752905,1,0.4595733,0.5821271,1,0.4541175,0.5890053,1,0.439559,0.6660148,1,0.4293547
CubePlus_0742.tiff,0.4362245,1,0.7015306,0.3986749,1,0.7793402,0.4005995,1,0.7526363,0.4202301,1,0.7196908,0.3778768,1,0.8213684,0.4117031,1,0.7463867,0.4269167,1,0.6951214
CubePlus_0745.tiff,0.4340249,1,0.5846473,0.4740672,1,0.5067869,0.4757575,1,0.5043606,0.4766581,1,0.5401677,0.4781509,1,0.492491,0.4768478,1,0.4973714,0.4259804,1,0.5915737
CubePlus_0746.tiff,0.5193798,1,0.5891473,0.5916738,1,0.497318,0.533775,1,0.5516067,0.5424679,1,0.5386711,0.5963952,1,0.4961073,0.5942676,1,0.4913133,0.5949296,1,0.652448
CubePlus_0751.tiff,0.4173603,1,0.7241379,0.4601123,1,0.6667126,0.4436903,1,0.6836674,0.4347018,1,0.6952793,0.4822137,1,0.6443686,0.4838241,1,0.6266568,0.407732,1,0.7410212
CubePlus_0752.tiff,0.42,1,0.735,0.4519966,1,0.68668,0.4042586,1,0.7355473,0.3995401,1,0.756143,0.4522382,1,0.6869025,0.4146463,1,0.718515,0.4600897,1,0.6740405
CubePlus_0754.tiff,0.4576138,1,0.6507064,0.4877393,1,0.5902148,0.4963323,1,0.5950074,0.4880839,1,0.5877546,0.4836266,1,0.5902988,0.4970667,1,0.5808122,0.4856885,1,0.6092607
CubePlus_0761.tiff,0.3952321,1,0.7779172,0.4998163,1,0.622271,0.4984515,1,0.5772364,0.4753104,1,0.6256607,0.5384905,1,0.5249498,0.5376809,1,0.5171938,0.4148572,1,0.7024849
CubePlus_0768.tiff,0.453379,1,0.6603935,0.4168167,1,0.7337245,0.4142584,1,0.7260138,0.4258404,1,0.7049434,0.4156618,1,0.7367305,0.419153,1,0.7292408,0.4267068,1,0.7097887
CubePlus_0770.tiff,0.5174825,1,0.4986014,0.5433877,1,0.4717848,0.4965032,1,0.4984821,0.5359782,1,0.4758195,0.5591622,1,0.4589946,0.5791102,1,0.4598943,0.4905817,1,0.5058749
CubePlus_0772.tiff,0.4356923,1,0.7058462,0.4334159,1,0.7051528,0.4209025,1,0.7214533,0.4564954,1,0.6696698,0.4296156,1,0.7097931,0.4619067,1,0.6532225,0.4304909,1,0.7094486
CubePlus_0774.tiff,0.4380165,1,0.6914601,0.4351919,1,0.690991,0.4347963,1,0.6766132,0.4229878,1,0.6895755,0.4356016,1,0.6913366,0.4334988,1,0.6934134,0.4353147,1,0.6953427
CubePlus_0776.tiff,0.4340112,1,0.6971008,0.4003224,1,0.7656978,0.4191267,1,0.7345144,0.4094407,1,0.735772,0.3940958,1,0.7712427,0.4063953,1,0.7619928,0.462248,1,0.653858
CubePlus_0789.tiff,0.4406332,1,0.701847,0.4307706,1,0.7017758,0.4270991,1,0.7110019,0.4416779,1,0.7005938,0.4314553,1,0.7017262,0.4364557,1,0.6908211,0.4217127,1,0.7077772
CubePlus_0791.tiff,0.4310788,1,0.7067637,0.4235319,1,0.7040418,0.4288788,1,0.694783,0.4301055,1,0.6996994,0.4232558,1,0.7035719,0.4341315,1,0.6797051,0.4366779,1,0.734842
CubePlus_0793.tiff,0.4249201,1,0.7316294,0.4149857,1,0.7343544,0.4184085,1,0.7202949,0.4136901,1,0.7393688,0.4121337,1,0.7363032,0.4180729,1,0.7324526,0.4207212,1,0.7345473
CubePlus_0795.tiff,0.8269558,1,0.3384354,0.9720432,1,0.2885789,1.033269,1,0.2690037,1.063863,1,0.276665,0.9857304,1,0.2747584,1.179707,1,0.2616182,0.8591091,1,0.3251289
CubePlus_0798.tiff,0.4567451,1,0.646006,0.4433985,1,0.6910417,0.4413925,1,0.6955249,0.4396225,1,0.7076802,0.450355,1,0.6783612,0.4548724,1,0.6920691,0.4291912,1,0.7306667
CubePlus_0801.tiff,0.4163072,1,0.7320966,0.4332362,1,0.7066659,0.4316887,1,0.7222577,0.4472725,1,0.6615776,0.4247593,1,0.7180034,0.4468449,1,0.6508399,0.4560981,1,0.6663934
CubePlus_0805.tiff,0.5694683,1,0.4545454,0.5879124,1,0.4573037,0.5624221,1,0.471488,0.5719499,1,0.4811696,0.5923142,1,0.4493272,0.6038979,1,0.4363238,0.7713393,1,0.5823843
CubePlus_0809.tiff,0.4372549,1,0.7039216,0.4337395,1,0.6978121,0.4444013,1,0.6979007,0.44772,1,0.6932468,0.4350859,1,0.6936821,0.4501504,1,0.6659693,0.4259326,1,0.7094276
CubePlus_0812.tiff,0.4196944,1,0.7266554,0.525484,1,0.785534,0.6508491,1,0.8471063,0.7084639,1,0.7957074,0.5145964,1,0.7985095,0.4575194,1,0.7399993,0.9717802,1,0.9765726
CubePlus_0814.tiff,0.4273102,1,0.6977634,0.5659588,1,0.7903707,0.653107,1,0.9396114,0.5527903,1,0.775757,0.5707665,1,0.8194598,0.5503331,1,0.6922034,0.5286439,1,0.7404599
CubePlus_0816.tiff,0.4176,1,0.7472,0.5606271,1,0.3545053,0.5509751,1,0.2788723,0.5637001,1,0.335004,0.5591812,1,0.3598991,0.5585924,1,0.3724645,0.4991034,1,0.6019615
CubePlus_0817.tiff,0.4334791,1,0.6970643,0.4271806,1,0.7019651,0.4703493,1,0.681369,0.51612,1,0.6033644,0.4262272,1,0.7030244,0.4354843,1,0.6781322,0.4323727,1,0.7132843
CubePlus_0819.tiff,0.4781048,1,0.6507538,0.4710476,1,0.668914,0.4655397,1,0.6496978,0.4709461,1,0.6327607,0.5000427,1,0.6263525,0.486648,1,0.6337969,0.3990586,1,0.7875811
CubePlus_0823.tiff,0.3766667,1,0.8011111,0.727727,1,0.9887471,0.6099838,1,0.8998907,0.5620531,1,0.8394165,0.7286794,1,0.992617,0.5489904,1,0.8580509,0.888446,1,1.004683
CubePlus_0828.tiff,0.4139715,1,0.7270375,0.4067787,1,0.7102554,0.4013545,1,0.755536,0.3871596,1,0.7629252,0.4065654,1,0.705638,0.4117941,1,0.7011086,0.4089048,1,0.7027187
CubePlus_0831.tiff,0.3381117,1,0.8966881,0.353877,1,0.8476866,0.3260044,1,0.8772696,0.3193066,1,0.8873297,0.3619048,1,0.8272052,0.3494011,1,0.8163093,0.3493487,1,0.885154
CubePlus_0832.tiff,0.4444444,1,0.6915423,0.4214832,1,0.7340331,0.4302411,1,0.7077558,0.4407863,1,0.6864533,0.4254378,1,0.7272584,0.4198252,1,0.7325974,0.4429692,1,0.6829465
CubePlus_0833.tiff,0.4388843,1,0.6815696,0.5900958,1,0.9153126,0.6231141,1,0.9790925,0.6867561,1,0.9086116,0.6189816,1,0.9183331,0.5163025,1,0.8600537,0.9840438,1,0.9846102
CubePlus_0834.tiff,0.4240486,1,0.7232171,0.5466423,1,0.8682644,0.5202734,1,0.8012842,0.5209816,1,0.6831367,0.5679474,1,0.8908289,0.5123283,1,0.7496883,0.729981,1,0.9912243
CubePlus_0840.tiff,1.014735,1,0.1787819,1.02024,1,0.1708811,1.123998,1,0.1789517,1.1345,1,0.1852507,1.019541,1,0.1700004,1.00171,1,0.1695191,1.018069,1,0.1760405
CubePlus_0841.tiff,0.4309677,1,0.6977419,0.5051263,1,0.8083303,0.5364941,1,0.810043,0.4591755,1,0.7488975,0.5092642,1,0.8173262,0.4862776,1,0.778312,0.5210697,1,0.8191728
CubePlus_0848.tiff,0.4544406,1,0.6516724,0.4787634,1,0.6187921,0.4612175,1,0.6410689,0.4789238,1,0.6042224,0.4756483,1,0.6210458,0.4691345,1,0.6308058,0.4703456,1,0.6255368
CubePlus_0849.tiff,0.408867,1,0.7517241,0.3993642,1,0.761569,0.3999219,1,0.7625561,0.4016568,1,0.7553847,0.3983425,1,0.7669177,0.4184573,1,0.7356092,0.4210709,1,0.7677747
CubePlus_0850.tiff,0.8301887,1,0.341195,0.8282783,1,0.3419987,0.8096111,1,0.3423257,1.140724,1,0.7333841,0.8274426,1,0.3415236,0.8281379,1,0.3417141,0.8776583,1,0.3449261
CubePlus_0851.tiff,0.4405482,1,0.6904474,0.4428626,1,0.7370858,0.4343029,1,0.7142462,0.4683238,1,0.5989718,0.3839456,1,0.8113334,0.4261945,1,0.6559931,0.4661623,1,0.6483234
CubePlus_0855.tiff,1.014372,1,0.1917549,1.119231,1,0.1815897,1.168575,1,0.1466159,1.169776,1,0.1642107,1.18023,1,0.161386,1.161931,1,0.1647965,1.025243,1,0.2007341
CubePlus_0857.tiff,0.3737486,1,0.8097887,0.6331282,1,0.7523511,0.4893224,1,0.7004954,0.5408937,1,0.6300023,0.3932961,1,0.7752759,0.5022925,1,0.6398134,1.518226,1,0.6123349
CubePlus_0868.tiff,0.4562529,1,0.6518553,0.4572023,1,0.6569968,0.4582979,1,0.6552108,0.4709603,1,0.6280292,0.4516011,1,0.6601855,0.4681272,1,0.640499,0.4308222,1,0.6963618
CubePlus_0869.tiff,0.419339,1,0.6922448,0.5282772,1,0.5129847,0.4538409,1,0.411544,0.4563421,1,0.4434165,0.4747047,1,0.4115447,0.4423461,1,0.4104565,0.9615654,1,0.9163738
CubePlus_0870.tiff,0.560049,1,0.4497549,0.5880467,1,0.4269238,0.5901156,1,0.3930183,0.5730049,1,0.4462522,0.5818935,1,0.4045962,0.6142951,1,0.355178,0.7866337,1,0.6374714
CubePlus_0871.tiff,0.3893696,1,0.7725587,0.3877318,1,0.7862524,0.386669,1,0.7792794,0.392338,1,0.7777699,0.3835323,1,0.7945455,0.3936824,1,0.7741721,0.3664016,1,0.8253104
CubePlus_0873.tiff,0.4322034,1,0.7003082,0.438003,1,0.6851097,0.4194579,1,0.7002428,0.4261702,1,0.6907866,0.4407479,1,0.680953,0.4399505,1,0.6848658,0.4388505,1,0.7001439
CubePlus_0879.tiff,0.445741,1,0.6756126,0.3798723,1,0.8555166,0.396163,1,0.8439272,0.4193371,1,0.7286733,0.3757232,1,0.850459,0.3621615,1,0.8635617,0.5774424,1,0.4775757
CubePlus_0881.tiff,0.4416274,1,0.6798349,0.4451869,1,0.7479126,0.461624,1,0.7221625,0.4680396,1,0.6726582,0.4648422,1,0.7722781,0.4191329,1,0.7155509,0.4502899,1,0.6560323
CubePlus_0883.tiff,0.4175385,1,0.6836923,0.5980275,1,0.8840076,0.5647117,1,0.8926972,0.5392592,1,0.8576478,0.6259514,1,0.9216641,0.5234648,1,0.7950844,0.7465343,1,1.006252
CubePlus_0886.tiff,0.4243986,1,0.7319588,0.4150507,1,0.7374606,0.4071562,1,0.7501364,0.4083128,1,0.7509108,0.4153719,1,0.7347359,0.4217623,1,0.7288387,0.4131224,1,0.7374107
CubePlus_0887.tiff,0.432376,1,0.6953003,0.6515388,1,0.980105,0.5855755,1,0.8407424,0.5476033,1,0.7676769,0.6564641,1,0.9935981,0.5969639,1,0.7557251,0.7134678,1,0.999504
CubePlus_0893.tiff,0.4282521,1,0.6978096,0.4340997,1,0.6871513,0.435412,1,0.6903644,0.4437606,1,0.6685903,0.4347864,1,0.6828706,0.4488269,1,0.6449633,0.4495458,1,0.6491141
CubePlus_0895.tiff,0.8173516,1,0.347032,0.8245805,1,0.3472726,0.831855,1,0.3331117,1.005619,1,0.408288,0.8199973,1,0.3481372,0.8306314,1,0.3454364,0.8317556,1,0.3420971
CubePlus_0896.tiff,0.43417,1,0.7023338,0.4825499,1,0.640685,0.4595387,1,0.6421798,0.4482833,1,0.6570339,0.486618,1,0.637535,0.4854232,1,0.6445247,0.456708,1,0.6445321
CubePlus_0897.tiff,0.4343434,1,0.7188552,0.4228118,1,0.711644,0.4177551,1,0.7227541,0.419202,1,0.7220699,0.4231528,1,0.7103882,0.4333215,1,0.6920187,0.4183985,1,0.7162731
CubePlus_0903.tiff,0.4272681,1,0.726812,0.4316031,1,0.7026094,0.4272847,1,0.7156464,0.4415952,1,0.7082655,0.4301387,1,0.7033501,0.4382536,1,0.6927636,0.4198487,1,0.7131669
CubePlus_0906.tiff,0.4608696,1,0.6811594,0.518646,1,0.5916368,0.5636238,1,0.5592931,0.5368079,1,0.5715933,0.5060118,1,0.5826068,0.5295297,1,0.5569091,0.5608589,1,0.7700877
CubePlus_0911.tiff,0.4088361,1,0.7309595,0.3995572,1,0.7593654,0.4080492,1,0.7556326,0.4144873,1,0.7315455,0.3968868,1,0.7617965,0.4136489,1,0.7266053,0.3999148,1,0.7746852
CubePlus_0918.tiff,0.4331021,1,0.7016848,0.4778443,1,0.6811306,0.3668856,1,0.7434712,0.438407,1,0.6999465,0.5021192,1,0.6622698,0.5733008,1,0.59852,0.4255331,1,0.6966088
CubePlus_0921.tiff,0.3731197,1,0.8139307,0.4269812,1,0.7702618,0.3926403,1,0.7926191,0.4066544,1,0.748619,0.3755532,1,0.8426019,0.3907395,1,0.7866941,0.5492494,1,0.8709299
CubePlus_0923.tiff,0.4106926,1,0.7484812,0.4091439,1,0.757159,0.4052603,1,0.7681433,0.4276202,1,0.722696,0.4117344,1,0.753842,0.4381814,1,0.7048776,0.4085603,1,0.7534818
CubePlus_0924.tiff,0.3806706,1,0.7845168,0.641056,1,0.604975,0.449229,1,0.6972182,0.496857,1,0.6490642,0.5880139,1,0.5927658,0.4446535,1,0.6916541,0.9846609,1,0.9266165
CubePlus_0926.tiff,0.4050343,1,0.7505721,0.4126127,1,0.726037,0.4206297,1,0.7188388,0.4101402,1,0.7375434,0.4148424,1,0.7212738,0.4375944,1,0.6999438,0.4019269,1,0.755905
CubePlus_0928.tiff,0.3894155,1,0.778831,0.4845891,1,0.7201157,0.4388988,1,0.7202658,0.4073407,1,0.7556726,0.4839834,1,0.7263899,0.4271229,1,0.7260934,0.5822241,1,0.8274497
CubePlus_0932.tiff,0.4341783,1,0.6847915,0.5949676,1,0.5575566,0.6479223,1,0.4514148,0.6378291,1,0.417868,0.6154664,1,0.5080653,0.5881296,1,0.4129815,0.4484553,1,0.6366577
CubePlus_0937.tiff,0.4356436,1,0.7067784,0.443314,1,0.6761059,0.4395963,1,0.6874901,0.4389139,1,0.6914545,0.4439952,1,0.6746636,0.4425872,1,0.6910647,0.4399877,1,0.6848693
CubePlus_0938.tiff,0.4428291,1,0.6860511,0.4789896,1,0.7068921,0.4809972,1,0.6793476,0.493108,1,0.6430705,0.4464587,1,0.7147739,0.4930321,1,0.6375346,0.5930071,1,0.7962947
CubePlus_0940.tiff,0.8348624,1,0.3342071,0.8545633,1,0.3160295,0.853666,1,0.3025583,0.9342622,1,0.4320523,0.8539356,1,0.3155273,0.8574327,1,0.3170351,0.8600637,1,0.3219275
CubePlus_0945.tiff,0.5095238,1,0.4809524,0.4975122,1,0.5172481,0.5025697,1,0.5243412,0.5533258,1,0.547203,0.485174,1,0.5387029,0.5061739,1,0.4936526,0.4098604,1,0.644316
CubePlus_0946.tiff,0.4529856,1,0.6630062,0.471216,1,0.6208818,0.4765999,1,0.6132289,0.482375,1,0.6074407,0.4680559,1,0.6258309,0.4828127,1,0.6102581,0.4891258,1,0.5809293
CubePlus_0949.tiff,0.4386812,1,0.6873163,0.8568226,1,0.9275597,0.6404079,1,0.7497234,0.6327747,1,0.771182,0.890964,1,0.9539859,0.619277,1,0.7231629,0.9806964,1,1.008175
CubePlus_0951.tiff,0.3964386,1,0.7563261,0.4199979,1,0.7412106,0.3925444,1,0.7988575,0.3875813,1,0.7927105,0.426939,1,0.7338214,0.402443,1,0.7535096,0.4288648,1,0.7635881
CubePlus_0952.tiff,0.4355372,1,0.6942149,0.4617667,1,0.6394335,0.4582297,1,0.6585784,0.4423092,1,0.6416199,0.4610666,1,0.6367714,0.4685958,1,0.6119644,0.450445,1,0.6556392
CubePlus_0953.tiff,0.4289395,1,0.7011593,0.4251634,1,0.7020243,0.4236076,1,0.6887762,0.44421,1,0.6382531,0.4259146,1,0.7019737,0.4356947,1,0.6706104,0.4264698,1,0.6872491
CubePlus_0954.tiff,0.443289,1,0.6709031,0.4469585,1,0.7169874,0.501581,1,0.5916228,0.4968971,1,0.5280899,0.4418062,1,0.7223839,0.4686158,1,0.4985035,0.5388897,1,0.7582625
CubePlus_0956.tiff,0.4472876,1,0.6704197,0.533948,1,0.6795294,0.5361336,1,0.7043336,0.4781753,1,0.6350129,0.6269582,1,0.6974,0.4923831,1,0.6700848,0.442273,1,0.6407657
CubePlus_0962.tiff,0.4225174,1,0.7368754,0.4164192,1,0.7485437,0.4174657,1,0.733796,0.4207763,1,0.7394543,0.4200796,1,0.7251813,0.4320354,1,0.718001,0.4894149,1,0.8960955
CubePlus_0965.tiff,0.7796009,1,0.2829268,0.8078863,1,0.265599,0.7417927,1,0.2808678,0.858969,1,0.3628865,0.8042689,1,0.2652158,0.8162884,1,0.2634962,0.8689235,1,0.2327451
CubePlus_0968.tiff,0.4294118,1,0.69819,0.4367023,1,0.6754001,0.4469275,1,0.6482839,0.467053,1,0.5909174,0.4372022,1,0.6750377,0.4381054,1,0.658899,0.4435915,1,0.6538618
CubePlus_0970.tiff,1.091978,1,0.1768165,1.074306,1,0.1840943,1.05746,1,0.1745414,1.055035,1,0.1558318,1.070684,1,0.1840507,1.051026,1,0.1828575,1.033588,1,0.2105178
CubePlus_0971.tiff,0.4335831,1,0.701124,0.4209198,1,0.7299769,0.4084309,1,0.7372543,0.4602657,1,0.7082693,0.4204177,1,0.7342282,0.4364697,1,0.729002,0.4378756,1,0.686485
CubePlus_0974.tiff,0.456665,1,0.6492651,0.5095948,1,0.5893915,0.5180246,1,0.5975226,0.4832076,1,0.5790883,0.5436491,1,0.589137,0.5121059,1,0.5723291,0.5210522,1,0.5789506
CubePlus_0980.tiff,0.8346253,1,0.3347689,0.8440525,1,0.3364578,0.8713676,1,0.3304717,0.8147778,1,0.407999,0.8437239,1,0.3361166,0.7015612,1,0.3648993,0.8229241,1,0.329895
CubePlus_0981.tiff,0.3871681,1,0.7743363,0.365149,1,0.8218953,0.370241,1,0.7970767,0.3769604,1,0.7888382,0.3614614,1,0.8312208,0.3807699,1,0.7784766,0.3714568,1,0.813289
CubePlus_0983.tiff,0.4575718,1,0.6488251,0.4484508,1,0.7352927,0.5152111,1,0.7041603,0.5679894,1,0.5746957,0.3918195,1,0.7913877,0.4621823,1,0.6895776,0.4599499,1,0.6706651
CubePlus_0988.tiff,0.3987879,1,0.7733333,0.4142122,1,0.7374819,0.3992823,1,0.7613779,0.4103283,1,0.7480811,0.4204837,1,0.7279142,0.414319,1,0.7284598,0.3522528,1,0.8273039
CubePlus_0991.tiff,0.4296675,1,0.7199488,0.437119,1,0.6961565,0.4346792,1,0.695433,0.4360205,1,0.6942274,0.438786,1,0.6932182,0.4410923,1,0.6899878,0.4440285,1,0.7004849
CubePlus_0996.tiff,0.388443,1,0.7843767,0.7745727,1,0.8443467,0.719271,1,0.8642752,0.5549391,1,0.8149461,0.7102885,1,0.7996719,0.5936992,1,0.7867159,0.9475942,1,0.9567577
CubePlus_1001.tiff,0.5021097,1,0.5991561,0.5219815,1,0.5772445,0.4961867,1,0.5807402,0.4697468,1,0.6152301,0.5097862,1,0.5645662,0.5206628,1,0.5789728,1.061276,1,0.5454978
CubePlus_1003.tiff,0.4158945,1,0.7344975,0.3949034,1,0.7609057,0.3480808,1,0.787855,0.3642445,1,0.7785537,0.4046466,1,0.7533194,0.4590905,1,0.7252518,0.3897843,1,0.7833161
CubePlus_1005.tiff,0.4208243,1,0.6550976,0.4265007,1,0.6529699,0.432346,1,0.6465523,0.4347093,1,0.6379228,0.4236644,1,0.6544756,0.4340625,1,0.6279777,0.414869,1,0.6632219
CubePlus_1007.tiff,0.4290657,1,0.716955,0.4281123,1,0.7194161,0.415991,1,0.7303389,0.4233206,1,0.7222559,0.4236056,1,0.7196034,0.4250779,1,0.7212084,0.9485933,1,0.8197517
CubePlus_1012.tiff,0.3793103,1,0.7931035,0.4500401,1,0.685363,0.4636949,1,0.6587545,0.4089686,1,0.7427444,0.4646858,1,0.6611145,0.4444324,1,0.6894523,0.403898,1,0.7828373
CubePlus_1015.tiff,0.535882,1,0.4755198,0.5503376,1,0.4480679,0.546156,1,0.4291192,0.5727261,1,0.4607401,0.5493858,1,0.4533658,0.5484808,1,0.4555122,0.5490333,1,0.4727169
CubePlus_1016.tiff,0.4278492,1,0.6866965,0.3798868,1,0.7784917,0.4512801,1,0.735276,0.5159417,1,0.5687488,0.3750392,1,0.7810123,0.3949644,1,0.7374587,0.5782231,1,0.6929565
CubePlus_1020.tiff,0.5826772,1,0.4181102,0.5976119,1,0.3833618,0.5960557,1,0.4213282,0.652198,1,0.4732749,0.5948758,1,0.3886011,0.6033959,1,0.3190879,0.5959253,1,0.395439
CubePlus_1021.tiff,0.4250871,1,0.7142857,0.500995,1,0.7265891,0.5296494,1,0.7621152,0.4935557,1,0.7241422,0.4980498,1,0.7069457,0.5057281,1,0.6700388,0.505291,1,0.7286353
CubePlus_1022.tiff,0.439441,1,0.6781832,0.5320844,1,0.6449877,0.5326342,1,0.5683755,0.7122238,1,0.5401588,0.4966931,1,0.6061905,0.5878104,1,0.5533022,0.4573083,1,0.6720955
CubePlus_1023.tiff,0.4348214,1,0.6964286,0.4291326,1,0.7107654,0.4307924,1,0.697657,0.4360735,1,0.6852134,0.4251473,1,0.7189465,0.4355533,1,0.6961562,0.4474434,1,0.6941905
CubePlus_1027.tiff,0.4137705,1,0.7219672,0.4269355,1,0.698417,0.4238074,1,0.7015557,0.4516865,1,0.7210652,0.4252695,1,0.6995726,0.4342807,1,0.6952579,0.4292034,1,0.6910075
CubePlus_1028.tiff,0.4765056,1,0.6800132,0.79934,1,0.8277275,0.630982,1,0.653611,0.5904741,1,0.6639413,0.673363,1,0.7205946,0.5647988,1,0.61673,1.004426,1,1.009245
CubePlus_1029.tiff,0.4394125,1,0.6899225,0.4295404,1,0.6926403,0.4315625,1,0.6947041,0.4331049,1,0.6887614,0.431124,1,0.6893763,0.4453488,1,0.6664778,0.457176,1,0.7411642
CubePlus_1042.tiff,0.3609756,1,0.8621951,0.4142593,1,0.7263459,0.4317291,1,0.7027041,0.4268685,1,0.7169235,0.4111324,1,0.7254192,0.4542212,1,0.6984106,0.408722,1,0.7248865
CubePlus_1043.tiff,0.4453782,1,0.6728291,0.4891578,1,0.6652451,0.4832513,1,0.6134205,0.4863444,1,0.6101169,0.4776809,1,0.6456847,0.488607,1,0.6011097,0.590507,1,0.8296098
CubePlus_1046.tiff,0.4189189,1,0.7332859,0.4808428,1,0.6103168,0.4871858,1,0.5951001,0.4607419,1,0.5878616,0.4913056,1,0.5964398,0.475151,1,0.5754785,0.4494296,1,0.6500012
CubePlus_1053.tiff,0.4316958,1,0.7616557,0.4128473,1,0.8423296,0.3831167,1,0.7981029,0.3761011,1,0.7844937,0.4570544,1,0.8556077,0.3955138,1,0.7123594,0.7328613,1,0.946004
CubePlus_1054.tiff,0.461326,1,0.644337,0.517186,1,0.6264739,0.5112603,1,0.6810956,0.5137928,1,0.6215366,0.5301798,1,0.5989767,0.4844491,1,0.6842372,0.4591853,1,0.6182851
CubePlus_1055.tiff,1.063919,1,0.1967623,1.070465,1,0.1941888,1.089301,1,0.1713429,1.09319,1,0.1869327,1.08158,1,0.1809235,1.081129,1,0.1832611,1.04996,1,0.2044691
CubePlus_1063.tiff,0.4440263,1,0.6801505,0.4275793,1,0.7113186,0.4550862,1,0.7031665,0.435222,1,0.6530954,0.4252482,1,0.715306,0.4361353,1,0.6748853,0.45948,1,0.633167
CubePlus_1064.tiff,0.4331126,1,0.6993377,0.4511606,1,0.6619148,0.4528852,1,0.6474355,0.442822,1,0.6457468,0.4576084,1,0.6403643,0.463536,1,0.614542,0.4106483,1,0.7205644
CubePlus_1068.tiff,0.3998822,1,0.7632509,0.4298664,1,0.7123742,0.4218159,1,0.7216894,0.4140907,1,0.7320829,0.442315,1,0.6950285,0.4228267,1,0.7156666,0.4214692,1,0.7345127
CubePlus_1069.tiff,0.4309241,1,0.7182068,0.458861,1,0.6751893,0.4648462,1,0.6328526,0.4705387,1,0.6603986,0.4803568,1,0.6277827,0.4923505,1,0.6305613,0.4274984,1,0.7256634
CubePlus_1070.tiff,0.4938081,1,0.4922601,0.5009893,1,0.4777364,0.4833184,1,0.4594158,0.537159,1,0.5314853,0.4970577,1,0.4848806,0.5042421,1,0.4729833,0.4903417,1,0.5080647
CubePlus_1072.tiff,0.3855685,1,0.7755102,0.4711428,1,0.6162908,0.4217568,1,0.6531429,0.456402,1,0.6724225,0.4710332,1,0.6150219,0.4801736,1,0.6077929,0.4264043,1,0.7021507
CubePlus_1074.tiff,0.4123457,1,0.7493827,0.4548325,1,0.6501445,0.4833489,1,0.5932466,0.4893985,1,0.5976745,0.4573303,1,0.6383615,0.4315791,1,0.6843698,0.4870501,1,0.6283117
CubePlus_1078.tiff,0.4399083,1,0.6848624,0.4344436,1,0.6953688,0.4862888,1,0.6799617,0.5223489,1,0.6376298,0.431312,1,0.6970858,0.5428585,1,0.6030751,0.4495515,1,0.6674121
CubePlus_1082.tiff,0.4273625,1,0.6995769,0.4548714,1,0.693963,0.4763206,1,0.686346,0.4824998,1,0.5701819,0.4552657,1,0.6990979,0.4469899,1,0.6560241,0.5099589,1,0.7829441
CubePlus_1084.tiff,0.4345208,1,0.6984446,0.4397689,1,0.6950567,0.4692873,1,0.6657699,0.4788635,1,0.6374238,0.4337995,1,0.7029533,0.4652399,1,0.6455981,0.4405928,1,0.6207176
CubePlus_1094.tiff,0.4102167,1,0.7662539,0.6704977,1,0.9934899,0.5630569,1,0.8970115,0.4874946,1,0.79721,0.661873,1,0.9836352,0.509056,1,0.7862744,0.7320326,1,1.005078
CubePlus_1095.tiff,0.5940941,1,0.4209209,0.6052545,1,0.4115181,0.5973388,1,0.4162347,0.5948046,1,0.4503397,0.6064509,1,0.4127486,0.6077016,1,0.4045286,0.5602041,1,0.4550185
CubePlus_1096.tiff,0.446924,1,0.6604343,0.4442356,1,0.6818934,0.4441251,1,0.6678344,0.4237346,1,0.7029548,0.4351284,1,0.6964508,0.4580686,1,0.66237,0.4355284,1,0.6833063
CubePlus_1097.tiff,0.40982,1,0.7292962,0.4398786,1,0.7952433,0.4190667,1,0.7734286,0.4169485,1,0.7831515,0.4297135,1,0.7772624,0.4181586,1,0.7577476,0.545633,1,0.9225859
CubePlus_1106.tiff,0.4346779,1,0.6989765,0.4301464,1,0.7027899,0.4388966,1,0.6969957,0.4488138,1,0.6732081,0.4292781,1,0.7041794,0.4333891,1,0.6921117,0.4607392,1,0.6654788
CubePlus_1107.tiff,0.4339623,1,0.6913208,0.4616749,1,0.6634665,0.481977,1,0.6859576,0.506701,1,0.6460223,0.4615484,1,0.657441,0.4808239,1,0.604289,0.4382575,1,0.6738401
CubePlus_1108.tiff,0.3753228,1,0.7968436,0.3912245,1,0.781405,0.4095026,1,0.751734,0.4024927,1,0.7497593,0.4446274,1,0.6991981,0.4355867,1,0.6707043,0.3635972,1,0.808645
CubePlus_1114.tiff,0.4258929,1,0.697619,0.6631777,1,0.9362923,0.5652089,1,0.7421229,0.4988754,1,0.6673798,0.6528447,1,0.9277165,0.5259929,1,0.6382802,0.7544508,1,0.9930539
CubePlus_1117.tiff,0.4112061,1,0.7160494,0.4417979,1,0.6948581,0.418528,1,0.6901756,0.4182185,1,0.7393991,0.4469767,1,0.6792094,0.4520474,1,0.6820083,0.4438478,1,0.7535711
CubePlus_1119.tiff,0.426567,1,0.6913136,0.4811232,1,0.7673166,0.4714773,1,0.7361301,0.4983589,1,0.7520493,0.4808603,1,0.7502621,0.4855065,1,0.6890186,0.693563,1,0.9927942
CubePlus_1120.tiff,1.046992,1,0.1823308,1.021072,1,0.1931455,0.9883761,1,0.1860344,0.9258321,1,0.1967454,1.060437,1,0.1942207,1.047415,1,0.197139,1.055332,1,0.1782067
CubePlus_1122.tiff,0.4271152,1,0.7067618,0.7884596,1,0.9629559,0.6105154,1,0.7565086,0.611123,1,0.6975752,0.7654255,1,0.975145,0.5656721,1,0.6585382,0.9896672,1,1.002846
CubePlus_1130.tiff,1.053585,1,0.1754717,1.061035,1,0.1627636,1.073753,1,0.1538923,1.11277,1,0.1504049,1.046573,1,0.1664659,1.034521,1,0.1710236,1.074226,1,0.1722206
CubePlus_1140.tiff,0.4225079,1,0.6514674,0.4319334,1,0.7274591,0.4996017,1,0.6010382,0.4758131,1,0.5720345,0.401206,1,0.7606744,0.5248713,1,0.4824992,0.4822647,1,0.851981
CubePlus_1145.tiff,1.056462,1,0.2183187,1.113224,1,0.19763,1.119069,1,0.1902473,1.094267,1,0.2022567,1.124705,1,0.195466,1.107902,1,0.1970224,1.06727,1,0.2339859
CubePlus_1149.tiff,0.4319283,1,0.6867733,0.7786153,1,0.8782484,0.5462666,1,0.6020871,0.5051766,1,0.5427282,0.6753079,1,0.7633035,0.4664976,1,0.5326352,0.9374583,1,1.008984
CubePlus_1150.tiff,0.8223296,1,0.3381643,0.8627399,1,0.3264281,0.8802107,1,0.3173234,0.8682072,1,0.3283525,0.8757882,1,0.3256979,0.8623853,1,0.3216551,0.8519434,1,0.3347505
CubePlus_1152.tiff,0.4410562,1,0.6820379,0.4413667,1,0.6967645,0.4568863,1,0.6915889,0.4635042,1,0.6522507,0.4244569,1,0.7077647,0.4679052,1,0.6066165,0.6116853,1,0.8275236
CubePlus_1155.tiff,0.8328268,1,0.337386,0.8487246,1,0.3412231,0.8160278,1,0.3608601,0.8792957,1,0.4395953,0.8483863,1,0.3410423,0.8510001,1,0.3392272,0.8441341,1,0.328068
CubePlus_1156.tiff,0.4263585,1,0.7167445,0.4610567,1,0.6877038,0.4870003,1,0.6654189,0.4775153,1,0.6233085,0.4178044,1,0.758655,0.4860143,1,0.5945326,0.5341673,1,0.7571128
CubePlus_1157.tiff,0.4432678,1,0.6792738,0.4863527,1,0.5975484,0.4850564,1,0.6095933,0.4862877,1,0.5966814,0.4857324,1,0.5972189,0.4893105,1,0.5938667,0.4671519,1,0.6128004
CubePlus_1159.tiff,0.435867,1,0.7036817,0.4461618,1,0.6919318,0.4422758,1,0.686619,0.4749874,1,0.7062153,0.4450867,1,0.6908977,0.4701947,1,0.6947319,0.4409295,1,0.6939059
CubePlus_1162.tiff,0.4520548,1,0.6528376,0.5895923,1,0.5332367,0.6227227,1,0.5219473,0.5759096,1,0.5187337,0.5643814,1,0.5316801,0.6284456,1,0.5187541,0.5046455,1,0.5855779
CubePlus_1169.tiff,0.432598,1,0.7071078,0.4310364,1,0.7009931,0.4219556,1,0.7070878,0.4270268,1,0.7030289,0.4322337,1,0.6997637,0.4488678,1,0.6881807,0.4253434,1,0.6980765
CubePlus_1170.tiff,0.5619208,1,0.463353,0.5773709,1,0.4180306,0.5725077,1,0.4340213,0.5944115,1,0.4606549,0.5759516,1,0.4140843,0.58447,1,0.4258995,0.5550581,1,0.4700947
CubePlus_1172.tiff,0.4344704,1,0.7037702,0.4296106,1,0.7014532,0.4372395,1,0.6951678,0.4561975,1,0.7074902,0.4293712,1,0.7020916,0.4282775,1,0.69592,0.4689249,1,0.6382376
CubePlus_1174.tiff,0.4294155,1,0.6846009,0.4930272,1,0.6106414,0.5062641,1,0.5875519,0.492027,1,0.6002081,0.4962084,1,0.6129209,0.5066234,1,0.6096734,0.4786781,1,0.6684989
CubePlus_1177.tiff,0.4575916,1,0.6502618,0.5556625,1,0.7139465,0.4947292,1,0.7018171,0.4837756,1,0.6960281,0.465998,1,0.6615558,0.4816671,1,0.6468426,0.7374165,1,0.847968
CubePlus_1195.tiff,0.8281037,1,0.3383356,0.7627139,1,0.7009925,0.8090666,1,0.3577846,0.7980123,1,0.3656462,0.8440568,1,0.3474155,0.8576648,1,0.3481817,0.7186823,1,0.8959431
CubePlus_1197.tiff,0.4459854,1,0.6854015,0.4609182,1,0.663871,0.5123653,1,0.5875092,0.4572322,1,0.6430373,0.4892223,1,0.6139786,0.4914908,1,0.6200386,0.4212535,1,0.7043809
CubePlus_1198.tiff,0.4308921,1,0.6958722,0.4789336,1,0.6685255,0.4581209,1,0.6555293,0.4897608,1,0.6184531,0.4706813,1,0.6279014,0.4830567,1,0.6096021,0.5636882,1,0.8848812
CubePlus_1202.tiff,0.4496689,1,0.6993377,0.5171476,1,0.6513773,0.5372268,1,0.6477924,0.4417173,1,0.684262,0.558031,1,0.6364662,0.4971034,1,0.6562122,0.5338044,1,0.6646022
CubePlus_1203.tiff,0.4258027,1,0.6932311,0.7167534,1,0.8465801,0.5113302,1,0.6447857,0.5523039,1,0.6581824,0.6378132,1,0.7911888,0.5079962,1,0.5378515,0.9894877,1,1.007083
CubePlus_1208.tiff,0.4350716,1,0.696319,0.4397275,1,0.6921643,0.4469863,1,0.6849583,0.4448302,1,0.6840497,0.4394777,1,0.6932929,0.4573523,1,0.6676028,0.4534974,1,0.6634915
CubePlus_1214.tiff,0.4247866,1,0.7335885,0.447067,1,0.7852321,0.4437866,1,0.794112,0.4437703,1,0.7435057,0.4403246,1,0.7812053,0.4366379,1,0.7641595,0.6585057,1,0.8266718
CubePlus_1218.tiff,0.435443,1,0.6949367,0.4566,1,0.6701767,0.508702,1,0.6156269,0.4994359,1,0.5934891,0.4421993,1,0.6829147,0.4848724,1,0.6011968,0.4444718,1,0.683791
CubePlus_1225.tiff,1.074558,1,0.1777591,1.088544,1,0.2110362,1.189539,1,0.13157,1.17321,1,0.1333585,1.183394,1,0.1443277,1.162341,1,0.1378356,1.001793,1,0.2628326
CubePlus_1228.tiff,0.4536489,1,0.6745562,0.4778473,1,0.6068294,0.4673395,1,0.6135283,0.4767562,1,0.5992135,0.4732066,1,0.6079163,0.4870916,1,0.5921581,0.6462967,1,0.7392406
CubePlus_1233.tiff,0.3572327,1,0.8264151,0.6065063,1,0.6947084,0.5690597,1,0.6585735,0.563905,1,0.6893217,0.6346613,1,0.7097039,0.5450412,1,0.6593702,0.7506475,1,0.844595
CubePlus_1234.tiff,0.4557927,1,0.6722561,0.4519935,1,0.7189999,0.4678382,1,0.6404337,0.4363976,1,0.6947562,0.48452,1,0.6308534,0.4806704,1,0.62181,0.3469103,1,0.8494265
CubePlus_1240.tiff,1.06918,1,0.172405,1.016026,1,0.4018302,1.048762,1,0.2117058,1.068171,1,0.2243516,1.064673,1,0.2441777,1.07014,1,0.1820144,1.001732,1,0.5154018
CubePlus_1241.tiff,0.4381564,1,0.6884481,0.4612556,1,0.6383959,0.4685726,1,0.6243444,0.5074295,1,0.6078756,0.4418244,1,0.6396841,0.4782589,1,0.6130307,0.4128626,1,0.7346323
CubePlus_1243.tiff,0.3971261,1,0.7687786,0.4897399,1,0.6427657,0.5015318,1,0.6111469,0.5382642,1,0.6027328,0.4495692,1,0.6539545,0.4892581,1,0.576846,0.5457917,1,0.7331973
CubePlus_1246.tiff,0.4419476,1,0.6975656,0.4328888,1,0.7257043,0.4673088,1,0.6917351,0.514922,1,0.6067611,0.411772,1,0.747455,0.4330228,1,0.6919221,0.5033555,1,0.5705956
CubePlus_1247.tiff,0.4275701,1,0.7196262,0.4323703,1,0.7022467,0.4364271,1,0.7011337,0.4373198,1,0.7072876,0.4333365,1,0.7009507,0.4302845,1,0.7020145,0.4231329,1,0.7155493
CubePlus_1261.tiff,0.4274119,1,0.7001392,0.5966883,1,0.8910205,0.5985532,1,0.8885948,0.509723,1,0.7617424,0.6352639,1,0.9086923,0.5349868,1,0.8081745,0.8307581,1,0.9942725
CubePlus_1265.tiff,0.8323094,1,0.3356086,0.9255381,1,0.3193359,0.910714,1,0.285509,0.8932994,1,0.3013795,0.9846068,1,0.2959381,0.9460903,1,0.2761935,0.9950119,1,0.3946919
CubePlus_1272.tiff,0.4608451,1,0.6425352,0.6160458,1,0.8744968,0.5916795,1,0.7074618,0.5421147,1,0.6463858,0.6213069,1,0.7354979,0.5472411,1,0.5750199,0.9164571,1,0.9729204
CubePlus_1273.tiff,0.4284704,1,0.7075183,0.432326,1,0.6849894,0.4322757,1,0.6614,0.436007,1,0.6721635,0.4371847,1,0.6721628,0.4424963,1,0.5857115,0.4320666,1,0.742137
CubePlus_1276.tiff,0.4262594,1,0.7105135,0.5336344,1,0.6063949,0.4107035,1,0.7087047,0.4345425,1,0.6864171,0.5531577,1,0.6009208,0.5778827,1,0.5584598,0.4640836,1,0.6340924
CubePlus_1277.tiff,0.4281378,1,0.6918407,0.4478479,1,0.6636306,0.4775714,1,0.6586623,0.4867064,1,0.6098954,0.4419233,1,0.6669609,0.4605304,1,0.598848,0.4445937,1,0.6287706
CubePlus_1278.tiff,0.4408353,1,0.6902552,0.4306245,1,0.6986262,0.437916,1,0.7000366,0.4723767,1,0.6651856,0.4304401,1,0.6990234,0.4422005,1,0.677484,0.4482184,1,0.6939003
CubePlus_1284.tiff,0.4252824,1,0.7158992,0.591279,1,0.7994803,0.6666426,1,0.8175032,0.7650625,1,0.7303428,0.6420378,1,0.8298597,0.4796523,1,0.7456104,1.003039,1,0.9973385
CubePlus_1288.tiff,0.3628724,1,0.8212376,0.4068282,1,0.7795088,0.4509195,1,0.6692506,0.4572246,1,0.6686495,0.3994703,1,0.7887051,0.4862076,1,0.6392316,0.4057031,1,0.8322415
CubePlus_1293.tiff,0.4514509,1,0.655692,0.4910269,1,0.7167542,0.4387156,1,0.7064741,0.4772457,1,0.6705111,0.4456704,1,0.7784586,0.4420727,1,0.6801522,0.7473897,1,0.8450299
CubePlus_1300.tiff,0.8305228,1,0.336425,0.8542716,1,0.3395936,0.7509546,1,0.3401923,0.8211563,1,0.3717013,0.8474143,1,0.3405456,0.9163098,1,0.3366407,0.8518727,1,0.3371494
CubePlus_1306.tiff,0.3875256,1,0.7798228,0.401505,1,0.7847922,0.3980195,1,0.7728162,0.3844772,1,0.7966188,0.4020137,1,0.785245,0.4082395,1,0.7664586,0.3795093,1,0.7997116
CubePlus_1308.tiff,0.4385665,1,0.6962457,0.4338715,1,0.6957162,0.4265038,1,0.7000834,0.4290051,1,0.7004912,0.4340425,1,0.6970856,0.4451584,1,0.6857004,0.4432794,1,0.6926734
CubePlus_1309.tiff,0.4340136,1,0.6979592,0.4297623,1,0.7016741,0.4292077,1,0.6985601,0.4354217,1,0.6951338,0.4286927,1,0.7000289,0.4321476,1,0.6962778,0.4255588,1,0.6975306
CubePlus_1313.tiff,0.4257728,1,0.6791467,0.4479311,1,0.6408007,0.4220895,1,0.7107745,0.4016785,1,0.7144509,0.4629789,1,0.6731074,0.4657959,1,0.6593431,0.4483735,1,0.6004643
CubePlus_1315.tiff,0.8446328,1,0.3295669,0.8548162,1,0.3199883,0.8791911,1,0.3044122,0.8941903,1,0.3119387,0.8573379,1,0.3187055,0.8426473,1,0.3296726,0.8738291,1,0.3194493
CubePlus_1320.tiff,1.097067,1,0.1717877,1.1208,1,0.1678557,1.113747,1,0.1665043,1.124075,1,0.1689261,1.122674,1,0.166285,1.12427,1,0.1664539,1.104548,1,0.1785041
CubePlus_1325.tiff,1.112557,1,0.2075792,1.087313,1,0.202651,1.096347,1,0.2021595,1.098155,1,0.2096595,1.082247,1,0.2031517,1.100512,1,0.201493,1.115262,1,0.2052278
CubePlus_1328.tiff,0.4423963,1,0.6834101,0.4855569,1,0.4679986,0.517518,1,0.4551963,0.5176639,1,0.5078256,0.4832456,1,0.4650891,0.4822969,1,0.4632802,0.5107016,1,0.7231877
CubePlus_1332.tiff,0.4349206,1,0.6947846,0.4684905,1,0.6579115,0.4933749,1,0.6061081,0.4907429,1,0.6142538,0.4697462,1,0.6648989,0.5061005,1,0.5906455,0.4309615,1,0.6979672
CubePlus_1339.tiff,0.4128828,1,0.750792,0.4194279,1,0.7312775,0.4093089,1,0.699304,0.4045138,1,0.7500267,0.4189429,1,0.7448621,0.4241276,1,0.7200931,0.4301979,1,0.704327
CubePlus_1340.tiff,0.608209,1,0.4141791,0.5893391,1,0.4283396,0.5708996,1,0.4352182,0.6117693,1,0.4899558,0.5898537,1,0.4282712,0.5910536,1,0.42587,0.5858083,1,0.4372241
CubePlus_1342.tiff,0.4336657,1,0.7002115,0.4375082,1,0.7331137,0.4471282,1,0.7093141,0.4500605,1,0.6962301,0.4274042,1,0.721772,0.4438204,1,0.6787529,0.5671538,1,0.892021
CubePlus_1343.tiff,0.4399048,1,0.6878223,0.4825061,1,0.6289213,0.4883619,1,0.6381394,0.4752164,1,0.6504388,0.4843667,1,0.626568,0.4783924,1,0.6290074,0.4859795,1,0.6222372
CubePlus_1344.tiff,0.4326923,1,0.7097356,0.5343615,1,0.5977854,0.5512061,1,0.5400675,0.5247311,1,0.5698057,0.5531131,1,0.5334475,0.5426973,1,0.5499921,0.4135948,1,0.7973433
CubePlus_1345.tiff,0.834322,1,0.3326271,0.9252533,1,0.3240924,1.194728,1,0.3363127,0.9641444,1,0.3020389,1.130581,1,0.3004972,1.034551,1,0.2864878,0.8503393,1,0.3423107
CubePlus_1347.tiff,0.3971211,1,0.7629128,0.3882162,1,0.7808961,0.3538981,1,0.8112666,0.3835456,1,0.7930772,0.3816894,1,0.7825996,0.407738,1,0.7593721,0.4811092,1,0.6825791
CubePlus_1348.tiff,0.4512658,1,0.656962,0.4888455,1,0.6718418,0.4474628,1,0.6957828,0.4751804,1,0.6466118,0.5223195,1,0.6938629,0.4562247,1,0.6764364,0.448888,1,0.6697722
CubePlus_1349.tiff,0.4381068,1,0.6959951,0.4222739,1,0.7355058,0.4382748,1,0.7016323,0.4286814,1,0.7129669,0.4009449,1,0.7589822,0.4630026,1,0.6745792,0.3934671,1,0.7371073
CubePlus_1350.tiff,0.503653,1,0.5196642,0.8428445,1,0.6106147,0.7294371,1,0.3506751,0.6885889,1,0.3786066,0.7807621,1,0.5218354,0.6938967,1,0.3700557,0.9812014,1,0.8002039
CubePlus_1352.tiff,0.4042871,1,0.7447657,0.4430002,1,0.7085743,0.4763186,1,0.6691619,0.4984061,1,0.5949312,0.4165339,1,0.7341987,0.4933225,1,0.6039543,0.407731,1,0.739302
CubePlus_1353.tiff,0.4031311,1,0.7686889,0.6652139,1,0.9960737,0.6483027,1,0.9360608,0.586365,1,0.8546612,0.6784243,1,0.9961769,0.5800013,1,0.9306596,0.7672887,1,0.9981306
CubePlus_1355.tiff,0.8267327,1,0.3465347,0.8658549,1,0.4053846,0.800717,1,0.3348826,0.834347,1,0.4007624,0.8455021,1,0.3364494,0.891267,1,0.333008,1.007449,1,0.6963243
CubePlus_1358.tiff,0.340678,1,0.870339,0.4009115,1,0.716757,0.3839931,1,0.7342646,0.379468,1,0.757904,0.4011292,1,0.7171134,0.413011,1,0.7041614,0.3698006,1,0.8435385
CubePlus_1359.tiff,0.4311558,1,0.7070352,0.4204181,1,0.7118593,0.4094715,1,0.7198756,0.4166505,1,0.7053389,0.419757,1,0.709467,0.4591628,1,0.6836592,0.4214698,1,0.7197147
CubePlus_1360.tiff,1.094372,1,0.1870381,1.093318,1,0.4964426,1.119472,1,0.1962642,1.109893,1,0.2139346,1.153043,1,0.1952617,1.123955,1,0.2017887,1.003229,1,0.9515905
CubePlus_1367.tiff,0.430567,1,0.7009039,0.4396673,1,0.66626,0.4676003,1,0.6259316,0.4717728,1,0.6387603,0.4394464,1,0.6654529,0.4565045,1,0.6329372,0.4522284,1,0.6436949
CubePlus_1368.tiff,0.4365782,1,0.6936367,0.4605302,1,0.645252,0.4646673,1,0.6872544,0.468701,1,0.6576071,0.4669064,1,0.6126598,0.4713979,1,0.565396,0.4809152,1,0.6572443
CubePlus_1369.tiff,0.3622783,1,0.8295985,0.3887912,1,0.7833624,0.3732022,1,0.7890766,0.441413,1,0.7412144,0.3888896,1,0.7829922,0.4125583,1,0.7598941,0.384604,1,0.7986597
CubePlus_1379.tiff,0.4421437,1,0.6857491,0.3990953,1,0.7783352,0.4290141,1,0.7212349,0.4694948,1,0.6692988,0.3926794,1,0.7861141,0.4128227,1,0.7534209,0.5030528,1,0.7174807
CubePlus_1380.tiff,0.7288765,1,0.3454039,0.7388796,1,0.2936152,0.6998339,1,0.2617315,0.7967959,1,0.3407904,0.7378733,1,0.2682784,0.7582997,1,0.2293963,0.7351156,1,0.3591785
CubePlus_1381.tiff,0.4491694,1,0.6770764,0.4565748,1,0.6618001,0.4744615,1,0.6587905,0.4754692,1,0.6227845,0.4528467,1,0.6840282,0.4494713,1,0.6603288,0.4517119,1,0.6421655
CubePlus_1382.tiff,0.4475066,1,0.6692913,0.4420821,1,0.6546369,0.4439284,1,0.6453534,0.4603082,1,0.6159279,0.4400704,1,0.6523651,0.4523028,1,0.6257184,0.7206338,1,0.8541454
CubePlus_1389.tiff,0.445815,1,0.6713656,0.4702449,1,0.6681836,0.4567955,1,0.6626741,0.4794507,1,0.6592171,0.4592727,1,0.6568852,0.4633696,1,0.6427415,0.9747871,1,0.9890049
CubePlus_1391.tiff,0.4481365,1,0.6585092,0.5099083,1,0.5783459,0.5651279,1,0.5312678,0.5268707,1,0.5292673,0.4954509,1,0.5855647,0.5191645,1,0.5447666,0.5619868,1,0.6856456
CubePlus_1395.tiff,0.8261249,1,0.3363914,0.896403,1,0.3122869,0.843232,1,0.3114449,0.8948293,1,0.3029411,0.9149782,1,0.3031144,0.9679343,1,0.2903207,0.7638486,1,0.3763321
CubePlus_1396.tiff,0.432603,1,0.687422,0.4587247,1,0.7699433,0.4951809,1,0.7513709,0.4748308,1,0.6382542,0.4487675,1,0.7571586,0.4394713,1,0.683034,0.5220871,1,0.8479063
CubePlus_1402.tiff,0.4345772,1,0.7014644,0.4046578,1,0.757417,0.3943055,1,0.7651718,0.3962199,1,0.7644785,0.4152168,1,0.7535496,0.413729,1,0.7483011,0.4461449,1,0.694806
CubePlus_1407.tiff,0.4179677,1,0.7099425,0.3979641,1,0.7906411,0.4699439,1,0.7231611,0.4359625,1,0.7521908,0.3855405,1,0.7934405,0.4851174,1,0.7120169,0.3745275,1,0.8220239
CubePlus_1408.tiff,0.4384532,1,0.6843682,0.4861575,1,0.5291414,0.4960984,1,0.5109129,0.5084705,1,0.5648226,0.4784266,1,0.4794354,0.4801008,1,0.4673891,0.4869431,1,0.6079186
CubePlus_1410.tiff,0.5650558,1,0.4609666,0.5510766,1,0.4992835,0.5461271,1,0.5112139,0.5886896,1,0.4484692,0.5428226,1,0.517923,0.5746803,1,0.4572552,0.5955742,1,0.580275
CubePlus_1416.tiff,0.4335697,1,0.6884161,0.5245058,1,0.4965817,0.5202623,1,0.5433787,0.5172188,1,0.4813124,0.5249173,1,0.4907922,0.5159849,1,0.4740822,0.5445724,1,0.5305499
CubePlus_1417.tiff,0.3533519,1,0.8533519,0.3796211,1,0.7944377,0.3673901,1,0.8303292,0.3745857,1,0.8117148,0.3820045,1,0.7876191,0.3949744,1,0.7541372,0.3603517,1,0.8182319
CubePlus_1419.tiff,0.3791946,1,0.8137584,0.4047147,1,0.7581204,0.4196082,1,0.7351231,0.4441799,1,0.6952756,0.3982758,1,0.766738,0.4228519,1,0.7098421,0.413746,1,0.7892194
CubePlus_1421.tiff,0.437384,1,0.6910946,0.446008,1,0.6711974,0.4590003,1,0.6210306,0.4692739,1,0.6228475,0.4542237,1,0.6598703,0.4952312,1,0.5883929,0.4289731,1,0.6905759
CubePlus_1424.tiff,0.4247995,1,0.6997849,0.4581568,1,0.6448126,0.476513,1,0.5954928,0.4606655,1,0.597596,0.4798519,1,0.5705856,0.4631436,1,0.5305357,0.4514708,1,0.675909
CubePlus_1426.tiff,0.4517544,1,0.6929824,0.4067114,1,0.7532776,0.4236829,1,0.71465,0.4247965,1,0.7118213,0.4146669,1,0.736707,0.4079953,1,0.7508822,0.4325692,1,0.6969301
CubePlus_1431.tiff,0.4814371,1,0.6299401,0.5159565,1,0.6122628,0.5439264,1,0.5995883,0.5229181,1,0.5583802,0.5153651,1,0.6904255,0.4468151,1,0.6626699,0.5195295,1,0.5610312
CubePlus_1433.tiff,0.4560229,1,0.6586998,0.5473876,1,0.5680831,0.5406235,1,0.4915787,0.5043917,1,0.5529878,0.5821879,1,0.5826902,0.4937965,1,0.5569087,0.5821836,1,0.6454472
CubePlus_1434.tiff,0.4202454,1,0.7377301,0.4073314,1,0.7534062,0.4094394,1,0.7444262,0.4079808,1,0.7492011,0.408277,1,0.7524231,0.4151588,1,0.7378323,0.4094478,1,0.7554495
CubePlus_1437.tiff,0.4287599,1,0.7117414,0.5163428,1,0.6056508,0.5279204,1,0.581892,0.5106913,1,0.6001744,0.5422376,1,0.5621222,0.5428565,1,0.5771486,0.4556815,1,0.7080373
CubePlus_1441.tiff,0.4211729,1,0.7250571,0.4437879,1,0.6816742,0.4806129,1,0.6104508,0.534233,1,0.5302557,0.4418304,1,0.6802174,0.4148482,1,0.7120798,0.5396921,1,0.6743087
CubePlus_1442.tiff,0.4337152,1,0.7070376,0.4253638,1,0.7054827,0.4175008,1,0.7139553,0.4376593,1,0.7008354,0.4257177,1,0.7033907,0.4483763,1,0.6884511,0.4211086,1,0.7072592
CubePlus_1443.tiff,0.4360232,1,0.6941596,0.4444728,1,0.6929603,0.4531777,1,0.6621889,0.4642723,1,0.6448128,0.4242365,1,0.722525,0.4519815,1,0.6590464,0.5290634,1,0.6865082
CubePlus_1444.tiff,0.4344123,1,0.689381,0.4833466,1,0.6104383,0.4805832,1,0.6132151,0.4770147,1,0.6231821,0.483571,1,0.611539,0.4836077,1,0.6096531,0.4819006,1,0.7499002
CubePlus_1446.tiff,0.4362765,1,0.6931682,0.4617729,1,0.7709618,0.4417555,1,0.7386876,0.4451462,1,0.7065775,0.4631307,1,0.7725759,0.4583873,1,0.6911248,0.5734115,1,0.9116003
CubePlus_1447.tiff,0.348718,1,0.8610256,0.4605233,1,0.8497282,0.4401472,1,0.7554167,0.4461409,1,0.7740904,0.4369272,1,0.8255881,0.4499667,1,0.6894476,0.7143552,1,1.009108
CubePlus_1448.tiff,0.4391408,1,0.6945107,0.4487068,1,0.6686591,0.4510752,1,0.6793106,0.4620562,1,0.663681,0.4479254,1,0.6692543,0.4494712,1,0.6643442,0.7934063,1,0.7071708
CubePlus_1456.tiff,0.4054321,1,0.7481482,0.480712,1,0.6316255,0.4777865,1,0.6856209,0.5069371,1,0.6528488,0.4835694,1,0.6218418,0.4667112,1,0.6275404,0.4764886,1,0.6138466
CubePlus_1457.tiff,0.4242991,1,0.7077882,0.4866908,1,0.6028286,0.4694696,1,0.5856153,0.4758622,1,0.604598,0.4966536,1,0.5172465,0.489893,1,0.5248645,0.6162087,1,0.815918
CubePlus_1458.tiff,0.4514706,1,0.6705882,0.452959,1,0.648626,0.4562588,1,0.6441667,0.4534104,1,0.6408337,0.452843,1,0.6493806,0.4525303,1,0.650333,0.4686424,1,0.6594171
CubePlus_1461.tiff,0.4384044,1,0.6840047,0.4673631,1,0.6608121,0.4588047,1,0.6584595,0.5496087,1,0.6551628,0.4711585,1,0.6392739,0.492801,1,0.6110216,0.4422972,1,0.6974416
CubePlus_1462.tiff,0.4545455,1,0.6340326,0.448458,1,0.6856384,0.4531059,1,0.7192227,0.4538816,1,0.7092826,0.439214,1,0.6807984,0.4474042,1,0.6765686,0.4834105,1,0.714616
CubePlus_1470.tiff,0.8260038,1,0.334608,0.8505307,1,0.3277022,0.8268836,1,0.3232894,0.8526303,1,0.3574717,0.8508073,1,0.327195,0.8525905,1,0.3276282,0.8352596,1,0.3670676
CubePlus_1471.tiff,0.4291684,1,0.7112411,0.4609667,1,0.7290222,0.4255825,1,0.717044,0.4703954,1,0.6932951,0.4182811,1,0.7402215,0.4456685,1,0.6925103,0.9477239,1,0.7693944
CubePlus_1474.tiff,0.4337274,1,0.6905206,0.4973729,1,0.6036648,0.5142282,1,0.5601687,0.5071948,1,0.6360374,0.5042458,1,0.5736225,0.4875662,1,0.5823125,0.3986174,1,0.7854625
CubePlus_1475.tiff,1.063213,1,0.2053654,1.023647,1,0.2277133,1.084208,1,0.1922557,1.065769,1,0.1786496,1.043891,1,0.2022549,1.041392,1,0.1654005,1.000237,1,0.3913363
CubePlus_1479.tiff,0.4296936,1,0.7046347,0.4561537,1,0.6443374,0.4660739,1,0.6271169,0.4544324,1,0.6514898,0.4576788,1,0.6415236,0.4511706,1,0.6497309,0.4690363,1,0.6344715
CubePlus_1480.tiff,1.102991,1,0.1735297,1.069608,1,0.4520536,1.09412,1,0.1996054,1.079448,1,0.1952222,1.093182,1,0.2075027,1.097009,1,0.1746673,0.9970175,1,0.7552578
CubePlus_1482.tiff,0.4115756,1,0.7427653,0.4392063,1,0.6798591,0.4887477,1,0.5898334,0.5492324,1,0.5251146,0.4368325,1,0.6742086,0.4213177,1,0.7094923,0.4854096,1,0.6792467
CubePlus_1485.tiff,0.8577586,1,0.3362069,0.8465213,1,0.3465253,0.8329001,1,0.3426478,0.8246478,1,0.3787756,0.8456563,1,0.3388126,0.8474037,1,0.3393302,0.9167133,1,0.4419495
CubePlus_1486.tiff,0.4408311,1,0.6892502,0.4345733,1,0.692638,0.4304074,1,0.6835165,0.4421652,1,0.6782558,0.4352726,1,0.6927985,0.4396997,1,0.6922224,0.4251094,1,0.6956923
CubePlus_1487.tiff,0.420082,1,0.715847,0.4193765,1,0.7403605,0.3961954,1,0.7690573,0.3891096,1,0.7664323,0.4284661,1,0.7236524,0.3953882,1,0.7410941,0.5724602,1,0.5558118
CubePlus_1488.tiff,0.371116,1,0.8131291,0.3526614,1,0.800766,0.3432482,1,0.776826,0.3526775,1,0.8011021,0.3535155,1,0.8181439,0.3515697,1,0.7571013,0.360014,1,0.8307368
CubePlus_1492.tiff,0.4403088,1,0.6865178,0.4387168,1,0.6753962,0.4728736,1,0.6342763,0.4461837,1,0.6737504,0.4515526,1,0.6776012,0.4622796,1,0.6791733,0.430436,1,0.6731189
CubePlus_1493.tiff,0.4272886,1,0.6914443,0.5110085,1,0.6438147,0.5160071,1,0.6251565,0.4622787,1,0.6516689,0.5294138,1,0.627145,0.515054,1,0.6087571,0.6645447,1,0.8611623
CubePlus_1494.tiff,0.4323412,1,0.6916232,0.4203887,1,0.706388,0.4597149,1,0.6702119,0.4727407,1,0.6334651,0.4203197,1,0.706504,0.4667245,1,0.6321603,0.4448867,1,0.7231222
CubePlus_1495.tiff,0.8130841,1,0.3489097,0.8269881,1,0.3510153,0.90585,1,0.3397459,1.129967,1,0.4062419,0.8212593,1,0.3513103,0.8171053,1,0.3510353,0.8906888,1,0.3641659
CubePlus_1496.tiff,0.4583822,1,0.6576788,0.4589455,1,0.6440394,0.5082759,1,0.6649198,0.4135644,1,0.6968126,0.4577621,1,0.6150871,0.4998652,1,0.647449,0.4304382,1,0.5947856
CubePlus_1500.tiff,0.822732,1,0.3441084,0.8263699,1,0.3375127,0.8488548,1,0.3434382,0.9672183,1,0.521639,0.8260944,1,0.3375852,0.8241314,1,0.3366028,0.8532339,1,0.3147154
CubePlus_1503.tiff,0.4092141,1,0.7723577,0.4132093,1,0.8523932,0.4052273,1,0.8090854,0.4536726,1,0.710914,0.367477,1,0.8981739,0.4408166,1,0.7187314,0.4792573,1,0.8094864
CubePlus_1504.tiff,0.4176194,1,0.7225958,0.4900848,1,0.4564371,0.5295306,1,0.4215576,0.5341417,1,0.4381974,0.4828766,1,0.4042284,0.480226,1,0.4005723,0.4761817,1,0.5797743
CubePlus_1510.tiff,0.8222858,1,0.3393737,0.8562917,1,0.4380719,0.8812766,1,0.3329959,0.871282,1,0.3604725,0.8469573,1,0.3328507,0.7616652,1,0.3281911,1.005661,1,0.9904795
CubePlus_1512.tiff,0.4249493,1,0.7079107,0.4848682,1,0.6017654,0.4938023,1,0.6296085,0.4833486,1,0.5702766,0.4803828,1,0.6045074,0.4847929,1,0.5446734,0.6383108,1,0.6034882
CubePlus_1517.tiff,0.4384179,1,0.6776973,0.5788292,1,0.9334718,0.6928664,1,1.034193,1.024471,1,1.003473,0.5698648,1,0.9391142,0.5437156,1,0.8682035,0.9696151,1,0.992633
CubePlus_1519.tiff,0.4311103,1,0.6948795,0.4534532,1,0.6670998,0.4616469,1,0.6924548,0.4916173,1,0.6279776,0.4616164,1,0.6578116,0.452575,1,0.7190156,0.440452,1,0.6658975
CubePlus_1524.tiff,0.4045093,1,0.7612732,0.4699594,1,0.684543,0.4700792,1,0.706135,0.4978291,1,0.6963402,0.4672763,1,0.6682333,0.4950904,1,0.6533951,0.525003,1,0.5582887
CubePlus_1527.tiff,0.4247788,1,0.7144007,0.4339765,1,0.6963948,0.4696311,1,0.6438837,0.4933343,1,0.6059588,0.4260225,1,0.7065695,0.4265508,1,0.7003677,0.4579458,1,0.6464925
CubePlus_1528.tiff,0.4380952,1,0.7037037,0.4206257,1,0.7219979,0.4196341,1,0.720311,0.42058,1,0.7193023,0.4207969,1,0.7224084,0.42229,1,0.7176162,0.4212976,1,0.7233648
CubePlus_1530.tiff,0.9549303,1,0.2207047,0.999994,1,0.2393836,1.015173,1,0.1699533,1.03323,1,0.169405,1.006497,1,0.1810114,1.033367,1,0.1780583,0.9997248,1,0.2752299
CubePlus_1535.tiff,0.8375635,1,0.3324873,0.834026,1,0.3311739,0.8284248,1,0.333337,0.8473491,1,0.3505561,0.8348086,1,0.3305014,0.836477,1,0.3325334,0.7580709,1,0.358284
CubePlus_1540.tiff,0.8188503,1,0.3409091,0.8408276,1,0.3377376,0.8269523,1,0.3371125,0.8325672,1,0.3514171,0.8389684,1,0.3359547,0.8279835,1,0.3456092,1.003125,1,0.3396733
CubePlus_1546.tiff,0.4175713,1,0.7427417,0.6739406,1,0.8455385,0.5383208,1,0.7147933,0.5377126,1,0.7295828,0.6218159,1,0.7770432,0.5418158,1,0.6586757,0.9577406,1,0.9685261
CubePlus_1547.tiff,0.4360684,1,0.6935344,0.4607154,1,0.7235792,0.4746019,1,0.6953713,0.5431623,1,0.5949793,0.4376788,1,0.7219519,0.4308661,1,0.6861615,0.7655019,1,0.9668587
CubePlus_1548.tiff,0.4571781,1,0.6447936,0.5473939,1,0.5769763,0.5324689,1,0.4961644,0.5067884,1,0.5254758,0.5484768,1,0.5803476,0.4921576,1,0.4871663,0.5330618,1,0.7930606
CubePlus_1553.tiff,0.4455899,1,0.6741123,0.4445007,1,0.7458263,0.437667,1,0.740996,0.4633439,1,0.6882518,0.399761,1,0.7590885,0.4304439,1,0.6838996,0.7545182,1,0.9677412
CubePlus_1554.tiff,0.4366577,1,0.6913747,0.4390237,1,0.6834484,0.4297631,1,0.6674821,0.4498367,1,0.6612005,0.4402942,1,0.6828909,0.4550571,1,0.6612788,0.4523999,1,0.6815842
CubePlus_1556.tiff,0.3779637,1,0.7991632,0.4302702,1,0.702416,0.4279988,1,0.6972324,0.4348116,1,0.6909199,0.428898,1,0.7069597,0.4434542,1,0.6819089,0.4295399,1,0.702892
CubePlus_1559.tiff,0.4182868,1,0.7141448,0.4647611,1,0.4749676,0.4799436,1,0.4423288,0.4644168,1,0.4696918,0.4629858,1,0.4513159,0.4556533,1,0.4505064,0.4316863,1,0.5712857
CubePlus_1567.tiff,0.4315023,1,0.6988749,0.4338425,1,0.6850218,0.442499,1,0.6788453,0.4742424,1,0.5974774,0.4344669,1,0.6842865,0.4296603,1,0.684358,0.4387861,1,0.6949514
CubePlus_1572.tiff,0.421745,1,0.7072935,0.4812201,1,0.4818783,0.5124253,1,0.4666304,0.5042033,1,0.4468425,0.4733563,1,0.4831624,0.4556399,1,0.4705723,0.4861687,1,0.5952141
CubePlus_1575.tiff,0.6036036,1,0.3972154,0.8314114,1,0.2935522,0.7604727,1,0.2781357,0.8246204,1,0.2925724,0.8570868,1,0.2957474,0.8485352,1,0.2584043,0.610266,1,0.4157947
CubePlus_1582.tiff,0.4321891,1,0.6989308,0.4434935,1,0.6840379,0.4409208,1,0.6965933,0.4250899,1,0.7031428,0.4466398,1,0.6801882,0.4299774,1,0.6971185,0.4290086,1,0.6984642
CubePlus_1584.tiff,0.4284512,1,0.7003367,0.4285107,1,0.6983061,0.4388727,1,0.677378,0.4643325,1,0.6441738,0.4263442,1,0.7018669,0.4357678,1,0.6764403,0.460329,1,0.6323493
CubePlus_1586.tiff,0.4323713,1,0.6955291,0.4287497,1,0.698822,0.431958,1,0.6959988,0.4535857,1,0.6724422,0.4293956,1,0.6987629,0.4395394,1,0.677598,0.4350449,1,0.7037314
CubePlus_1589.tiff,0.4275233,1,0.6934193,0.4643827,1,0.6351166,0.4704943,1,0.6134599,0.4664628,1,0.6060097,0.4667282,1,0.6185824,0.4643945,1,0.5549684,0.5216821,1,0.7781437
CubePlus_1590.tiff,0.5045849,1,0.5166506,0.5394881,1,0.4950988,0.5312237,1,0.4843938,0.5324035,1,0.4791926,0.5445968,1,0.4851715,0.5365006,1,0.473963,0.6871049,1,0.7542965
CubePlus_1591.tiff,0.4445575,1,0.7395727,0.3285992,1,0.8924671,0.3583191,1,0.8396998,0.4114252,1,0.7589018,0.3286262,1,0.8934903,0.3811708,1,0.8161463,0.3315988,1,0.9141165
CubePlus_1592.tiff,0.439222,1,0.6888168,0.4441009,1,0.6773971,0.4216675,1,0.6787503,0.4156554,1,0.6811321,0.4452219,1,0.677438,0.4547498,1,0.6699307,0.4293735,1,0.6870148
CubePlus_1595.tiff,0.8271028,1,0.3395639,0.8354,1,0.343512,0.8698569,1,0.3436453,0.8967249,1,0.5576964,0.8429107,1,0.3402428,0.8187935,1,0.3482254,0.8674326,1,0.3507381
CubePlus_1597.tiff,0.4494175,1,0.6787247,0.486349,1,0.6393835,0.5031711,1,0.6042812,0.4923959,1,0.6227332,0.499872,1,0.5976958,0.4946441,1,0.6141934,0.4301688,1,0.7014282
CubePlus_1602.tiff,0.4217487,1,0.722263,0.4262254,1,0.7095367,0.4187337,1,0.7144629,0.422411,1,0.7203476,0.4190754,1,0.7252421,0.4243896,1,0.7420711,0.4290184,1,0.6805999
CubePlus_1610.tiff,0.5055351,1,0.502583,0.5284251,1,0.5405568,0.5483364,1,0.5250461,0.5428576,1,0.4843533,0.5371442,1,0.5815879,0.5616979,1,0.5000893,0.4724159,1,0.5238444
CubePlus_1615.tiff,1.091713,1,0.2273174,1.074226,1,0.3514631,1.1492,1,0.1880914,1.122503,1,0.2036261,1.143911,1,0.2130867,1.098729,1,0.2128289,1.010947,1,0.9371337
CubePlus_1617.tiff,0.4270323,1,0.7117205,0.5693452,1,0.8446678,0.5399341,1,0.6960983,0.5203478,1,0.7708175,0.5398454,1,0.8154843,0.508745,1,0.6610024,0.9603787,1,0.9855242
CubePlus_1620.tiff,1.049666,1,0.1719198,1.087708,1,0.1592614,1.077685,1,0.1521563,1.0957,1,0.1834014,1.090951,1,0.1560545,1.090521,1,0.1581452,1.058076,1,0.1755542
CubePlus_1621.tiff,0.4482759,1,0.6798029,0.4059742,1,0.7472673,0.4060719,1,0.7335488,0.4195992,1,0.7193426,0.3998058,1,0.7524119,0.4308103,1,0.7052466,0.4350496,1,0.7022853
CubePlus_1622.tiff,0.4641485,1,0.6434059,0.4558716,1,0.6636367,0.4431848,1,0.6730441,0.4548153,1,0.6600594,0.4543294,1,0.6744219,0.4671235,1,0.6708564,0.4686906,1,0.682478
CubePlus_1627.tiff,0.4379433,1,0.7056738,0.4338244,1,0.6914145,0.4289359,1,0.6980963,0.4264607,1,0.6980349,0.4342685,1,0.6905259,0.435075,1,0.6911304,0.4233321,1,0.6970681
CubePlus_1629.tiff,0.4439628,1,0.6854489,0.4234815,1,0.7059858,0.3963745,1,0.734804,0.4582258,1,0.7057608,0.4318324,1,0.7002149,0.4538005,1,0.7036192,0.432199,1,0.6906102
CubePlus_1630.tiff,0.7852998,1,0.2804642,0.8119108,1,0.2693016,0.7987634,1,0.2701895,0.8395156,1,0.2976719,0.8068781,1,0.2717931,0.8212314,1,0.2645108,0.7890922,1,0.2776147
CubePlus_1632.tiff,0.4290735,1,0.7019169,0.451429,1,0.7209511,0.467818,1,0.7347397,0.5174499,1,0.7082195,0.4406046,1,0.7194873,0.4361454,1,0.693872,0.7136562,1,0.9301711
CubePlus_1639.tiff,0.4275171,1,0.7016342,0.471712,1,0.8549347,0.4833852,1,0.6411185,0.4921511,1,0.6607919,0.4446693,1,0.801547,0.4863198,1,0.5249875,0.6387472,1,1.009696
CubePlus_1640.tiff,1.177989,1,0.1929348,1.121631,1,0.1822835,1.073486,1,0.1713555,1.086482,1,0.202391,1.08914,1,0.1793246,1.100572,1,0.1831025,1.324419,1,0.2032051
CubePlus_1643.tiff,0.4327326,1,0.6913244,0.6195386,1,0.9148682,1.103463,1,1.232346,2.503159,1,1.466324,0.6175269,1,0.9319041,0.5611802,1,0.8815373,0.9827969,1,0.9675562
CubePlus_1649.tiff,0.4293878,1,0.6967347,0.5272341,1,0.6345588,0.5921648,1,0.5705284,0.5842563,1,0.5471654,0.623287,1,0.5658394,0.5444831,1,0.4861954,0.4321951,1,0.6968953
CubePlus_1651.tiff,0.4245283,1,0.7389937,0.4159748,1,0.7376556,0.4061074,1,0.7564812,0.4154902,1,0.7615321,0.4151496,1,0.7367471,0.4180003,1,0.7311079,0.4181952,1,0.7528567
CubePlus_1655.tiff,0.7759399,1,0.2977444,0.8317118,1,0.265709,0.7931372,1,0.2593333,0.8646175,1,0.3325017,0.8317146,1,0.2655884,0.836858,1,0.2654248,0.7868163,1,0.290273
CubePlus_1656.tiff,0.4326648,1,0.7027221,0.4251394,1,0.7105535,0.4332721,1,0.6855278,0.4416775,1,0.6689215,0.4235511,1,0.7129872,0.4369108,1,0.6822956,0.4495114,1,0.7191155
CubePlus_1660.tiff,0.833002,1,0.3351889,0.850108,1,0.3489034,0.95469,1,0.3237212,0.882982,1,0.329633,0.84736,1,0.3532168,0.9125283,1,0.320972,0.851177,1,0.3328671
CubePlus_1661.tiff,0.412783,1,0.7430093,0.4877414,1,0.6245124,0.4952431,1,0.6221648,0.5131511,1,0.6090529,0.4883946,1,0.62145,0.482896,1,0.6297531,0.509372,1,0.6148818
CubePlus_1662.tiff,0.4358727,1,0.6921408,0.5042587,1,0.8290069,0.5298681,1,0.8520142,0.518891,1,0.7615216,0.5070856,1,0.8313613,0.5051223,1,0.7684638,0.677193,1,0.9388886
CubePlus_1663.tiff,0.4257562,1,0.7085243,0.4474259,1,0.7061053,0.4710345,1,0.7049916,0.4809218,1,0.6067542,0.4489765,1,0.7086942,0.4475371,1,0.676567,0.4682117,1,0.7285995
CubePlus_1665.tiff,0.8354662,1,0.3400366,0.8199609,1,0.3529097,0.8142019,1,0.344111,0.8221983,1,0.3633683,0.8205261,1,0.3528683,0.8234234,1,0.3553193,0.8279962,1,0.3384653
CubePlus_1667.tiff,0.4603854,1,0.6531049,0.4919812,1,0.6108602,0.494214,1,0.6175556,0.4817843,1,0.6159039,0.5037503,1,0.5781195,0.5119414,1,0.5854866,0.4605733,1,0.6592719
CubePlus_1668.tiff,0.4263677,1,0.6999177,0.4390434,1,0.6780182,0.4670658,1,0.6375664,0.4500332,1,0.6464567,0.4371628,1,0.6672275,0.452642,1,0.600198,0.4428914,1,0.7597654
CubePlus_1669.tiff,0.4388186,1,0.7032349,0.5539598,1,0.536397,0.649742,1,0.320457,0.6034942,1,0.4009626,0.5460512,1,0.5377738,0.4953469,1,0.6022662,0.5906516,1,0.5973214
CubePlus_1672.tiff,0.3645099,1,0.8424087,0.3982922,1,0.7712817,0.4089803,1,0.7438212,0.4212593,1,0.7526495,0.3897807,1,0.7837795,0.4243161,1,0.7345121,0.3981103,1,0.8114885
CubePlus_1674.tiff,0.4296413,1,0.7004336,0.477391,1,0.5991928,0.4797508,1,0.6130421,0.4712539,1,0.6053175,0.4840575,1,0.5822666,0.4868791,1,0.5635586,0.4394495,1,0.6405898
CubePlus_1676.tiff,0.4365794,1,0.6890344,0.4346645,1,0.6939671,0.4597498,1,0.6540871,0.4532966,1,0.613985,0.4649252,1,0.6747411,0.4851042,1,0.5316217,0.4337163,1,0.7100504
CubePlus_1678.tiff,0.4287737,1,0.704333,0.5939932,1,0.9161645,0.5369786,1,0.7987131,0.4821715,1,0.7168917,0.6193274,1,0.9569729,0.5048205,1,0.7382785,0.6755773,1,0.9844115
CubePlus_1683.tiff,0.4491292,1,0.6851512,0.4682734,1,0.6459998,0.5308967,1,0.5983095,0.5037668,1,0.5954259,0.5203043,1,0.6217429,0.539267,1,0.5747821,0.4588489,1,0.6316805
CubePlus_1687.tiff,0.4351258,1,0.6768624,0.4605169,1,0.6899283,0.4334724,1,0.6977546,0.4284712,1,0.6725537,0.4714772,1,0.6957238,0.4860226,1,0.6660967,0.4729559,1,0.6689186
CubePlus_1696.tiff,0.4269158,1,0.6956008,0.7464945,1,0.921666,0.5647873,1,0.7495109,0.5901671,1,0.7668544,0.6262747,1,0.8245014,0.5139311,1,0.6388038,0.8900029,1,1.011576
CubePlus_1697.tiff,0.4299424,1,0.6996161,0.4340169,1,0.6970426,0.4683401,1,0.6351065,0.4670124,1,0.6262314,0.4214673,1,0.7191016,0.4112094,1,0.7252674,0.4695776,1,0.6070712
CubePlus_1699.tiff,0.4346076,1,0.6912906,0.5527802,1,0.8480724,0.5001147,1,0.7441987,0.5133037,1,0.7071501,0.519666,1,0.7710268,0.523125,1,0.6324211,0.6925903,1,0.9844277
CubePlus_1700.tiff,0.5019011,1,0.5171103,0.4743336,1,0.5360029,0.465502,1,0.5677368,0.5054075,1,0.5526158,0.473162,1,0.5266997,0.4773601,1,0.5317237,0.4926445,1,0.7413247
CubePlus_1705.tiff,1.082173,1,0.1824513,1.072858,1,0.1935594,1.075544,1,0.1869807,1.07675,1,0.2080916,1.06973,1,0.1936041,1.072847,1,0.1976994,1.06491,1,0.1935775
CubePlus_1707.tiff,0.8392523,1,0.3317757,0.8532282,1,0.311686,0.8870072,1,0.3028656,0.9153247,1,0.3233727,0.8530814,1,0.3092504,0.8267478,1,0.3188557,0.8905911,1,0.3079213
