8D5U5525.png,0.7187906,1,0.6323975,0.7788499,1,0.7517437,0.7656217,1,0.5735862,0.8357651,1,0.7545219,0.8029362,1,0.6285923,0.8054317,1,0.6038446,0.9307088,1,0.9992676
8D5U5527.png,0.8144092,1,0.4818445,0.8288504,1,0.4740555,0.8359764,1,0.4701786,0.8808382,1,0.6690661,0.8168224,1,0.4734989,0.8495859,1,0.4547545,0.7913741,1,0.585806
8D5U5533.png,0.623542,1,0.7158006,0.6508164,1,0.7017852,0.63532,1,0.6886424,0.8682676,1,0.8597229,0.6372905,1,0.6970872,0.6663642,1,0.6891096,0.6713967,1,0.7089047
8D5U5536.png,0.5662869,1,0.8176366,0.7166319,1,0.7664457,0.6597503,1,0.7056918,0.9131469,1,0.9280535,0.7027882,1,0.7451355,0.6899139,1,0.7414831,0.8538523,1,0.8620117
8D5U5537.png,0.5898304,1,0.7576272,0.7815521,1,0.5979747,0.7635902,1,0.4636509,0.8398442,1,0.8083777,0.8015769,1,0.4841792,0.7462773,1,0.5284031,0.7950162,1,0.8238535
8D5U5540.png,0.5457587,1,0.9098603,0.5762946,1,0.8498993,0.5702363,1,0.8506687,0.7565178,1,0.7937261,0.5609167,1,0.8643484,0.5744487,1,0.7995584,0.6253736,1,0.7794808
8D5U5545.png,0.8528529,1,0.4294294,0.8534546,1,0.474628,0.8571867,1,0.4031437,0.9450017,1,0.8373857,0.8394093,1,0.4336916,0.8675367,1,0.4727428,0.784286,1,0.4900905
8D5U5549.png,0.7859427,1,0.5654954,0.6685848,1,0.7914257,0.6928233,1,0.7388576,0.7838988,1,0.8043501,0.6719596,1,0.7718351,0.7147517,1,0.6748509,0.7555657,1,0.991104
8D5U5550.png,0.8051949,1,0.538961,0.598604,1,0.8060627,0.6356697,1,0.7751905,0.8130833,1,0.8602767,0.5929497,1,0.7967493,0.7108517,1,0.7047729,0.5993191,1,0.8539946
8D5U5554.png,0.8522853,1,0.5094759,0.900935,1,0.5175245,1.01261,1,0.3833125,0.9476184,1,0.5929492,0.9487134,1,0.4726756,1.018787,1,0.3855294,0.8447833,1,0.5713821
8D5U5556.png,0.8676844,1,0.4300255,0.8202406,1,0.5378367,0.8228805,1,0.4879009,0.9144629,1,0.770245,0.8239272,1,0.4687037,0.8433191,1,0.4787471,0.8986929,1,0.6039583
8D5U5557.png,0.849315,1,0.436073,0.945291,1,0.7011615,0.8599741,1,0.609064,0.9228759,1,0.755945,0.93185,1,0.611743,0.8430926,1,0.5731562,1,1,1
8D5U5561.png,0.5936978,1,0.8278381,0.5978357,1,0.862,0.6092865,1,0.8277311,0.7193934,1,0.8157798,0.597709,1,0.85176,0.6645998,1,0.6818213,0.6831922,1,1
8D5U5562.png,0.5884219,1,0.8568596,0.8113142,1,0.9194855,0.7195839,1,0.8004529,0.7464267,1,0.8125353,0.8513017,1,0.9491255,0.7218709,1,0.770877,1,1,1
8D5U5565.png,0.5820423,1,0.8542254,0.7897566,1,0.616709,0.7509873,1,0.5687918,0.7754653,1,0.6208205,0.7661929,1,0.6291236,0.7229721,1,0.5880606,0.951873,1,0.7851072
8D5U5567.png,1.123694,1,0.3188153,1.146217,1,0.358309,1.150282,1,0.2530046,1.081089,1,0.5859619,1.183005,1,0.2811564,1.160541,1,0.3417583,1.103305,1,0.4632068
8D5U5569.png,0.6720002,1,0.7392002,0.6821293,1,0.7892635,0.7055788,1,0.6763596,0.773225,1,0.7946357,0.6884501,1,0.7254444,0.7597321,1,0.6788802,0.8443732,1,0.9321736
8D5U5571.png,1.314487,1,0.2756184,1.316467,1,0.3818352,1.365042,1,0.2201345,1.099334,1,0.7019812,1.350826,1,0.2586874,1.386461,1,0.3084822,1.114618,1,0.3403969
8D5U5573.png,0.6755853,1,0.809699,0.6973289,1,0.7075176,0.7077067,1,0.6458662,0.836709,1,0.8010902,0.683395,1,0.7013204,0.7334022,1,0.6679195,0.7778278,1,0.8567568
8D5U5574.png,0.6195053,1,0.7994505,0.9569713,1,0.6989697,1.048871,1,0.4462439,0.9413943,1,0.7628962,1.014528,1,0.8157415,1.149261,1,0.4586327,0.7048896,1,0.7380185
8D5U5576.png,0.6000815,1,0.8320423,0.9170535,1,0.9253457,0.8991244,1,0.7177235,0.9084954,1,0.8150094,0.9127371,1,0.9291043,0.8654004,1,0.6532498,1,1,1
8D5U5578.png,0.9741934,1,0.4774194,0.7343202,1,0.7131286,0.7769417,1,0.6412703,0.9660433,1,0.8102914,0.6889488,1,0.7131026,0.9524249,1,0.5724029,1.068811,1,0.5734975
8D5U5579.png,0.6063461,1,0.7887952,0.6729489,1,0.75836,0.6402439,1,0.7466674,0.8608918,1,0.8713572,0.6600775,1,0.7412965,0.6911725,1,0.7233423,0.9590596,1,0.9707396
8D5U5580.png,0.9653182,1,0.5144508,0.6731639,1,0.7590164,0.8964445,1,0.5441509,0.9533329,1,0.8623124,0.9530956,1,0.6576358,0.9588279,1,0.5435976,0.7155871,1,0.8517891
8D5U5585.png,0.5734264,1,0.8611387,0.7031406,1,0.7958927,0.6625944,1,0.701701,0.8559372,1,0.8366063,0.7006595,1,0.7537219,0.7790448,1,0.6495487,0.6882868,1,0.9133862
8D5U5588.png,0.7330862,1,0.6969419,0.750912,1,0.6975404,0.7753501,1,0.656058,0.9241393,1,0.8062394,0.7481122,1,0.6854164,0.8342193,1,0.6503296,0.7398187,1,0.79748
8D5U5593.png,0.7855072,1,0.6,0.8027753,1,0.6517727,0.7544527,1,0.5954278,0.9566038,1,0.9087858,0.7657088,1,0.6009373,0.7961208,1,0.6014582,0.7745084,1,0.7194087
8D5U5599.png,1.124439,1,0.3755606,1.100815,1,0.4261016,1.104502,1,0.3648095,1.067825,1,0.6998118,1.101652,1,0.3894255,1.129161,1,0.4029002,1.054328,1,0.4810162
8D5U5613.png,1.23002,1,0.2592593,1.128172,1,0.3765423,1.229435,1,0.2442262,1.105566,1,0.59729,1.154527,1,0.2812839,1.253455,1,0.3303249,0.9945513,1,0.6378009
8D5U5618.png,1.136405,1,0.3751152,1.143357,1,0.3944684,1.156508,1,0.3541639,1.063051,1,0.8101095,1.144812,1,0.3734991,1.156864,1,0.3889951,1.072395,1,0.4643185
8D5U5619.png,1.210174,1,0.3480589,1.087201,1,0.4347269,1.224474,1,0.3178467,1.052476,1,0.7174216,1.091279,1,0.3998585,1.251523,1,0.3641616,1.029827,1,0.5370845
8D5U5620.png,1.213198,1,0.286802,1.171409,1,0.5565788,1.49978,1,0.2458723,1.188709,1,0.5735233,1.325966,1,0.2882993,1.497294,1,0.3049313,1,1,1
IMG_0281.png,0.4622771,1,0.7489712,0.5000485,1,0.7196356,0.4780912,1,0.7101209,0.7525946,1,0.8143821,0.4774204,1,0.7307254,0.5030631,1,0.7218442,0.6318456,1,0.8209964
IMG_0286.png,0.470817,1,0.7256808,0.4975843,1,0.7546224,0.4560308,1,0.7348192,0.7520099,1,0.8289568,0.471192,1,0.7480364,0.5331825,1,0.7015476,0.5539432,1,0.8081534
IMG_0289.png,0.4684512,1,0.7198853,0.5553965,1,0.7799493,0.4754547,1,0.6909827,0.8597857,1,0.8491686,0.4480542,1,0.7666712,0.5401403,1,0.6234612,0.6666667,1,0.8385567
IMG_0293.png,0.4886164,1,0.6777583,0.5319398,1,0.6678982,0.4895597,1,0.6200351,0.7182284,1,0.7956557,0.5235297,1,0.5520532,0.5873158,1,0.616668,0.5321727,1,0.7013321
IMG_0296.png,0.4610984,1,0.7482839,0.5405054,1,0.665641,0.5088171,1,0.6193047,0.8102976,1,0.8097163,0.5076366,1,0.6372508,0.5566323,1,0.5781732,0.5736638,1,0.720599
IMG_0298.png,0.5094339,1,0.6339621,0.7221159,1,0.7549285,0.4959262,1,0.5525409,0.85369,1,0.8649608,0.5684253,1,0.6137258,0.6170489,1,0.6670141,0.755894,1,0.8404963
IMG_0302.png,0.4776578,1,0.7195686,0.6140694,1,0.779871,0.476864,1,0.6850644,0.7996208,1,0.8553052,0.4639672,1,0.7550798,0.5427962,1,0.7046598,0.667785,1,0.7948718
IMG_0303.png,0.476082,1,0.7186786,0.5732247,1,0.7065812,0.4620507,1,0.6474108,0.8038901,1,0.8493034,0.5088324,1,0.646541,0.5497219,1,0.6550706,0.6924699,1,0.8431615
IMG_0305.png,0.4746695,1,0.7114535,0.5265961,1,0.7671584,0.4571371,1,0.7038776,0.8212405,1,0.9002172,0.4603878,1,0.7575818,0.5073039,1,0.720204,0.5836085,1,0.7483038
IMG_0317.png,0.4776939,1,0.7343857,0.5659523,1,0.6097813,0.4997998,1,0.4581816,0.7248182,1,0.7090454,0.5249597,1,0.4902611,0.554616,1,0.4662686,0.5554619,1,0.6282206
IMG_0321.png,0.4731544,1,0.738255,0.8104823,1,0.7855889,0.6028251,1,0.6170972,0.8891786,1,0.8721505,0.6553539,1,0.6180304,0.694217,1,0.6580768,0.8149238,1,0.8408665
IMG_0323.png,0.4731934,1,0.726107,0.5192695,1,0.7648322,0.5068067,1,0.6901507,0.8314266,1,0.8724412,0.4580653,1,0.7623934,0.5677689,1,0.6708173,0.6118292,1,0.7676683
IMG_0324.png,0.4832868,1,0.7033424,0.7987072,1,0.7133061,0.5878229,1,0.5528623,0.9224543,1,0.8292341,0.6673378,1,0.6075508,0.7463573,1,0.5689031,0.7998434,1,0.823898
IMG_0332.png,0.4761905,1,0.7142858,0.5780439,1,0.7542784,0.4982248,1,0.6967721,0.7773648,1,0.830714,0.4984272,1,0.7035979,0.4975979,1,0.7249732,1,1,1
IMG_0342.png,0.4695144,1,0.7540475,0.5490186,1,0.609099,0.4773866,1,0.5194545,0.6747802,1,0.6763746,0.5046143,1,0.5689742,0.5154103,1,0.5224613,0.6344692,1,0.7835692
IMG_0345.png,0.4602203,1,0.7209301,0.6318652,1,0.6112591,0.5628842,1,0.5278275,0.8623472,1,0.8163655,0.5844026,1,0.5757523,0.6158511,1,0.5555278,0.6708464,1,0.7125633
IMG_0350.png,0.4580153,1,0.7557252,0.4808602,1,0.7541819,0.4582774,1,0.7173093,0.8138312,1,0.8295253,0.4579846,1,0.7473401,0.4969459,1,0.7238457,0.5969728,1,0.7574555
IMG_0353.png,0.4647799,1,0.7371069,0.5053287,1,0.7612927,0.4656189,1,0.7132998,0.7983032,1,0.8549928,0.4597703,1,0.7542692,0.5157073,1,0.7208976,0.6794431,1,0.7975073
IMG_0361.png,0.5331231,1,0.5583596,0.9847113,1,0.9857936,0.6024515,1,0.571492,0.8929732,1,0.8773375,0.8021877,1,0.8232624,0.6186784,1,0.6029781,1,1,1
IMG_0365.png,0.5118958,1,0.6814127,0.6401482,1,0.6943994,0.4550825,1,0.5111982,0.760268,1,0.7979822,0.5196396,1,0.5668642,0.559192,1,0.5552417,0.5751896,1,0.6287219
IMG_0366.png,0.5082316,1,0.6789697,0.7225378,1,0.6357848,0.5717833,1,0.4420898,0.849207,1,0.7860536,0.5621393,1,0.4282091,0.5800319,1,0.447803,0.844229,1,0.8226123
IMG_0367.png,0.5050609,1,0.6831984,0.5564241,1,0.7322507,0.4813803,1,0.6907986,0.8256981,1,0.8532595,0.4779959,1,0.7447717,0.5335377,1,0.7112234,0.5434436,1,0.6689567
IMG_0369.png,0.4973545,1,0.6910051,0.525869,1,0.7474758,0.4926612,1,0.6419934,0.8315943,1,0.8783149,0.4644581,1,0.7429708,0.5184847,1,0.6975266,0.5531824,1,0.7760572
IMG_0375.png,0.4667046,1,0.747581,0.549632,1,0.8057866,0.5940744,1,0.6955579,0.8101174,1,0.8189621,0.6620401,1,0.7433028,0.7188111,1,0.6653455,0.7432212,1,0.9916381
IMG_0377.png,0.4654026,1,0.7393364,0.5688632,1,0.7418316,0.5250451,1,0.631835,0.8095714,1,0.8072717,0.4785949,1,0.7568553,0.6232856,1,0.5812847,0.5344176,1,0.7821179
IMG_0388.png,0.4486487,1,0.7853282,0.6902937,1,0.9920061,0.5897481,1,0.8408462,0.8046609,1,0.856012,0.6783657,1,0.9675747,0.6920896,1,0.6936405,0.9545586,1,1
IMG_0394.png,0.4802982,1,0.7071355,0.4818152,1,0.7334786,0.4666313,1,0.6673262,0.7164701,1,0.7811696,0.4731411,1,0.7345874,0.5040163,1,0.6321182,0.5123277,1,0.6984345
IMG_0395.png,0.5067156,1,0.6788766,0.5880762,1,0.6615821,0.5100385,1,0.5834426,0.7827201,1,0.7815041,0.5429761,1,0.600728,0.5736603,1,0.5721127,0.587231,1,0.8736736
IMG_0404.png,0.4733421,1,0.7295191,0.490455,1,0.7465112,0.4525309,1,0.7107445,0.8331216,1,0.8846052,0.4640287,1,0.7403287,0.4935919,1,0.7390388,0.6021392,1,0.7686467
IMG_0409.png,0.4734614,1,0.7411267,0.4901885,1,0.6921417,0.4756514,1,0.683219,0.6991648,1,0.7992166,0.5020548,1,0.6840473,0.5194797,1,0.718165,0.581384,1,0.830045
IMG_0416.png,0.4989649,1,0.6583852,0.7527532,1,0.7432847,0.5016954,1,0.5409453,0.8822773,1,0.8691242,0.5973815,1,0.5876529,0.6304062,1,0.6151855,0.7935648,1,0.8232038
IMG_0419.png,0.5200202,1,0.6616618,0.6912774,1,0.6103494,0.5869316,1,0.4931467,0.8442088,1,0.8093453,0.6381159,1,0.4998964,0.6855223,1,0.585481,0.8757871,1,0.7488824
IMG_0420.png,0.4686869,1,0.7343435,0.5985142,1,0.6641894,0.5628168,1,0.5983562,0.803083,1,0.827278,0.55554,1,0.6322724,0.6484924,1,0.6510266,0.5744196,1,0.7033415
IMG_0421.png,0.4715789,1,0.7263158,0.6282939,1,0.738515,0.4642064,1,0.6430275,0.836381,1,0.882217,0.5181552,1,0.655685,0.6070735,1,0.7053212,0.6240453,1,0.7549479
IMG_0424.png,0.4727031,1,0.7376831,0.5665314,1,0.7504822,0.4750284,1,0.6995019,0.7927341,1,0.8601788,0.4742992,1,0.7416439,0.566959,1,0.7111347,0.5701416,1,0.6880777
IMG_0425.png,0.4679665,1,0.7437325,0.5330997,1,0.7301298,0.4744397,1,0.6960981,0.8086352,1,0.8710731,0.4743842,1,0.7262617,0.5586502,1,0.6901382,0.6960504,1,0.718451
IMG_0428.png,0.4679665,1,0.7381616,0.6064566,1,0.7112173,0.5013961,1,0.6513551,0.7783584,1,0.822167,0.5707151,1,0.6707723,0.6574938,1,0.7211034,0.6246485,1,0.737743
IMG_0432.png,0.4756691,1,0.718978,0.5229423,1,0.7522993,0.4722678,1,0.7010841,0.7559742,1,0.8320162,0.467033,1,0.7546035,0.5531484,1,0.7056508,1.254801,1,0.6761578
IMG_0439.png,0.4570446,1,0.7835051,0.5581511,1,0.7181002,0.4829989,1,0.6735611,0.7291863,1,0.8084707,0.4777738,1,0.762302,0.5830225,1,0.6956567,0.4864227,1,0.5842432
IMG_0446.png,0.4610336,1,0.7555373,0.6789909,1,0.6987724,0.5350539,1,0.5788479,0.891428,1,0.8895419,0.5565208,1,0.6024323,0.6990567,1,0.6966484,0.6728422,1,0.7350075
IMG_0447.png,0.5081555,1,0.6737765,0.5469004,1,0.7247655,0.5392175,1,0.6410782,0.8376096,1,0.8488828,0.4868446,1,0.71348,0.5641968,1,0.680406,0.5585286,1,0.7823433
IMG_0450.png,0.443539,1,0.7892897,0.5023601,1,0.7002983,0.4810536,1,0.7084539,0.7067027,1,0.8216112,0.4961126,1,0.6982968,0.5056172,1,0.7310415,0.5316201,1,0.6760642
IMG_0452.png,0.4264973,1,0.823956,0.4707245,1,0.7442141,0.4449955,1,0.7437745,0.705871,1,0.8620908,0.4490711,1,0.7635866,0.5080075,1,0.7618482,0.5358183,1,0.7430423
IMG_0455.png,0.4491696,1,0.773422,0.4778049,1,0.7672308,0.4581066,1,0.6906179,0.6528727,1,0.8025066,0.5025109,1,0.7149932,0.5631243,1,0.6981559,0.4830383,1,0.7835028
IMG_0456.png,0.3981482,1,0.8950617,0.4816762,1,0.7332591,0.4733305,1,0.7225082,0.7252653,1,0.8412558,0.4724773,1,0.7377758,0.5156198,1,0.7397288,0.5362556,1,0.6815819
IMG_0457.png,0.4673618,1,0.7484135,0.4665928,1,0.817043,0.456574,1,0.7165229,0.7317647,1,0.8459644,0.4131161,1,0.8797994,0.5677575,1,0.6856986,0.5292181,1,0.7143563
IMG_0463.png,0.6871794,1,0.3897437,0.7661969,1,0.5432571,0.6586205,1,0.3156096,0.9307767,1,0.7852026,0.6900023,1,0.3499012,0.7529456,1,0.4396466,0.6808615,1,0.7044338
IMG_0466.png,0.4911536,1,0.6475585,0.7478899,1,0.5176323,0.5298292,1,0.5482974,0.7757121,1,0.728175,0.5587368,1,0.573278,0.5945095,1,0.5623635,0.8200961,1,0.3613642
IMG_0467.png,0.4785713,1,0.6964285,0.5751721,1,0.5751158,0.5415835,1,0.5753074,0.777443,1,0.7544405,0.5665198,1,0.5823041,0.6165762,1,0.6335841,0.5711943,1,0.5856606
IMG_0471.png,0.5287981,1,0.6477462,0.5854633,1,0.6559731,0.4874023,1,0.6206795,0.7516593,1,0.8067543,0.5737557,1,0.5923194,0.5326332,1,0.6459409,0.6393379,1,0.6044351
IMG_0474.png,0.4946445,1,0.6864653,0.7024809,1,0.6546679,0.5186245,1,0.4720855,0.7934823,1,0.7586252,0.5519398,1,0.4716739,0.5760246,1,0.4998215,0.8515976,1,0.8810651
IMG_0479.png,0.4725492,1,0.7303924,0.5212121,1,0.7677117,0.5047254,1,0.6762127,0.8535815,1,0.873079,0.4793431,1,0.7446573,0.491282,1,0.7091082,0.6734953,1,0.7164291
IMG_0481.png,0.5054944,1,0.676923,0.6099305,1,0.8085035,0.4956125,1,0.6111109,0.8443719,1,0.9452012,0.4960253,1,0.740037,0.5021413,1,0.8102728,0.732747,1,0.751234
IMG_0482.png,0.4124295,1,0.7853108,0.4783233,1,0.4322688,0.4405826,1,0.3913743,0.8100113,1,0.8270282,0.4327894,1,0.3797261,0.4541231,1,0.4232635,0.4878823,1,0.7306535
IMG_0485.png,0.4516129,1,0.6752688,0.9706108,1,0.9857972,0.6674126,1,0.8284574,0.8025428,1,0.8762316,0.8813872,1,0.9317826,0.5804163,1,0.724457,1,1,1
IMG_0487.png,0.4555085,1,0.7457626,0.4841931,1,0.7548086,0.4450959,1,0.5679421,0.7784322,1,0.8132146,0.4765015,1,0.7295432,0.5103816,1,0.5242869,0.5151703,1,0.8315789
IMG_0492.png,0.4625955,1,0.7419845,0.4965287,1,0.6908635,0.4872032,1,0.6841965,0.7467795,1,0.8292269,0.488496,1,0.6918133,0.4926189,1,0.7284348,0.5597478,1,0.6664131
IMG_0497.png,0.4553038,1,0.7651967,0.5626206,1,0.6753391,0.5151926,1,0.6025438,0.7824345,1,0.8391008,0.5178373,1,0.6616543,0.578517,1,0.6578271,0.6771188,1,0.7600848
IMG_0498.png,0.4561736,1,0.7624884,0.4627601,1,0.7553335,0.4678819,1,0.7161803,0.7151427,1,0.8048961,0.4469082,1,0.7711158,0.5504448,1,0.7046054,0.4928573,1,0.7606205
IMG_0501.png,0.457656,1,0.7544909,0.3865441,1,0.920922,0.4357739,1,0.8033309,0.6819633,1,0.8389094,0.3829053,1,0.905415,0.5513866,1,0.7363008,0.4556072,1,0.8987927
IMG_0507.png,0.4505929,1,0.7351779,0.5442867,1,0.6233006,0.5092731,1,0.6367256,0.7737845,1,0.8290414,0.521133,1,0.6417668,0.5165304,1,0.7185034,0.5682758,1,0.5955645
IMG_0508.png,0.4601327,1,0.7491691,0.6753926,1,0.7300293,0.4827674,1,0.5520454,0.8469186,1,0.8804954,0.5705063,1,0.6628077,0.6007093,1,0.6401844,0.654202,1,0.7731303
IMG_0510.png,0.4463182,1,0.7858347,0.5914098,1,0.5573354,0.5389752,1,0.5152212,0.8285957,1,0.8357642,0.55349,1,0.5311323,0.574754,1,0.5877667,0.6801565,1,0.407558
IMG_0517.png,0.4534379,1,0.7554396,0.4772547,1,0.748997,0.4566329,1,0.7146325,0.7116327,1,0.808247,0.4721189,1,0.7367645,0.5181019,1,0.6870505,0.5276464,1,0.689332
IMG_0520.png,0.5014327,1,0.6848137,0.6552846,1,0.7966643,0.5042846,1,0.6942706,0.8755539,1,0.9454908,0.4679377,1,0.7662061,0.5230025,1,0.8162601,1.017855,1,0.7565013
IMG_0521.png,0.4450601,1,0.7460756,0.5750209,1,0.8895966,0.4738714,1,0.747174,0.6739448,1,0.8304051,0.5077564,1,0.7733519,0.5570705,1,0.6903756,1,1,1
IMG_0523.png,0.4512773,1,0.7753075,0.4893372,1,0.8324478,0.4174311,1,0.8017747,0.7684537,1,0.889335,0.4298388,1,0.8275838,0.5432715,1,0.7986778,0.5692917,1,0.9947855
IMG_0528.png,0.442623,1,0.7923498,0.5489306,1,0.8208813,0.4504628,1,0.7639953,0.8854434,1,0.9594463,0.4727968,1,0.7483392,0.4690338,1,0.8272508,0.6148225,1,0.8971816
IMG_0529.png,0.4280001,1,0.8140001,0.6850685,1,0.6773911,0.5599255,1,0.5374804,0.7946445,1,0.7765816,0.5242095,1,0.4720975,0.5360339,1,0.4884844,0.5541449,1,0.8655625
IMG_0530.png,0.4438456,1,0.7852651,0.5966676,1,0.8150652,0.4667854,1,0.7559456,0.829186,1,0.9592907,0.5114967,1,0.7232135,0.5518709,1,0.8581395,0.4489161,1,0.7013707
IMG_0538.png,0.6331361,1,0.4575936,0.8407041,1,0.2992476,0.7300352,1,0.3401094,0.9080436,1,0.7201813,0.832403,1,0.2979265,0.7271893,1,0.4976473,0.844821,1,0.3266207
IMG_0542.png,0.7868421,1,0.3210527,0.9000214,1,0.3084358,0.8938888,1,0.2815273,0.9195978,1,0.5782857,0.9088224,1,0.3229143,0.8974265,1,0.4482803,0.9981689,1,0.4408179
IMG_0543.png,0.7844993,1,0.3175803,0.944165,1,0.540519,0.8717589,1,0.3029546,0.9398932,1,0.7614469,1.050873,1,0.2803785,0.8988107,1,0.4512025,0.6435391,1,0.6775939
IMG_0545.png,0.7768239,1,0.3090128,0.9395468,1,0.5780721,0.8420593,1,0.2839872,0.9330716,1,0.7832057,1.027144,1,0.303842,0.8591749,1,0.4799472,0.8727813,1,0.5066458
IMG_0549.png,0.7792205,1,0.3203462,0.9535921,1,0.394929,0.8377644,1,0.3439228,0.9153945,1,0.5751185,0.9235571,1,0.3404143,0.8467248,1,0.4830753,1,1,0.6441901
IMG_0552.png,0.6614172,1,0.440945,0.5100933,1,0.6688617,0.4618708,1,0.6001263,0.760877,1,0.8177974,0.5262128,1,0.6284762,0.6081224,1,0.6485239,0.5150845,1,0.6844949
IMG_0554.png,0.7515463,1,0.3587629,0.9126353,1,0.3798538,0.7958075,1,0.2977624,0.9296184,1,0.6290697,0.8434406,1,0.3441714,0.8843068,1,0.4778969,1,1,0.5476463
IMG_0555.png,0.8023406,1,0.3023407,0.9733166,1,0.6633782,0.8941757,1,0.3345734,0.9570063,1,0.5948797,0.8746287,1,0.4869257,0.8996447,1,0.4405898,1,1,1
IMG_0556.png,0.791218,1,0.3148302,0.846796,1,0.5541176,0.8044233,1,0.3363091,0.9362697,1,0.7072427,0.7547779,1,0.5335373,0.8485933,1,0.4593454,0.6097598,1,0.6312576
IMG_0559.png,0.5584701,1,0.5726776,0.5701746,1,0.6373496,0.5552633,1,0.4678302,0.8264269,1,0.7914123,0.5324112,1,0.5569622,0.6305734,1,0.5397594,0.4660299,1,0.6507839
IMG_0570.png,0.5703422,1,0.5019011,0.8552285,1,0.7431584,0.6946125,1,0.5336815,0.8802793,1,0.8388249,0.7436443,1,0.6070853,0.6706602,1,0.5430112,1,1,1
IMG_0574.png,0.5958397,1,0.4680536,0.806115,1,0.6442552,0.805147,1,0.3743139,0.9366948,1,0.7853629,0.8229099,1,0.407628,0.9196134,1,0.5690205,0.8004992,1,0.7325319
IMG_0577.png,0.7913386,1,0.3070866,0.8915462,1,0.6165831,0.8014595,1,0.2827214,0.9610913,1,0.771503,0.8128067,1,0.3730576,0.8809066,1,0.4656857,0.7659345,1,0.6910335
IMG_0578.png,0.7974684,1,0.2911393,0.7003678,1,0.850024,0.6725937,1,0.5177988,0.8749268,1,0.8049601,0.62983,1,0.7271951,0.7298561,1,0.531718,0.907393,1,1
IMG_0581.png,0.7610619,1,0.3522122,0.7580527,1,0.6536029,0.6244013,1,0.4263886,0.9280717,1,0.8447889,0.6826459,1,0.532693,0.7093665,1,0.5396491,0.8699109,1,0.7610263
IMG_0585.png,0.4428823,1,0.6660809,0.6077445,1,0.6026955,0.5033424,1,0.5607862,0.8109542,1,0.8055065,0.5400022,1,0.5206988,0.6301185,1,0.6063364,0.5772474,1,0.575331
IMG_0589.png,0.791045,1,0.3093623,0.9022428,1,0.6869336,0.8524151,1,0.4821785,0.9328083,1,0.7459772,0.8210563,1,0.4814401,0.8466922,1,0.5139856,0.7813926,1,0.7062425
IMG_0592.png,0.7793849,1,0.3345388,0.6185147,1,0.6710982,0.73199,1,0.4001291,0.8952913,1,0.8158985,0.6606057,1,0.5431737,0.8307966,1,0.6202325,0.484976,1,0.7171687
IMG_0597.png,0.521148,1,0.5845921,0.5778218,1,0.5960502,0.4883784,1,0.4760225,0.8746973,1,0.9166193,0.5080755,1,0.4665281,0.5441588,1,0.5518316,0.5277471,1,0.7829448
IMG_0601.png,0.7774087,1,0.3056479,0.7980903,1,0.4298111,0.7830166,1,0.2676571,0.966161,1,0.7974535,0.769542,1,0.3138129,0.8413228,1,0.4069724,0.7841353,1,0.458117
IMG_0605.png,0.4451532,1,0.6798474,0.575401,1,0.6897459,0.3922995,1,0.6029715,0.7683378,1,0.8260134,0.4656128,1,0.668297,0.5444461,1,0.6535207,0.6231561,1,0.7087861
IMG_0611.png,0.5609757,1,0.5670733,0.7321109,1,0.6897132,0.6221801,1,0.51681,0.8611522,1,0.7841706,0.6658299,1,0.6376055,0.6860895,1,0.5710744,0.5906363,1,0.5295841
IMG_0612.png,0.675141,1,0.3629943,0.7800733,1,0.5801785,0.6200983,1,0.3917989,0.8641128,1,0.7540296,0.5954621,1,0.5374091,0.7085287,1,0.4705916,0.9095795,1,0.5882134
IMG_0617.png,0.7733757,1,0.344955,0.8873677,1,0.4264513,0.961491,1,0.2550146,1.074013,1,0.7671772,0.9402084,1,0.2700194,1.149169,1,0.4863057,0.8276794,1,0.4510186
IMG_0618.png,0.7814032,1,0.3115824,0.9714272,1,0.5321042,0.925537,1,0.3280742,0.9713483,1,0.6816799,0.9375352,1,0.3961649,0.9395967,1,0.4642196,1,1,0.7777523
IMG_0623.png,0.7800687,1,0.3024056,0.8790062,1,0.6897891,0.7593015,1,0.3586816,0.9471162,1,0.8188656,0.7848491,1,0.401681,0.8193565,1,0.5323208,0.923952,1,0.7450229
IMG_0627.png,0.5024875,1,0.597015,0.6084236,1,0.7106245,0.4313295,1,0.6473195,0.8223372,1,0.8706465,0.5105019,1,0.6095656,0.5530382,1,0.6298009,0.4011989,1,0.6748975
IMG_0629.png,0.7198515,1,0.3858998,0.5628195,1,0.6417866,0.6977773,1,0.4729859,0.9480346,1,0.8179944,0.500872,1,0.6327373,0.78544,1,0.5171148,0.5895597,1,0.7401601
IMG_0632.png,0.8333334,1,0.3070175,0.9155181,1,0.4721991,0.895033,1,0.2759699,1.005711,1,0.7875533,0.8906512,1,0.3115865,0.9373601,1,0.3757509,0.8902926,1,0.6077128
IMG_0633.png,0.6871164,1,0.4171778,0.6707697,1,0.6303241,0.6679755,1,0.4647465,0.8850278,1,0.8641845,0.6041449,1,0.5195074,0.6789925,1,0.6014839,0.6776186,1,0.7581314
IMG_0635.png,0.6898732,1,0.4082278,0.740199,1,0.6294244,0.5933617,1,0.48194,0.8777985,1,0.7973526,0.5060927,1,0.6400901,0.660229,1,0.5615133,1,1,0.802945
IMG_0637.png,0.5584416,1,0.5064935,0.6255436,1,0.5187653,0.5571073,1,0.4378655,0.870971,1,0.8302209,0.5897256,1,0.4661978,0.6395974,1,0.5557463,0.688689,1,0.5614551
IMG_0661.png,0.4988292,1,0.6182672,0.6371653,1,0.6850847,0.4739024,1,0.5659215,0.9118591,1,0.8955999,0.5021801,1,0.6208157,0.5990881,1,0.6015695,0.7332278,1,0.7343162
IMG_0671.png,0.4798903,1,0.6480805,0.6643989,1,0.6898206,0.5178183,1,0.5525716,0.8378694,1,0.8213287,0.5882898,1,0.5951805,0.6612495,1,0.6191789,0.447027,1,0.6457446
IMG_0675.png,0.4653926,1,0.7551654,0.5360325,1,0.8173968,0.5122762,1,0.7554406,0.727864,1,0.882496,0.5688993,1,0.8271886,0.5788843,1,0.7832472,0.5199035,1,0.7732411
IMG_0676.png,0.4600763,1,0.756654,0.6371505,1,0.823061,0.4657772,1,0.696028,0.7775307,1,0.8881101,0.5305573,1,0.7227647,0.620608,1,0.7741764,0.5202728,1,0.983106
IMG_0677.png,0.4616457,1,0.7622035,0.5251376,1,0.7611963,0.4211858,1,0.7264547,0.7384565,1,0.8593796,0.4578123,1,0.7645947,0.5571047,1,0.741155,0.494739,1,0.7554516
IMG_0678.png,0.4592251,1,0.7582419,0.5164913,1,0.8168736,0.4233824,1,0.7568396,0.7357038,1,0.8695701,0.4597136,1,0.8595861,0.5485589,1,0.7660715,0.4880579,1,0.7841318
IMG_0679.png,0.4644997,1,0.7510694,0.7075764,1,0.7299755,0.5618946,1,0.5977527,0.8694416,1,0.8562598,0.5796499,1,0.6293036,0.693228,1,0.6549949,0.6622204,1,0.915655
IMG_0680.png,0.462636,1,0.7486414,0.6696069,1,0.6618972,0.5529735,1,0.5751873,0.8877869,1,0.8581033,0.5639166,1,0.6194506,0.6595328,1,0.5950313,0.8151692,1,0.7996633
IMG_0681.png,0.4812925,1,0.6173469,0.6016829,1,0.690787,0.4551289,1,0.6065901,0.8938721,1,0.9014947,0.4916975,1,0.6300654,0.5942231,1,0.6499756,0.5457291,1,0.6236904
IMG_0684.png,0.4628098,1,0.7520659,0.5978825,1,0.782699,0.4481709,1,0.6845247,0.7850859,1,0.8782454,0.4734333,1,0.7723166,0.5707652,1,0.7120075,0.5211965,1,0.7076874
IMG_0686.png,0.4792409,1,0.6405694,0.5338969,1,0.665612,0.460949,1,0.5961265,0.8080883,1,0.8755406,0.4943477,1,0.6297433,0.526826,1,0.6688238,0.6216996,1,0.7360301
IMG_0754.png,0.4494624,1,0.7817202,0.7077363,1,0.7490036,0.4855603,1,0.5935743,0.8530502,1,0.8566095,0.5662765,1,0.6583572,0.6658334,1,0.6800525,0.8702515,1,0.8369988
IMG_0757.png,0.4538087,1,0.7763372,0.4609622,1,0.7764744,0.4748092,1,0.6786193,0.8082207,1,0.8706003,0.4596901,1,0.7583717,0.6025609,1,0.7069945,0.4821622,1,0.7891407
IMG_0760.png,0.4530245,1,0.7857143,0.4524205,1,0.7903152,0.4526037,1,0.7176346,0.6317344,1,0.8003708,0.4552569,1,0.7916477,0.5573804,1,0.7394073,0.4619911,1,0.7843208
IMG_0762.png,0.4589372,1,0.763285,0.4848059,1,0.7936647,0.4417322,1,0.7642661,0.8390851,1,0.9034001,0.4447972,1,0.7818772,0.511575,1,0.7781447,0.5844055,1,0.8647844
IMG_0763.png,0.4528044,1,0.7756496,0.695071,1,0.7394322,0.5040699,1,0.5701007,0.8502936,1,0.8860506,0.5700557,1,0.6291351,0.5924848,1,0.6603519,0.7603364,1,0.6070427
IMG_0766.png,0.4494383,1,0.7814096,0.6644213,1,0.7285726,0.47773,1,0.5963953,0.8274206,1,0.8576338,0.5509916,1,0.6397244,0.5866589,1,0.6493711,0.6431773,1,0.687168
IMG_0767.png,0.4527187,1,0.780733,0.5834646,1,0.6612097,0.5043904,1,0.5498534,0.7086995,1,0.7384398,0.5566277,1,0.5907885,0.5681069,1,0.5712193,0.5381229,1,0.7413375
IMG_0772.png,0.4485727,1,0.7884003,0.5881602,1,0.7169822,0.4646234,1,0.6642947,0.7603923,1,0.8621493,0.4957531,1,0.6953466,0.4865526,1,0.668974,0.8843618,1,0.4305147
IMG_0775.png,0.4547647,1,0.7683957,0.6922267,1,0.7402183,0.5215201,1,0.5814727,0.8506388,1,0.8769729,0.5392728,1,0.6644993,0.6188699,1,0.6806946,0.5651249,1,0.7106858
IMG_0783.png,0.4477848,1,0.7879744,0.7220383,1,0.8248381,0.5153978,1,0.6680837,0.8559464,1,0.9231334,0.5464316,1,0.7298807,0.5969186,1,0.7458862,0.7785723,1,0.9230674
IMG_0784.png,0.4531178,1,0.786605,0.5027556,1,0.8804324,0.4837873,1,0.8404341,0.6032142,1,0.8494811,0.4652596,1,0.8419927,0.5016548,1,0.7799825,0.7037919,1,1
IMG_0785.png,0.4459204,1,0.7855787,0.4647841,1,0.8108646,0.4381291,1,0.7760765,0.7724834,1,0.8912724,0.448395,1,0.8081945,0.5099353,1,0.7874924,0.509463,1,0.7996603
IMG_0787.png,0.4456183,1,0.793039,0.6718587,1,0.6510646,0.4948286,1,0.4528422,0.8351102,1,0.7773666,0.5048487,1,0.4164606,0.5209477,1,0.4335943,0.6006965,1,0.7712646
IMG_0789.png,0.4538461,1,0.7320513,0.6378495,1,0.7516668,0.4573442,1,0.6973178,0.7838716,1,0.8619414,0.4875574,1,0.6906462,0.5849604,1,0.7044603,0.8885854,1,0.7030901
IMG_0790.png,0.4777328,1,0.7165992,0.6107622,1,0.7521768,0.4634708,1,0.6953757,0.8585254,1,0.8876237,0.4943526,1,0.6977824,0.5854126,1,0.6871178,0.6072156,1,0.8562156
IMG_0792.png,0.4513275,1,0.7787611,0.5502247,1,0.7579275,0.4394156,1,0.6988965,0.764094,1,0.8740762,0.4784203,1,0.7427061,0.5647754,1,0.7319875,0.5688553,1,0.5025166
IMG_0796.png,0.4569932,1,0.7666416,0.979836,1,0.7039421,0.6794346,1,0.577404,0.8694095,1,0.8500362,0.9236177,1,0.5944241,0.684047,1,0.665331,1,1,0.9683375
IMG_0797.png,0.4626717,1,0.7554025,0.5794449,1,0.7039925,0.5023589,1,0.5898257,0.8035203,1,0.8492048,0.5113925,1,0.6640742,0.6137838,1,0.6720356,0.4630182,1,0.8228039
IMG_0800.png,0.4605809,1,0.780083,0.4564207,1,0.8139586,0.42298,1,0.7487415,0.7553353,1,0.8685347,0.4443024,1,0.8091683,0.5481267,1,0.7604744,0.5116693,1,0.8539161
IMG_0802.png,0.5152671,1,0.6412213,0.4916939,1,0.7276522,0.4597944,1,0.6610113,0.8239415,1,0.8847273,0.466692,1,0.7156542,0.527535,1,0.663954,0.4551396,1,0.821123
IMG_0806.png,0.4442529,1,0.7959771,0.4443882,1,0.7985443,0.4451898,1,0.7513887,0.638159,1,0.8182303,0.4508565,1,0.7813423,0.5537413,1,0.7016268,0.4655385,1,0.7746691
IMG_0810.png,0.4444443,1,0.7843138,0.5298907,1,0.8290645,0.4380447,1,0.7850646,0.9274518,1,0.9612512,0.4424906,1,0.8054088,0.4850544,1,0.8059558,0.6425222,1,0.8887121
IMG_0811.png,0.4429969,1,0.7915309,0.4728815,1,0.8099196,0.4346798,1,0.7709631,0.8371957,1,0.8706909,0.4418544,1,0.8026159,0.4868901,1,0.7432367,0.5966658,1,0.8512503
IMG_0817.png,0.4396324,1,0.8031496,0.4443554,1,0.8107987,0.4333489,1,0.7825094,0.7244109,1,0.8631923,0.4370487,1,0.8075498,0.488022,1,0.7850694,0.4948259,1,0.8432973
IMG_0818.png,0.4441417,1,0.8038147,0.4783673,1,0.8155099,0.4341659,1,0.7751444,0.7869688,1,0.9019982,0.4390561,1,0.8083944,0.5189465,1,0.7837,0.5502171,1,0.7889625
IMG_0825.png,0.4363057,1,0.8025476,0.4390893,1,0.8205978,0.4218132,1,0.7350882,0.7414534,1,0.8370629,0.4353664,1,0.8129879,0.4973035,1,0.648222,0.4693707,1,0.8547691
IMG_0826.png,0.4385082,1,0.8014113,0.4479106,1,0.813035,0.4290354,1,0.768286,0.739428,1,0.849808,0.4371055,1,0.8108064,0.4717314,1,0.7327396,0.5251234,1,0.8647799
IMG_0829.png,0.4374078,1,0.8033872,0.4414179,1,0.8180416,0.4400351,1,0.7991114,0.6720975,1,0.8453354,0.438109,1,0.8163154,0.5160377,1,0.7202465,0.459996,1,0.7958386
IMG_0831.png,0.439141,1,0.7852031,0.4476504,1,0.8153426,0.4363332,1,0.7854071,0.6934794,1,0.8505791,0.4376263,1,0.8121142,0.4900321,1,0.7882652,0.4822426,1,0.8289832
IMG_0832.png,0.4397495,1,0.8028164,0.4504645,1,0.8144457,0.4252106,1,0.8037122,0.7206874,1,0.8678118,0.4320348,1,0.8113018,0.5006208,1,0.7947725,0.5488207,1,0.8872469
IMG_0838.png,0.7603386,1,0.3073308,0.9993294,1,0.9698132,0.8594869,1,0.5112914,0.9243778,1,0.8056773,0.9021685,1,0.7521637,0.7737053,1,0.5654404,1,1,1
IMG_0842.png,0.452381,1,0.7751322,0.4392168,1,0.8240918,0.4380362,1,0.8004648,0.6929524,1,0.8665183,0.4355492,1,0.8227305,0.5120316,1,0.8003276,0.4624683,1,0.8249639
IMG_0844.png,0.4506518,1,0.7504656,0.5328603,1,0.7853089,0.5051983,1,0.6347958,0.746441,1,0.8306066,0.4782332,1,0.7434395,0.6078053,1,0.690417,0.6074802,1,0.833914
IMG_0845.png,0.4325397,1,0.8134921,0.5166009,1,0.8342157,0.41814,1,0.8163722,0.7940805,1,0.9076582,0.4332467,1,0.8319111,0.4697273,1,0.8208479,2.288758,1,0.6894451
IMG_0853.png,0.9074074,1,0.2469136,0.6872365,1,0.5176512,0.7178191,1,0.3990824,0.9546854,1,0.7413169,0.7145609,1,0.489998,0.9182302,1,0.4884988,0.6399418,1,0.5487375
IMG_0864.png,0.7880393,1,0.3890992,0.8531555,1,0.3976173,0.8760265,1,0.3712936,0.9875471,1,0.7850367,0.8534602,1,0.3864839,0.9853685,1,0.5344086,0.9160449,1,0.4350958
IMG_0866.png,0.5931476,1,0.5096359,0.7196823,1,0.571216,0.6502763,1,0.4346988,0.9385375,1,0.7909521,0.6517635,1,0.4799819,0.882713,1,0.5452055,0.7531154,1,0.7068736
IMG_0872.png,0.4893616,1,0.5744681,0.6067328,1,0.7536349,0.423036,1,0.6331601,0.8579754,1,0.9056774,0.4641007,1,0.6429283,0.6486269,1,0.7491453,0.4910238,1,0.7323693
IMG_0873.png,0.4205608,1,0.7102804,0.5291404,1,0.7618635,0.3976017,1,0.7178437,0.8382764,1,0.9173992,0.4278261,1,0.7256794,0.5358025,1,0.7684563,0.6592916,1,0.8375012
IMG_0876.png,0.5728158,1,0.5048544,0.4751874,1,0.8058918,0.4812088,1,0.7502085,0.729256,1,0.8257472,0.4758479,1,0.7955324,0.5431889,1,0.7098716,0.5756313,1,0.9503471
IMG_0877.png,0.5714285,1,0.5170069,0.6813692,1,0.912011,0.5984301,1,0.7507796,0.7843685,1,0.8391087,0.6112891,1,0.9090137,0.6370635,1,0.6671517,0.9976501,1,1
IMG_0881.png,0.438178,1,0.6832974,0.6661318,1,0.8156783,0.4295762,1,0.6927057,0.8891126,1,0.8987469,0.4190827,1,0.7730898,0.6823536,1,0.765127,0.7269441,1,0.9046002
IMG_0882.png,0.4803257,1,0.632293,0.5870096,1,0.6831564,0.4566702,1,0.6045328,0.8586327,1,0.8880572,0.5024043,1,0.6245397,0.5610616,1,0.6502482,0.5534587,1,0.7182267
IMG_0887.png,0.7259887,1,0.3474577,0.7976283,1,0.6218933,0.6706025,1,0.3601744,0.9184327,1,0.8412934,0.7113271,1,0.3898909,0.7415571,1,0.5310559,0.8215156,1,0.6404917
IMG_0891.png,0.4484946,1,0.6576866,0.7519534,1,0.4900102,0.6330822,1,0.4707685,0.8206068,1,0.7903945,0.7339677,1,0.3737086,0.7126307,1,0.5891171,0.8639967,1,0.4541748
IMG_0901.png,0.7647057,1,0.3398692,0.8318239,1,0.4957035,0.613532,1,0.3972665,0.9055792,1,0.7897792,0.719747,1,0.5017224,0.7176062,1,0.4888697,0.8938139,1,0.2896524
