8D5U5524.png,0.737296,1,0.6260784,0.747922,1,0.6969701,0.9302941,1,0.9155069,0.9772681,1,0.9578137,0.7384161,1,0.6078835,0.7384049,1,0.6103259,0.9023256,1,0.8186047
8D5U5525.png,0.7187906,1,0.6323975,0.8419095,1,0.8048741,0.9488217,1,0.8877407,0.9837247,1,0.9377881,0.8935417,1,0.6989797,0.8954832,1,0.7044651,0.9058824,1,0.9529412
8D5U5526.png,0.8216786,1,0.4178323,0.9241123,1,0.5473506,0.9652713,1,0.9142988,0.9852006,1,0.9698339,0.9243949,1,0.5119211,0.9242415,1,0.5110017,0.9402985,1,0.7014925
8D5U5533.png,0.623542,1,0.7158006,0.6781521,1,0.6972499,0.939172,1,0.9644943,0.9837405,1,0.9937262,0.6811048,1,0.6939372,0.6798936,1,0.6936079,0.8876404,1,0.8876404
8D5U5534.png,0.8250194,1,0.597851,0.9761646,1,0.744508,1.002409,1,0.9353443,1.00634,1,0.9649235,1.012696,1,0.6843083,1.012089,1,0.6868328,1.02,1,0.8466667
8D5U5535.png,0.6608187,1,0.6520468,0.707309,1,0.7354967,0.8774836,1,0.8959735,0.9524287,1,0.9638325,0.7093712,1,0.6985873,0.7083018,1,0.6981861,1,1,1
8D5U5536.png,0.5662869,1,0.8176366,0.7506561,1,0.8573057,0.9414999,1,0.9405609,1.010364,1,0.9805394,0.7786238,1,0.9159353,0.7772059,1,0.9156688,0.745098,1,0.7647059
8D5U5539.png,0.7014134,1,0.6369258,0.7127566,1,0.6712856,0.8895708,1,0.8963237,0.9678937,1,0.991915,0.8391936,1,0.7630068,0.8402881,1,0.7640906,0.8166667,1,0.7916667
8D5U5540.png,0.5457587,1,0.9098603,0.6075591,1,0.8622482,0.9283402,1,0.9356924,0.9796408,1,0.9552891,0.6119553,1,0.8164474,0.6112601,1,0.8170499,0.6686747,1,0.8855422
8D5U5541.png,0.5445026,1,1.173251,0.7895638,1,0.9645323,0.9228349,1,0.9799952,0.9772756,1,0.9965754,0.6309071,1,0.8820328,0.6293651,1,0.8805875,0.9607843,1,1
8D5U5543.png,0.5545659,1,0.8797331,0.6412971,1,0.8473124,0.910884,1,0.9523598,0.9800732,1,0.9928584,0.682663,1,0.8767766,0.6841312,1,0.8773908,0.8323699,1,0.9075145
8D5U5545.png,0.8528529,1,0.4294294,0.9232704,1,0.5575423,0.9626556,1,0.8946473,0.9809078,1,0.9619257,0.9273569,1,0.5353538,0.9273415,1,0.5348882,0.8860759,1,0.6075949
8D5U5547.png,0.8583196,1,0.5304776,1.013806,1,0.5817517,0.9905296,1,0.8570341,0.9906918,1,0.9387198,0.9418121,1,0.5498736,0.9417595,1,0.5505892,1.072917,1,0.625
8D5U5549.png,0.7859427,1,0.5654954,0.7042313,1,0.8043906,0.9138948,1,0.9309896,0.9780466,1,0.9768757,0.7231852,1,0.6924375,0.7224055,1,0.6928407,0.8666667,1,0.9921569
8D5U5550.png,0.8051949,1,0.538961,0.6413996,1,0.8177418,0.9354969,1,0.9497429,0.9926712,1,0.9803251,0.7024801,1,0.7496387,0.7026276,1,0.7494282,0.7733333,1,0.8333333
8D5U5554.png,0.8522853,1,0.5094759,0.9675419,1,0.6504207,0.993391,1,0.8419427,0.9974718,1,0.8879214,0.9749937,1,0.4354016,0.9762486,1,0.434954,0.9612069,1,0.7715517
8D5U5556.png,0.8676844,1,0.4300255,0.9082738,1,0.5812197,0.9659274,1,0.9030654,0.9866978,1,0.9483564,0.9082613,1,0.5105607,0.9077771,1,0.5128821,0.9826087,1,0.8782609
8D5U5557.png,0.849315,1,0.436073,0.9475016,1,0.7048666,0.9740701,1,0.9130365,0.9964892,1,0.9579392,0.8329682,1,0.6069609,0.8347793,1,0.6052991,1,1,1
8D5U5561.png,0.5936978,1,0.8278381,0.6680572,1,0.8853643,0.888183,1,0.9537636,0.9586844,1,0.988097,0.757354,1,0.8474804,0.7571807,1,0.8480143,0.8509804,1,1
8D5U5562.png,0.5884219,1,0.8568596,0.8275754,1,0.9290035,0.9423441,1,0.9677138,0.9776202,1,0.9913062,0.742095,1,0.8103596,0.7433025,1,0.8112529,1,1,1
8D5U5565.png,0.5820423,1,0.8542254,0.8292924,1,0.7404776,0.9466003,1,0.8971758,0.9789655,1,0.9265791,0.7780695,1,0.6625717,0.7796064,1,0.6638176,1,1,0.8431373
8D5U5568.png,0.9553159,1,0.4745763,0.9124204,1,0.4385381,0.9590641,1,0.9621567,0.9762322,1,0.9831806,0.9078709,1,0.3744978,0.9076563,1,0.3733047,0.9428571,1,0.6857143
8D5U5569.png,0.6720002,1,0.7392002,0.8126387,1,0.8530016,0.9428222,1,0.9376119,0.9772712,1,0.966201,0.8578275,1,0.8059832,0.860099,1,0.8066514,0.9176471,1,0.9529412
8D5U5571.png,1.314487,1,0.2756184,1.323712,1,0.5200792,1.139691,1,0.8121989,1.076163,1,0.839904,1.265428,1,0.2926264,1.261864,1,0.2936084,1.178082,1,0.8767123
8D5U5573.png,0.6755853,1,0.809699,0.768542,1,0.7245325,0.9739705,1,0.9453381,0.992476,1,0.9719897,0.8026274,1,0.7259199,0.8016567,1,0.7263572,0.9852941,1,0.8970588
8D5U5574.png,0.6195053,1,0.7994505,0.9636199,1,0.7568918,1.009225,1,0.8682875,1.010277,1,0.9005223,0.9685853,1,0.4009653,0.9668071,1,0.4061538,0.9772727,1,0.9090909
8D5U5575.png,0.5122279,1,1.193765,0.8195964,1,0.9028563,0.9316196,1,0.9665903,0.9802586,1,0.9946495,0.7423026,1,0.83453,0.7423319,1,0.8357082,0.9607843,1,1
8D5U5576.png,0.6000815,1,0.8320423,0.9192041,1,0.9225894,0.9913355,1,0.9658663,1.020702,1,1.004117,0.8849095,1,0.6957504,0.8855317,1,0.6968078,1,1,1
8D5U5578.png,0.9741934,1,0.4774194,0.7646679,1,0.7839859,0.9428063,1,0.9318593,0.9866391,1,0.9472165,0.8793373,1,0.6182501,0.8800396,1,0.6180571,0.8410596,1,0.8410596
8D5U5579.png,0.6063461,1,0.7887952,0.742582,1,0.8202694,0.9346962,1,0.9394862,1.012142,1,0.9837265,0.7805884,1,0.8864423,0.7801834,1,0.8870104,1,1,1
8D5U5580.png,0.9653182,1,0.5144508,0.7696778,1,0.8611921,0.9373521,1,0.961875,0.9600493,1,0.984291,0.9299077,1,0.6161547,0.9295684,1,0.617283,0.8352941,1,0.9490196
8D5U5581.png,0.6427349,1,0.6905981,0.7050537,1,0.7494883,0.9994487,1,1.024024,1.003543,1,1.019767,0.7447421,1,0.7332306,0.7435317,1,0.7339183,1,1,1
8D5U5582.png,0.5864079,1,0.7844661,0.6495317,1,0.8707331,0.9577751,1,0.9478534,0.9918373,1,0.9724987,0.6975713,1,0.8943342,0.6974157,1,0.8940794,1,1,1
8D5U5583.png,0.4759946,1,1.030864,0.7236075,1,0.9161999,0.918788,1,0.9709356,0.9527576,1,0.9888547,0.6737436,1,0.8983258,0.6727248,1,0.8978335,0.8014184,1,0.964539
8D5U5584.png,0.4654955,1,1.070264,0.5890342,1,0.8628404,0.8844562,1,0.9299577,0.9454414,1,0.9588041,0.5954434,1,0.8695611,0.5959716,1,0.8696089,0.8076923,1,0.9358974
8D5U5585.png,0.5734264,1,0.8611387,0.8765981,1,0.8926063,0.9580861,1,0.9637311,0.9921303,1,0.9842277,0.9045706,1,0.7973821,0.9016647,1,0.800865,1,1,1
8D5U5586.png,0.5425056,1,0.8903802,0.6756414,1,0.9581476,0.8876852,1,0.9560633,1.001947,1,0.9818198,0.5720398,1,0.9079988,0.5738712,1,0.9084378,0.9215686,1,1
8D5U5587.png,0.6317935,1,0.7608696,0.9568551,1,0.9359547,0.996274,1,0.9778451,0.9997655,1,0.9909452,0.8616539,1,0.8847491,0.8624023,1,0.8861329,1,1,1
8D5U5588.png,0.7330862,1,0.6969419,0.7632038,1,0.7219497,0.950583,1,0.9250373,0.9970238,1,0.9637386,0.8001731,1,0.6827628,0.7997496,1,0.6824876,0.8638298,1,0.8425532
8D5U5592.png,0.7171976,1,0.699363,0.9093924,1,0.6636225,1.000415,1,0.9733893,1.005665,1,1.005189,0.9293039,1,0.6670427,0.9284892,1,0.6659265,0.9583333,1,0.8125
8D5U5593.png,0.7855072,1,0.6,0.9427586,1,0.7079948,0.9531462,1,1.082241,0.9702562,1,1.085243,0.9565231,1,0.7029257,0.9563446,1,0.7015806,0.9545455,1,0.6818182
8D5U5596.png,1.064777,1,0.4453442,1.162633,1,0.491865,1.045136,1,0.8375081,1.027054,1,0.9208584,1.163847,1,0.4296868,1.163153,1,0.4309738,1.07767,1,0.6213592
8D5U5599.png,1.124439,1,0.3755606,1.091793,1,0.5825294,1.023827,1,0.8390374,1.009996,1,0.8818785,1.030129,1,0.4576631,1.028935,1,0.4582375,1.087302,1,0.8253968
8D5U5600.png,1.113475,1,0.3640662,0.9227345,1,0.5560919,0.9816418,1,0.7723914,0.9926094,1,0.8325568,0.892319,1,0.3405759,0.8921631,1,0.3402732,0.9666667,1,0.7666667
8D5U5601.png,0.7984221,1,0.5652798,0.9507313,1,0.6998978,0.9832882,1,0.9495597,0.9931893,1,0.9685551,0.9356942,1,0.5631847,0.9356308,1,0.5627134,0.9922481,1,0.9534884
8D5U5602.png,0.8083814,1,0.5703774,0.881784,1,0.6044763,0.964769,1,0.8789978,0.9928826,1,0.9560265,0.9041885,1,0.615048,0.9040687,1,0.6139237,0.8446602,1,0.7864078
8D5U5603.png,0.8240226,1,0.5428307,0.7952788,1,0.7137688,0.9691645,1,0.9131302,0.9970542,1,0.9470904,0.8962814,1,0.6518162,0.8970919,1,0.6516198,0.7699115,1,0.7876106
8D5U5604.png,0.8043218,1,0.5666269,0.9483479,1,0.6523515,0.9828502,1,0.875815,0.994799,1,0.922135,0.9408709,1,0.6049054,0.9408042,1,0.6042227,0.9615385,1,0.7820513
8D5U5606.png,0.7163517,1,0.6040047,0.700436,1,0.702699,0.9088575,1,0.8949123,0.9775541,1,0.9673803,0.6968245,1,0.702475,0.6961714,1,0.7025602,0.7676768,1,0.8989899
8D5U5611.png,1.359081,1,0.269311,1.269627,1,0.6661335,1.115946,1,0.7618853,1.080005,1,0.8231158,1.601408,1,0.3197579,1.599599,1,0.3198782,1.0625,1,0.9567308
8D5U5612.png,1.199346,1,0.375817,1.015118,1,0.4570871,1.015172,1,0.8192358,1.015472,1,0.8927295,0.9547606,1,0.3865837,0.9542359,1,0.3870751,1.05,1,0.675
8D5U5613.png,1.23002,1,0.2592593,1.089566,1,0.5535402,1.06621,1,0.7619173,1.04053,1,0.8306424,1.205084,1,0.4553075,1.204238,1,0.4561378,1.00939,1,0.6478873
8D5U5617.png,1.194175,1,0.3300972,1.272218,1,0.4844798,1.072568,1,0.8851088,1.032948,1,0.8912756,1.122299,1,0.3690735,1.121492,1,0.370354,1.169492,1,0.6610169
8D5U5618.png,1.136405,1,0.3751152,1.125491,1,0.4309665,1.033336,1,0.9252164,1.017324,1,0.949473,1.116816,1,0.4366633,1.116988,1,0.4359153,1.25,1,0.85
8D5U5619.png,1.210174,1,0.3480589,1.069362,1,0.5928338,1.101674,1,0.8512256,1.056433,1,0.8844923,1.1966,1,0.4030399,1.194087,1,0.4038486,0.9507042,1,0.6901408
8D5U5620.png,1.213198,1,0.286802,1.113609,1,0.631129,1.087219,1,0.7433982,1.033371,1,0.8349253,1.492186,1,0.4055258,1.494376,1,0.4031646,1,1,0.9019608
IMG_0281.png,0.4622771,1,0.7489712,0.5521802,1,0.7645148,0.8510204,1,0.9161542,0.9477544,1,0.9793432,0.5684035,1,0.8085045,0.5669139,1,0.8075483,0.6827309,1,0.8353414
IMG_0284.png,0.4616132,1,0.7492711,0.6175035,1,0.8609704,0.9380863,1,0.9541136,0.9752749,1,0.983883,0.9818852,1,0.9919484,0.9796432,1,0.9911033,0.7522124,1,0.9115044
IMG_0286.png,0.470817,1,0.7256808,0.5692702,1,0.8391542,0.8598553,1,0.9198006,0.936778,1,0.9591041,0.6316287,1,0.8726213,0.6306796,1,0.872211,0.8461538,1,0.9487179
IMG_0292.png,0.4930448,1,0.6846986,0.7363684,1,0.8758906,0.8681417,1,0.9426067,0.9395228,1,0.9670712,0.5865007,1,0.7008193,0.5861323,1,0.7009076,0.8596491,1,0.9517544
IMG_0293.png,0.4886164,1,0.6777583,0.7395008,1,0.7740682,0.9458452,1,0.9038784,0.9646178,1,0.9372508,0.7026037,1,0.7899442,0.7040603,1,0.7914444,0.8027211,1,0.8639456
IMG_0296.png,0.4610984,1,0.7482839,0.617212,1,0.7142199,0.8989897,1,0.9619888,1.01194,1,1.048597,0.7675263,1,0.8255031,0.7631492,1,0.8237746,0.6964286,1,0.7857143
IMG_0298.png,0.5094339,1,0.6339621,1,1,1,1,1,1,1,1,1,1,1,1,1,1,1,1,1,1
IMG_0300.png,0.4591303,1,0.7513045,0.6339984,1,0.8504089,0.8893285,1,0.915848,0.9681016,1,0.9555458,0.7573388,1,0.9155539,0.7549405,1,0.914764,0.8928571,1,0.8928571
IMG_0303.png,0.476082,1,0.7186786,0.6391525,1,0.8439712,0.9054415,1,0.9274415,0.9351803,1,0.9477253,0.5200021,1,0.832716,0.5193209,1,0.8325768,0.8387097,1,0.9462366
IMG_0305.png,0.4746695,1,0.7114535,0.5765466,1,0.8437986,0.9357577,1,0.9067742,0.957383,1,0.9336561,0.5480371,1,0.8473083,0.5468895,1,0.8469402,0.5818182,1,0.7636364
IMG_0315.png,0.4756062,1,0.7186679,1,1,1,1,1,1,1,1,1,1,1,1,1,1,1,1,1,1
IMG_0316.png,0.4683333,1,0.7241665,0.4902269,1,0.8181487,0.9433609,1,0.9019387,0.991285,1,0.939608,0.4900216,1,0.8283657,0.4894276,1,0.8281974,1,1,1
IMG_0317.png,0.4776939,1,0.7343857,0.7972499,1,0.8575959,0.9140987,1,0.9533973,0.9324531,1,0.9593978,0.9044983,1,0.8321728,0.9020965,1,0.8308228,0.8571429,1,0.8571429
IMG_0318.png,0.4670231,1,0.7361855,0.5854279,1,0.8289233,0.944728,1,0.9105559,0.9684326,1,0.936667,0.7185168,1,0.9050046,0.7188664,1,0.9051415,0.8421053,1,0.8684211
IMG_0319.png,0.477564,1,0.7099357,0.904881,1,0.6594987,0.9298699,1,0.9088311,0.9557884,1,0.9092325,0.9544062,1,0.7153943,0.9552049,1,0.7203799,0.9545455,1,0.7727273
IMG_0321.png,0.4731544,1,0.738255,1,1,1,1,1,1,1,1,1,1,1,1,1,1,1,1,1,1
IMG_0323.png,0.4731934,1,0.726107,0.5752769,1,0.8336471,0.89445,1,0.9283406,0.9753245,1,0.9685084,0.7383935,1,0.9101978,0.7327043,1,0.908289,0.7936508,1,0.9206349
IMG_0324.png,0.4832868,1,0.7033424,1,1,1,1,1,1,1,1,1,1,1,1,1,1,1,1,1,1
IMG_0325.png,0.4555085,1,0.6567796,0.8628466,1,0.8743262,0.9372433,1,0.9416922,0.9655473,1,0.9725173,0.9126076,1,0.9260553,0.9143727,1,0.927549,0.9529412,1,0.9882353
IMG_0327.png,0.4873097,1,0.6081217,0.8871452,1,0.6727422,0.9713086,1,0.9198402,0.9880862,1,0.954386,0.9189748,1,0.8016068,0.9193943,1,0.8034942,0.9206349,1,0.9206349
IMG_0328.png,0.4726026,1,0.7455966,0.6036641,1,0.8337307,0.9228652,1,0.9318949,0.9865826,1,0.9664105,0.6553167,1,0.8826379,0.6533277,1,0.882016,0.9,1,0.95
IMG_0329.png,0.4717741,1,0.7419355,1,1,1,1,1,1,1,1,1,1,1,1,1,1,1,1,1,1
IMG_0332.png,0.4761905,1,0.7142858,0.6162771,1,0.7863344,0.9277933,1,0.9344831,1.031346,1,1.000139,0.4941684,1,0.7749175,0.4944636,1,0.7744499,0.8313725,1,0.9529412
IMG_0333.png,0.4761904,1,0.7169312,0.5674987,1,0.8489094,0.8369038,1,0.9493993,0.9012216,1,0.9812855,0.5771023,1,0.8527213,0.5772987,1,0.852845,0.8235294,1,0.9019608
IMG_0336.png,0.4608296,1,0.7488481,0.5047242,1,0.7862029,0.8745659,1,0.9023792,0.9649168,1,0.9677998,0.6071163,1,0.8450853,0.6063587,1,0.844685,0.576,1,0.8
IMG_0339.png,0.4676081,1,0.7400333,0.9509228,1,0.9722954,0.9941174,1,0.9901464,0.9985217,1,0.9941816,0.9860051,1,0.9952535,0.9862671,1,0.9953423,0.744186,1,0.9069767
IMG_0341.png,0.4680557,1,0.738889,0.9707192,1,0.9804243,0.995704,1,0.9845674,0.9937961,1,0.9870098,0.9830137,1,0.9940659,0.9832723,1,0.9941563,0.8846154,1,0.8846154
IMG_0342.png,0.4695144,1,0.7540475,0.5697539,1,0.6532502,0.969579,1,0.9274925,0.9836038,1,0.9512754,0.7140988,1,0.7863673,0.7063961,1,0.7798517,0.5675676,1,0.6756757
IMG_0343.png,0.5026861,1,0.6830394,0.7110391,1,0.8606512,0.9114749,1,1.028321,0.9571962,1,1.034183,0.8839274,1,0.9046585,0.8801524,1,0.9004285,0.7826087,1,0.9275362
IMG_0350.png,0.4580153,1,0.7557252,0.5106198,1,0.8312,0.8572723,1,0.9154394,0.9152858,1,0.9418685,0.5502846,1,0.848383,0.5500137,1,0.8483018,0.6428571,1,0.8809524
IMG_0352.png,0.4833218,1,0.7181757,1,1,1,1,1,1,1,1,1,1,1,1,1,1,1,1,1,1
IMG_0353.png,0.4647799,1,0.7371069,0.5156091,1,0.8273984,0.88996,1,0.9394466,0.9580196,1,0.9683615,0.6090407,1,0.8666444,0.6070341,1,0.8660077,0.6,1,0.8461538
IMG_0362.png,0.5227274,1,0.5643939,0.8932516,1,0.9504189,0.9513693,1,0.951594,0.9749132,1,0.9813028,0.8330142,1,0.9029462,0.8271137,1,0.9001766,1,1,1
IMG_0365.png,0.5118958,1,0.6814127,0.8985866,1,0.9494788,0.9844385,1,0.9915758,0.9999502,1,0.9980524,0.986383,1,0.9952394,0.9857341,1,0.9949827,0.9069767,1,0.9069767
IMG_0366.png,0.5082316,1,0.6789697,1,1,1,1,1,1,1,1,1,1,1,1,1,1,1,1,1,1
IMG_0367.png,0.5050609,1,0.6831984,0.6739215,1,0.8521037,0.9330788,1,0.9491364,0.9701002,1,0.9747087,0.5315845,1,0.8405344,0.5320808,1,0.8406824,0.8842105,1,0.9578947
IMG_0368.png,0.4950317,1,0.6946701,0.7016767,1,0.8402388,0.9081078,1,0.9473601,0.9572348,1,0.9719634,0.7517738,1,0.9150819,0.7480033,1,0.913882,1,1,1
IMG_0369.png,0.4973545,1,0.6910051,0.6027687,1,0.8523755,0.9620253,1,0.9600436,0.9800501,1,0.974573,0.6538262,1,0.88421,0.653322,1,0.8840461,0.6229508,1,0.8360656
IMG_0371.png,0.464539,1,0.7500002,0.5713773,1,0.8509339,0.8625861,1,0.9577619,0.9415496,1,0.9901118,0.6729391,1,0.8858521,0.6715154,1,0.8854986,0.7272727,1,0.9090909
IMG_0375.png,0.4667046,1,0.747581,0.8034153,1,0.922769,0.9949308,1,0.9292969,1.010025,1,0.9680027,0.897072,1,0.9586094,0.8935039,1,0.9575726,0.9117647,1,0.9705882
IMG_0376.png,0.4645893,1,0.7271012,0.8257178,1,0.9333228,0.9540235,1,0.9671283,0.9710154,1,0.986502,0.9019832,1,0.9633549,0.9025488,1,0.9635332,0.9,1,0.9666667
IMG_0377.png,0.4654026,1,0.7393364,0.8010929,1,0.9141296,0.9202357,1,1.064455,0.9653242,1,1.080517,0.9102706,1,0.8294151,0.9116409,1,0.8316771,0.8101266,1,0.9367089
IMG_0378.png,0.470304,1,0.7658842,0.5572192,1,0.8224227,0.8199234,1,0.9303039,0.8996989,1,0.9772437,0.6144888,1,0.8418425,0.6140802,1,0.8422442,0.6809816,1,0.8220859
IMG_0379.png,0.4650498,1,0.7403709,0.5256283,1,0.7970322,0.8820005,1,0.9353692,0.9772867,1,0.99027,0.5832332,1,0.8427861,0.5821666,1,0.8428926,0.6439394,1,0.8257576
IMG_0381.png,0.4652713,1,0.737393,1,1,1,1,1,1,1,1,1,1,1,1,1,1,1,1,1,1
IMG_0382.png,0.471246,1,0.7416134,0.5384503,1,0.7712357,0.8676532,1,0.9288729,0.9249792,1,0.9641562,0.7652665,1,0.8687415,0.7657131,1,0.8691038,0.7516779,1,0.8657718
IMG_0383.png,0.4663953,1,0.5835033,0.7270863,1,0.7304229,0.923816,1,0.927002,0.9468298,1,0.9447533,0.8864538,1,0.9081811,0.8840169,1,0.9046275,0.8375,1,0.825
IMG_0388.png,0.4486487,1,0.7853282,0.7116073,1,0.9633532,0.8792091,1,0.9633212,0.9417146,1,0.9851089,0.8401663,1,0.9501731,0.8379146,1,0.9511372,0.8862745,1,1
IMG_0390.png,0.4875061,1,0.7065165,0.790871,1,0.915372,0.9392767,1,0.974781,0.958406,1,0.9869723,0.8884457,1,0.9581504,0.8908238,1,0.9590339,0.8192771,1,0.939759
IMG_0395.png,0.5067156,1,0.6788766,0.67271,1,0.8024047,0.8782569,1,0.9466882,0.9335773,1,0.9821567,0.7554849,1,0.882479,0.7563722,1,0.8833913,1,1,1
IMG_0397.png,0.4725274,1,0.6872356,0.945696,1,0.9737393,0.9828182,1,0.9927727,0.9807512,1,0.9943433,0.9875269,1,0.9952786,0.987762,1,0.9953682,0.9666667,1,0.9833333
IMG_0398.png,0.4754232,1,0.6970184,0.5885435,1,0.8435985,0.8965835,1,0.9563268,0.9526036,1,0.9845766,0.8020823,1,0.9283109,0.802682,1,0.9286074,0.7575758,1,0.9090909
IMG_0399.png,0.5015875,1,0.6878306,0.5771198,1,0.8415985,0.9130836,1,0.9490173,0.9727587,1,0.9778687,0.7931521,1,0.9280139,0.7900835,1,0.9270073,0.7567568,1,0.8648649
IMG_0404.png,0.4733421,1,0.7295191,0.4876841,1,0.8231422,0.9115788,1,0.9260577,0.9784986,1,0.9617382,0.5429557,1,0.8459055,0.5426142,1,0.8458344,0.8307692,1,0.9384615
IMG_0405.png,0.4700995,1,0.7275746,0.5910587,1,0.8519921,0.9478524,1,0.953669,0.972423,1,0.9741392,0.6239192,1,0.8704152,0.6227926,1,0.8701351,0.6875,1,0.8958333
IMG_0413.png,0.5044586,1,0.6649681,0.6982185,1,0.8216757,0.8880456,1,0.9212759,0.9420121,1,0.9488587,0.7103257,1,0.8169194,0.7074968,1,0.8159907,0.7960784,1,0.9490196
IMG_0416.png,0.4989649,1,0.6583852,1,1,1,1,1,1,1,1,1,1,1,1,1,1,1,1,1,1
IMG_0419.png,0.5200202,1,0.6616618,0.8655008,1,0.7561542,0.9860698,1,0.9853212,1.003634,1,1.009192,0.9424239,1,0.8481638,0.9415603,1,0.8477998,0.8,1,0.775
IMG_0420.png,0.4686869,1,0.7343435,0.6511413,1,0.8456921,0.9307264,1,0.9763833,0.9717203,1,0.9955769,0.7573233,1,0.8995826,0.7539823,1,0.897869,0.8113208,1,0.9056604
IMG_0421.png,0.4715789,1,0.7263158,0.7375882,1,0.8626483,0.9862139,1,0.9039268,1.021314,1,0.9320413,0.8088819,1,0.9358037,0.8113007,1,0.9366133,0.9666667,1,0.9666667
IMG_0422.png,0.4709977,1,0.7343387,0.6902242,1,0.8726042,0.9488237,1,0.967853,0.96947,1,0.9834244,0.8258522,1,0.9392442,0.8252199,1,0.9390737,0.7169811,1,0.9056604
IMG_0424.png,0.4727031,1,0.7376831,0.6527804,1,0.8611957,0.9185968,1,0.9581453,0.945623,1,0.9716255,0.779233,1,0.9247568,0.7777117,1,0.9242743,0.8214286,1,0.9107143
IMG_0425.png,0.4679665,1,0.7437325,0.5874061,1,0.847468,0.9404799,1,0.9561171,0.9587781,1,0.9677923,0.7979125,1,0.9309368,0.7941192,1,0.9296542,0.5945946,1,0.8648649
IMG_0427.png,0.4768645,1,0.7365271,0.6907245,1,0.8499847,0.8809082,1,0.9344777,0.9316511,1,0.9680404,0.7877984,1,0.8604063,0.7886832,1,0.8622191,1,1,1
IMG_0429.png,0.5913218,1,0.6014126,0.7022257,1,0.8354164,0.918981,1,0.9808915,0.9583692,1,0.9977375,0.8941097,1,0.811603,0.8924648,1,0.8134014,0.8078431,1,0.9019608
IMG_0432.png,0.4756691,1,0.718978,0.5416933,1,0.8325314,0.9326174,1,0.9623334,0.9739274,1,0.9901184,0.695298,1,0.8951455,0.6939177,1,0.8946636,1,1,1
IMG_0433.png,0.5714284,1,0.5054945,0.9352654,1,0.8783128,0.9978187,1,1.004754,1.005121,1,1.011718,0.977515,1,0.9290307,0.9778083,1,0.9300346,0.9393939,1,0.9393939
IMG_0437.png,0.4753846,1,0.7215388,0.5354964,1,0.781537,0.8179686,1,0.9139454,0.9121008,1,0.9725231,0.679144,1,0.8546431,0.6774727,1,0.8541857,0.7136364,1,0.8909091
IMG_0438.png,0.504183,1,0.6670384,0.6354084,1,0.8202088,0.9496602,1,0.9639166,0.9786305,1,0.9859416,0.656001,1,0.8432523,0.6561295,1,0.8439739,0.875,1,0.8958333
IMG_0439.png,0.4570446,1,0.7835051,0.7449286,1,0.894176,0.9742121,1,0.9780188,0.9942505,1,0.995138,0.7682927,1,0.9212768,0.7684907,1,0.9213511,0.9452055,1,0.9452055
IMG_0440.png,0.5209953,1,0.6609642,0.8112887,1,0.9169124,0.9735751,1,0.9940755,0.9763822,1,0.9977032,0.889646,1,0.9603808,0.887008,1,0.9594752,1,1,1
IMG_0443.png,0.4354019,1,0.8087489,0.9361818,1,0.9807691,0.9501745,1,0.9782161,0.9666219,1,0.9918099,0.8988161,1,0.9533407,0.8990791,1,0.9536577,0.9882353,1,1
IMG_0446.png,0.4610336,1,0.7555373,0.7511342,1,0.8788836,0.9913819,1,0.9453704,1.012407,1,0.967536,0.9107587,1,0.9699962,0.9118372,1,0.9703577,0.7714286,1,0.8857143
IMG_0447.png,0.5081555,1,0.6737765,0.6334607,1,0.8613229,0.9767682,1,0.9641678,0.9898094,1,0.9784264,0.6979582,1,0.8822218,0.6956919,1,0.8816877,0.7857143,1,0.9285714
IMG_0450.png,0.443539,1,0.7892897,0.5084247,1,0.7193915,0.8211503,1,0.8931737,0.9481576,1,0.975128,0.6064841,1,0.7959116,0.6017288,1,0.79345,0.5707763,1,0.7214612
IMG_0452.png,0.4264973,1,0.823956,0.5183865,1,0.7848354,0.8396598,1,0.9276879,0.9163956,1,0.9779869,0.668894,1,0.8720602,0.6641197,1,0.869729,0.6344828,1,0.7724138
IMG_0455.png,0.4491696,1,0.773422,0.6306969,1,0.8624321,0.8947455,1,0.9671759,0.9281659,1,0.9864417,0.7782975,1,0.9132943,0.7769993,1,0.9131067,0.6289308,1,0.8742138
IMG_0456.png,0.3981482,1,0.8950617,0.5222651,1,0.7583053,0.8414858,1,0.9163115,0.9284226,1,0.9764987,0.6311415,1,0.8209671,0.628547,1,0.8200342,0.6372093,1,0.8139535
IMG_0457.png,0.4673618,1,0.7484135,0.657461,1,0.8963671,0.866458,1,0.9397024,0.9256541,1,0.9742315,0.8392414,1,0.9489626,0.8400433,1,0.9496573,0.7681818,1,0.9227273
IMG_0458.png,0.4567899,1,0.7578346,0.8040331,1,0.9176635,0.9637334,1,1.002425,0.9697955,1,1.004476,0.9475937,1,0.9704014,0.9468522,1,0.969767,0.7794118,1,0.9264706
IMG_0460.png,0.5509258,1,0.5740741,0.8993524,1,0.9634656,0.9857753,1,0.9981,0.9869022,1,0.9995673,0.9872189,1,0.9946576,0.9874494,1,0.9947535,0.9329268,1,0.9756098
IMG_0462.png,0.6773163,1,0.416933,0.9288333,1,0.7341183,0.9732636,1,1.057351,0.9823185,1,1.03774,0.967015,1,0.7857678,0.9666104,1,0.7829099,0.9444444,1,0.6944444
IMG_0466.png,0.4911536,1,0.6475585,0.7992579,1,0.8296339,0.8977812,1,0.9084639,0.9547955,1,0.9445222,0.6942651,1,0.7336541,0.6923537,1,0.7331426,1,1,1
IMG_0470.png,0.5161291,1,0.6638529,0.5828049,1,0.8240111,0.9143093,1,0.9595109,0.9781735,1,0.9844742,0.7656844,1,0.9115943,0.7646289,1,0.9108609,0.8472222,1,0.8611111
IMG_0471.png,0.5287981,1,0.6477462,0.6102582,1,0.7164879,0.907271,1,0.9498027,0.9503009,1,0.9866343,0.5809659,1,0.7464354,0.5792568,1,0.745268,0.9777778,1,0.9888889
IMG_0474.png,0.4946445,1,0.6864653,1,1,1,1,1,1,1,1,1,1,1,1,1,1,1,1,1,1
IMG_0477.png,0.482587,1,0.7089553,0.7289784,1,0.8699731,0.9228236,1,0.9581365,0.9500547,1,0.9757024,0.6172234,1,0.8665172,0.6167406,1,0.8662566,0.8679245,1,0.9056604
IMG_0479.png,0.4725492,1,0.7303924,0.5784746,1,0.8084777,0.8807688,1,0.9342896,0.935067,1,0.9770262,0.6133846,1,0.8545725,0.611504,1,0.854225,0.6393443,1,0.8032787
IMG_0480.png,0.5132742,1,0.6654865,0.673129,1,0.8267966,0.9366899,1,0.770107,0.9056696,1,0.8099834,0.7646331,1,0.9201246,0.7653493,1,0.9203733,0.6176471,1,0.8529412
IMG_0482.png,0.4124295,1,0.7853108,0.4531377,1,0.4275897,0.9059487,1,0.9250244,0.9484906,1,0.9497025,0.5201942,1,0.513491,0.520788,1,0.5129512,0.5454545,1,0.4805195
IMG_0485.png,0.4516129,1,0.6752688,0.9487738,1,0.9821204,0.9502189,1,0.9505089,0.9757784,1,0.9708708,0.6672404,1,0.8599097,0.6672865,1,0.8592924,1,1,1
IMG_0487.png,0.4555085,1,0.7457626,0.5901896,1,0.8487521,0.8710312,1,0.9413805,0.9405288,1,0.9838003,0.9166084,1,0.969336,0.9078283,1,0.966438,0.6868687,1,0.8787879
IMG_0491.png,0.4682081,1,0.7210985,0.5531545,1,0.7798336,0.8441309,1,0.9361099,0.9258532,1,0.990809,0.5347491,1,0.8149099,0.5338441,1,0.814503,0.6766917,1,0.8270677
IMG_0492.png,0.4625955,1,0.7419845,0.522729,1,0.7196322,0.7722644,1,0.8402548,0.9099248,1,0.9527469,0.5481266,1,0.7977618,0.5477308,1,0.7983693,0.6583333,1,0.7375
IMG_0493.png,0.4490446,1,0.7547771,0.5744485,1,0.7860399,0.8400554,1,0.9086241,0.9381087,1,0.9757861,0.5285471,1,0.8098941,0.5285539,1,0.8103518,0.6933333,1,0.8066667
IMG_0498.png,0.4561736,1,0.7624884,0.5515103,1,0.8061693,0.8702438,1,0.9348302,0.9328152,1,0.9698505,0.7345549,1,0.9004731,0.7325714,1,0.8996191,0.626506,1,0.8192771
IMG_0501.png,0.457656,1,0.7544909,0.4802079,1,0.9054514,0.9062665,1,0.9753736,0.9415446,1,0.9897547,0.7990671,1,0.9519681,0.7917744,1,0.9513593,0.7117647,1,0.9647059
IMG_0502.png,0.4571077,1,0.7561274,0.993575,1,0.9841217,0.9935171,1,1.012911,0.9948879,1,1.005221,0.9970821,1,0.9824406,0.9971358,1,0.9827643,1,1,1
IMG_0507.png,0.4505929,1,0.7351779,0.6247971,1,0.7410132,0.8445112,1,0.8785723,0.9609898,1,0.970691,0.6234971,1,0.831516,0.6237061,1,0.8324223,0.6952381,1,0.7619048
IMG_0508.png,0.4601327,1,0.7491691,0.916282,1,0.9503502,0.991658,1,0.9812874,0.99728,1,0.9851423,0.9620634,1,0.987106,0.9627906,1,0.9873532,1,1,1
IMG_0509.png,0.4453988,1,0.7779144,0.6547262,1,0.8077579,0.9994644,1,0.8815122,1.034786,1,0.9130155,0.6405562,1,0.8760341,0.6415901,1,0.876437,1,1,1
IMG_0510.png,0.4463182,1,0.7858347,0.6026841,1,0.5827054,0.877081,1,0.882078,0.9199842,1,0.9142933,0.6403746,1,0.6346814,0.6391296,1,0.6326328,0.8265306,1,0.8061224
IMG_0513.png,0.4441708,1,0.780788,0.608311,1,0.8257374,0.8220586,1,0.9273197,0.8991899,1,0.9732983,0.6871951,1,0.8718114,0.6881918,1,0.8724976,0.7351351,1,0.8486486
IMG_0516.png,0.4490933,1,0.7619712,0.9755039,1,0.9827329,1.000528,1,0.9861763,0.9969519,1,0.9901897,0.9596477,1,0.9853026,0.9604199,1,0.985584,1,1,1
IMG_0517.png,0.4534379,1,0.7554396,0.5330414,1,0.7606686,0.8313725,1,0.9034088,0.925008,1,0.9651152,0.6837093,1,0.8563505,0.6826547,1,0.8557228,0.6338028,1,0.8122066
IMG_0520.png,0.5014327,1,0.6848137,0.5981611,1,0.8270622,1.013659,1,0.8687579,1.026873,1,0.8983971,0.5433919,1,0.8438722,0.5447379,1,0.8443428,1,1,1
IMG_0521.png,0.4450601,1,0.7460756,0.7303785,1,0.9037623,0.8863563,1,0.9476771,0.9381697,1,0.986998,0.7169072,1,0.8898914,0.7159279,1,0.8895306,0.9333333,1,1
IMG_0523.png,0.4512773,1,0.7753075,0.6345906,1,0.8589961,0.8480235,1,0.9270299,0.9049435,1,0.9590015,0.7334634,1,0.9017254,0.7372198,1,0.9031302,1,1,1
IMG_0527.png,0.4458041,1,0.7701049,0.5248689,1,0.7916371,0.773153,1,0.9166999,0.8747817,1,0.9787028,0.552502,1,0.8299708,0.5511702,1,0.829526,0.6133333,1,0.84
IMG_0528.png,0.442623,1,0.7923498,0.50962,1,0.8006491,1.069957,1,0.845907,1.039817,1,0.8775456,0.4084106,1,0.7992037,0.4105606,1,0.7999603,0.9117647,1,0.9117647
IMG_0529.png,0.4280001,1,0.8140001,1,1,1,1,1,1,1,1,1,1,1,1,1,1,1,1,1,1
IMG_0531.png,0.4787484,1,0.7154663,0.5373611,1,0.7492789,0.8155454,1,0.9204436,0.9123669,1,0.9821526,0.5101999,1,0.8245315,0.5096615,1,0.8244701,0.6627451,1,0.8117647
IMG_0534.png,0.5468379,1,0.6262483,1.089537,1,0.7389664,1.02151,1,0.9447945,1.021814,1,0.977994,0.9923685,1,0.8192974,0.9920019,1,0.8203816,0.9635036,1,0.7664234
IMG_0543.png,0.7844993,1,0.3175803,0.9251039,1,0.6741073,0.9771934,1,0.9845386,0.9859858,1,0.9871335,0.9526906,1,0.698819,0.9528925,1,0.7000419,0.9375,1,0.90625
IMG_0545.png,0.7768239,1,0.3090128,0.9324271,1,0.7342481,0.9708398,1,0.9883069,0.979633,1,1.000019,0.9722284,1,0.8385673,0.9722482,1,0.8384395,0.9411765,1,0.6176471
IMG_0547.png,0.4328042,1,0.6899471,0.7233378,1,0.8646314,0.9658388,1,0.971448,0.9792719,1,0.9823609,0.93343,1,0.9764999,0.9345203,1,0.9768848,0.8163265,1,0.8163265
IMG_0551.png,0.6312292,1,0.4983388,0.6096834,1,0.8588999,0.83842,1,0.8668724,0.929847,1,0.9152147,0.8526408,1,0.8928735,0.8549394,1,0.8915612,0.6804979,1,0.879668
IMG_0552.png,0.6614172,1,0.440945,0.907384,1,0.9576633,0.9861286,1,0.960737,0.9898,1,0.975694,0.8792815,1,0.9576339,0.8807259,1,0.958134,0.8842105,1,0.9578947
IMG_0553.png,0.7743433,1,0.3183926,0.9528853,1,0.7345874,0.9552014,1,0.8226767,0.9882391,1,0.8565584,0.8730004,1,0.6396429,0.8738781,1,0.6420895,1,1,0.8627451
IMG_0554.png,0.7515463,1,0.3587629,0.9680032,1,0.8213257,0.971475,1,0.8757214,0.9898719,1,0.8937743,0.9549726,1,0.7870668,0.9554407,1,0.7900829,0.9802372,1,0.8814229
IMG_0555.png,0.8023406,1,0.3023407,0.9586624,1,0.7395929,0.9628847,1,0.817654,0.9908755,1,0.8668675,0.9163712,1,0.6649458,0.9174506,1,0.6674233,1,1,0.945098
IMG_0556.png,0.791218,1,0.3148302,0.9090546,1,0.8064435,0.975496,1,0.9129724,0.9903235,1,0.9373536,0.9320609,1,0.7694194,0.9326328,1,0.7688375,0.9824561,1,0.9298246
IMG_0558.png,0.7110092,1,0.4036698,0.9811794,1,0.9581704,0.9526169,1,1.124984,0.9621594,1,1.094263,0.9881215,1,0.9326248,0.9879888,1,0.9319274,1,1,1
IMG_0559.png,0.5584701,1,0.5726776,0.7407966,1,0.8203561,0.9450635,1,0.9710423,0.9790478,1,1.010771,0.8209744,1,0.8301077,0.8219927,1,0.8295953,0.8235294,1,0.9411765
IMG_0560.png,0.8044662,1,0.3175382,0.9678459,1,0.8255795,0.9685991,1,0.8682929,0.9919716,1,0.9361511,0.948656,1,0.7062888,0.9491405,1,0.7097261,1,1,0.9529412
IMG_0568.png,0.5902777,1,0.4930554,0.7865962,1,0.671052,0.8490477,1,0.7889969,0.8962441,1,0.8791861,0.8431311,1,0.7586398,0.8430151,1,0.7599076,0.9764706,1,0.9019608
IMG_0571.png,0.6216215,1,0.4414414,0.8963347,1,0.7619916,0.9310206,1,0.8484549,1.041011,1,1.00083,0.8278335,1,0.6655287,0.8280233,1,0.6662142,1,1,0.8941176
IMG_0572.png,0.5470853,1,0.5313902,0.9547184,1,0.9714511,1.00951,1,0.9754285,1.006596,1,0.980863,0.9771757,1,0.9923685,0.9761509,1,0.9920137,1,1,1
IMG_0574.png,0.5958397,1,0.4680536,0.9601528,1,0.8521069,0.9815545,1,0.9030144,0.9919395,1,0.9210585,0.9503038,1,0.7084352,0.9509992,1,0.7125205,1,1,1
IMG_0577.png,0.7913386,1,0.3070866,0.9360445,1,0.8430552,0.9430967,1,1.104533,0.9588724,1,1.093595,0.9621002,1,0.7859105,0.9623672,1,0.7871703,0.9411765,1,0.9411765
IMG_0578.png,0.7974684,1,0.2911393,0.7530152,1,0.8335924,0.924316,1,0.9191691,0.9708731,1,0.9616571,0.8532012,1,0.7106519,0.8525368,1,0.7133811,0.9333333,1,1
IMG_0580.png,0.5718475,1,0.5278592,0.7643026,1,0.862789,1.024204,1,1.016652,1.02868,1,1.013318,0.8502138,1,0.9098081,0.8519835,1,0.9104294,0.7,1,0.875
IMG_0585.png,0.4428823,1,0.6660809,0.798909,1,0.8206275,0.9588444,1,0.943008,0.9794089,1,0.9645696,0.9059347,1,0.9327192,0.9047633,1,0.9329864,0.8,1,0.7764706
IMG_0588.png,0.7871201,1,0.3166369,0.9584596,1,0.7137539,0.9567133,1,0.9851208,0.9787242,1,0.9813927,0.9218385,1,0.5029651,0.9220033,1,0.5044398,1,1,0.8588235
IMG_0589.png,0.791045,1,0.3093623,1,1,1,1,1,1,1,1,1,1,1,1,1,1,1,1,1,1
IMG_0592.png,0.7793849,1,0.3345388,0.7623717,1,0.7027044,0.9523883,1,0.9113395,0.9721713,1,0.9367745,0.8788384,1,0.838708,0.8787717,1,0.8392687,0.8227848,1,0.7974684
IMG_0593.png,0.7659062,1,0.3463384,0.9645538,1,0.7792826,0.9743924,1,0.8851284,0.9927251,1,0.9277113,0.8571662,1,0.6480718,0.8564278,1,0.6475719,1,1,0.972549
IMG_0594.png,0.7927631,1,0.3157895,0.9360561,1,0.6929902,0.9774625,1,0.8875548,0.9905304,1,0.9263566,0.9487161,1,0.7045098,0.9488949,1,0.7056963,0.9565217,1,0.7391304
IMG_0595.png,0.795053,1,0.3144877,1,1,1,1,1,1,1,1,1,1,1,1,1,1,1,1,1,1
IMG_0599.png,0.7872339,1,0.3085107,0.9433333,1,0.6699749,0.971911,1,0.9106875,0.9820764,1,0.920703,0.9935339,1,0.9705142,0.9931987,1,0.9689302,0.951087,1,0.7119565
IMG_0602.png,0.767742,1,0.3,0.9175683,1,0.5970368,0.9485017,1,0.8536741,0.980102,1,0.9320725,0.9462227,1,0.7067279,0.9469205,1,0.7105627,0.9710145,1,0.7971014
IMG_0605.png,0.4451532,1,0.6798474,0.6577425,1,0.8459546,0.9432475,1,0.9503986,0.9686138,1,0.9724703,0.7290013,1,0.9050102,0.7247951,1,0.9036145,0.6818182,1,0.8863636
IMG_0606.png,0.4344263,1,0.6639344,1,1,1,1,1,1,1,1,1,1,1,1,1,1,1,1,1,1
IMG_0611.png,0.5609757,1,0.5670733,0.8295254,1,0.7592583,0.9276107,1,0.887489,0.9698872,1,0.9184396,0.8363604,1,0.7777548,0.8350153,1,0.7769787,0.9117647,1,0.7941176
IMG_0612.png,0.675141,1,0.3629943,0.9149934,1,0.8736994,0.9466016,1,0.9616261,0.9636409,1,0.9724678,0.8826527,1,0.6325179,0.87996,1,0.633103,0.9911111,1,0.9377778
IMG_0617.png,0.7733757,1,0.344955,0.9680352,1,0.8683002,0.9455412,1,0.8153588,0.9660583,1,0.8850018,0.9442727,1,0.6970522,0.9440772,1,0.6951524,0.9925926,1,0.962963
IMG_0618.png,0.7814032,1,0.3115824,0.9490203,1,0.6572547,0.9523977,1,0.7765947,0.9792751,1,0.8380936,0.9419665,1,0.6965131,0.9420479,1,0.6968428,1,1,0.854902
IMG_0619.png,0.8031496,1,0.3044619,0.9403115,1,0.8765876,0.9310969,1,1.18158,0.9455465,1,1.161477,0.9614452,1,0.7893717,0.9619275,1,0.7920489,1,1,1
IMG_0620.png,0.8090554,1,0.3070867,0.9591472,1,0.7757078,0.9832692,1,0.8483004,0.9922936,1,0.8861615,0.9477109,1,0.7531316,0.9481435,1,0.7551161,0.968254,1,0.8888889
IMG_0622.png,0.7949527,1,0.3101998,0.9579822,1,0.7608689,0.9490419,1,0.9364192,0.9702705,1,0.9499628,0.9378338,1,0.6323749,0.9376082,1,0.6309257,0.9680851,1,0.7978723
IMG_0623.png,0.7800687,1,0.3024056,0.9756793,1,0.9473059,0.9625134,1,1.124517,0.9732592,1,1.102246,0.9901381,1,0.94491,0.9902464,1,0.945515,0.9411765,1,0.8823529
IMG_0626.png,0.6451612,1,0.3064516,0.9344745,1,0.688309,0.9243935,1,1.086275,0.9442681,1,1.100681,0.9812715,1,0.8992642,0.9812318,1,0.8990524,0.9361702,1,0.6914894
IMG_0627.png,0.5024875,1,0.597015,0.830013,1,0.8942738,1.014559,1,0.9314658,1.002458,1,0.9445243,0.8475957,1,0.9483649,0.844983,1,0.9475141,1,1,1
IMG_0629.png,0.7198515,1,0.3858998,0.602489,1,0.6530586,0.8785034,1,0.9232453,0.9420636,1,0.974341,0.7585793,1,0.5293513,0.7573705,1,0.529581,0.9090909,1,0.9090909
IMG_0630.png,0.7682119,1,0.2980133,0.9820172,1,0.8792014,0.966297,1,0.9329505,0.9847848,1,0.9822021,0.9778606,1,0.9123952,0.976546,1,0.9022321,0.9866667,1,0.9066667
IMG_0631.png,0.7362784,1,0.2811246,0.9460569,1,0.6377719,0.9530207,1,0.7828821,0.9841749,1,0.8770118,0.9074854,1,0.4366114,0.9073239,1,0.4349309,1,1,0.8196078
IMG_0632.png,0.8333334,1,0.3070175,0.9036384,1,0.4895731,0.9699176,1,0.9721593,0.985244,1,1.005279,0.9155685,1,0.4380401,0.9150623,1,0.4354283,0.9375,1,0.65625
IMG_0633.png,0.6871164,1,0.4171778,0.7102186,1,0.6991325,0.9695778,1,0.9764027,0.9799565,1,0.9895298,0.8003763,1,0.8059808,0.797173,1,0.8036817,1,1,1
IMG_0634.png,0.6657143,1,0.44,0.9520709,1,0.8591731,0.9697959,1,1.018974,0.9794033,1,1.023757,0.9811081,1,0.8825981,0.9806934,1,0.879426,1,1,1
IMG_0635.png,0.6898732,1,0.4082278,0.7584354,1,0.742957,0.8719872,1,0.8705273,0.9399725,1,0.9436894,0.772898,1,0.7952449,0.7689005,1,0.7930154,1,1,0.8901961
IMG_0636.png,0.4423963,1,0.6866358,0.6328704,1,0.8592768,0.7895982,1,0.9096816,0.898003,1,0.975873,0.5892141,1,0.8268464,0.5888642,1,0.826777,0.8901961,1,1
IMG_0637.png,0.5584416,1,0.5064935,0.7166329,1,0.6920737,0.9695149,1,0.9715528,1.019862,1,1.02646,0.8865841,1,0.8724402,0.8777951,1,0.8626344,0.9166667,1,0.9166667
IMG_0638.png,0.5129152,1,0.6162361,1,1,1,1,1,1,1,1,1,1,1,1,1,1,1,1,1,1
IMG_0661.png,0.4988292,1,0.6182672,0.6915194,1,0.8427068,1.015204,1,0.874694,1.081746,1,0.9186966,0.7741853,1,0.9242299,0.7747478,1,0.924424,0.862069,1,0.862069
IMG_0672.png,0.4659498,1,0.7467145,0.7060887,1,0.8763621,0.8941685,1,0.9340889,0.9580151,1,0.9659918,0.7415111,1,0.9080581,0.7422706,1,0.9083864,0.8615385,1,0.8769231
IMG_0673.png,0.462185,1,0.7454982,0.4889972,1,0.8193294,0.9131216,1,0.9301236,0.9746323,1,0.9664333,0.5890369,1,0.8607957,0.5868996,1,0.8601118,0.6901408,1,0.8591549
IMG_0674.png,0.4609218,1,0.760187,0.7853758,1,0.8932052,0.9566501,1,0.9654316,0.9857139,1,0.9911507,0.8118839,1,0.9327262,0.8120678,1,0.9328877,0.9375,1,0.984375
IMG_0675.png,0.4653926,1,0.7551654,0.7939003,1,0.9355709,0.9122676,1,0.9698138,0.9435162,1,0.9813095,0.7791083,1,0.9434983,0.7800753,1,0.9433418,0.9172932,1,0.9699248
IMG_0677.png,0.4616457,1,0.7622035,0.6867673,1,0.8679106,0.8835126,1,0.9130737,0.9299896,1,0.9485014,0.6106446,1,0.8631711,0.6132582,1,0.8641164,0.78125,1,0.921875
IMG_0679.png,0.4644997,1,0.7510694,0.9107144,1,0.9447211,0.9997981,1,0.9752316,1.005335,1,0.9835799,0.9496674,1,0.9831722,0.9503559,1,0.9833957,1,1,1
IMG_0680.png,0.462636,1,0.7486414,0.7536569,1,0.8134644,0.937965,1,1.000312,0.9657464,1,1.013136,0.7856238,1,0.8111563,0.7863861,1,0.8126188,0.9210526,1,0.9736842
IMG_0681.png,0.4812925,1,0.6173469,0.6107136,1,0.8227598,0.98085,1,0.8897772,0.9826859,1,0.9104853,0.6403369,1,0.8794953,0.6437775,1,0.8806528,0.9487179,1,0.9487179
IMG_0684.png,0.4628098,1,0.7520659,0.7306563,1,0.8720166,0.9309583,1,0.9711352,0.9644849,1,0.9877367,0.8582309,1,0.949095,0.8578522,1,0.9489787,0.875,1,0.875
IMG_0685.png,0.5228216,1,0.5809129,0.9020201,1,0.9382701,0.9875303,1,0.9705926,0.9908491,1,0.9793261,0.9717932,1,0.9905921,0.9703433,1,0.9901089,0.7777778,1,0.8148148
IMG_0744.png,0.4450826,1,0.7695622,0.5818537,1,0.8444868,0.9227356,1,0.9633041,0.9593012,1,0.9863574,0.9071884,1,0.966809,0.9028617,1,0.9652828,0.6756757,1,0.8918919
IMG_0745.png,0.4486984,1,0.7748856,0.9259226,1,0.9341398,0.9775742,1,0.9658643,0.9916718,1,0.9837734,0.9707653,1,0.9794437,0.9706296,1,0.9795119,1,1,1
IMG_0747.png,0.4541789,1,0.7822581,0.7252655,1,0.8485917,0.9551576,1,0.918085,0.9870829,1,0.9508577,0.6891914,1,0.8822266,0.6922506,1,0.8835626,0.9508197,1,0.9508197
IMG_0749.png,0.4487473,1,0.7790435,0.5096112,1,0.8332373,0.8045584,1,0.9003516,0.8984352,1,0.9484407,0.5312767,1,0.8418872,0.5301118,1,0.8414957,0.7261905,1,0.8809524
IMG_0750.png,0.448931,1,0.7854315,0.4794185,1,0.8184244,0.8047775,1,0.8936589,0.9170314,1,0.9645286,0.5393339,1,0.8391874,0.5375806,1,0.8387353,0.673913,1,0.8695652
IMG_0753.png,0.4615116,1,0.7890133,0.7787794,1,0.9153007,0.8993557,1,0.9736344,0.9124321,1,0.9883317,0.7531758,1,0.8783335,0.7559893,1,0.8802531,0.8508287,1,0.9337017
IMG_0754.png,0.4494624,1,0.7817202,0.811825,1,0.8936666,0.9891113,1,0.9563419,1.035688,1,0.9891826,0.9277487,1,0.9757075,0.9286611,1,0.9760142,0.8148148,1,0.8148148
IMG_0755.png,0.4632653,1,0.7653061,0.4964157,1,0.8213311,0.8141608,1,0.8933651,0.9388216,1,0.9672138,0.7888728,1,0.9258738,0.7846585,1,0.9245018,0.5402844,1,0.8436019
IMG_0756.png,0.4521011,1,0.7747902,0.9753961,1,0.9844592,0.9973526,1,0.9931177,1.003017,1,0.9964713,0.985863,1,0.9952778,0.9860804,1,0.9953505,0.8518519,1,0.8518519
IMG_0762.png,0.4589372,1,0.763285,0.5125431,1,0.8224508,0.9163697,1,0.9079744,0.9821023,1,0.9470427,0.6058039,1,0.8678946,0.604891,1,0.8676001,0.8076923,1,0.8653846
IMG_0763.png,0.4528044,1,0.7756496,0.9848121,1,0.9898111,1.007622,1,0.9953195,1.005077,1,0.9969811,0.9924702,1,0.9974275,0.9917954,1,0.9972034,1,1,1
IMG_0765.png,0.4520409,1,0.7806124,0.7426078,1,0.8898237,0.8552289,1,0.9441868,0.9165958,1,0.9768345,0.6980471,1,0.8888697,0.7003254,1,0.8896997,0.9350649,1,0.961039
IMG_0766.png,0.4494383,1,0.7814096,0.8850636,1,0.9340875,0.9799436,1,0.9677913,0.986935,1,0.9787229,0.9512272,1,0.9833725,0.9513388,1,0.9834053,0.8571429,1,0.8571429
IMG_0768.png,0.5080214,1,0.5775401,0.7101345,1,0.7965699,0.8902451,1,0.9162088,0.9520447,1,0.9739789,0.6702224,1,0.7070067,0.6742965,1,0.7106326,0.862069,1,0.9425287
IMG_0771.png,0.5356836,1,0.6362857,0.6258068,1,0.7662428,0.8843702,1,0.9020582,0.9509773,1,0.9469346,0.8301625,1,0.8914586,0.8309033,1,0.8924526,0.6703911,1,0.7988827
IMG_0772.png,0.4485727,1,0.7884003,0.5896996,1,0.8447577,0.8488987,1,0.9131398,0.8855966,1,0.9540948,0.5425011,1,0.8382956,0.5420524,1,0.8382223,0.8552632,1,0.9473684
IMG_0774.png,0.4615385,1,0.7716346,0.506758,1,0.825604,0.8893724,1,0.9405112,0.9473677,1,0.9771902,0.7181315,1,0.9020842,0.7172071,1,0.9018104,0.6690647,1,0.8776978
IMG_0775.png,0.4547647,1,0.7683957,0.8594428,1,0.9131975,1.014411,1,0.9558531,1.011645,1,0.9644447,0.9261034,1,0.975135,0.926095,1,0.975134,1,1,1
IMG_0779.png,0.4619845,1,0.7068301,0.8744624,1,0.9365893,0.9876403,1,0.9866009,0.9912806,1,0.9946711,0.9118943,1,0.9688752,0.9099567,1,0.9682697,1,1,1
IMG_0780.png,0.4527363,1,0.7810945,1,1,1,1,1,1,1,1,1,1,1,1,1,1,1,1,1,1
IMG_0784.png,0.4531178,1,0.786605,0.5527858,1,0.8720084,0.8280818,1,0.9481206,0.9096257,1,0.988157,0.5572559,1,0.8561099,0.5547487,1,0.8558011,0.9058824,1,1
IMG_0785.png,0.4459204,1,0.7855787,0.4720383,1,0.8100581,0.8842543,1,0.9131236,0.9575719,1,0.9670888,0.599546,1,0.8617234,0.5967628,1,0.8608777,0.7802198,1,0.8681319
IMG_0787.png,0.4456183,1,0.793039,1,1,1,1,1,1,1,1,1,1,1,1,1,1,1,1,1,1
IMG_0788.png,0.4484849,1,0.7941919,0.5679968,1,0.8513308,0.8637442,1,0.9301557,0.9422175,1,0.9764052,0.6933317,1,0.893402,0.6888823,1,0.8918836,0.7686275,1,0.9647059
IMG_0789.png,0.4538461,1,0.7320513,0.6737066,1,0.8580013,0.9270015,1,0.9471362,0.9728788,1,0.9757549,0.7517074,1,0.9133612,0.7523708,1,0.9135612,0.8636364,1,0.9318182
IMG_0790.png,0.4777328,1,0.7165992,0.6675554,1,0.8471464,0.9275264,1,0.9112574,0.9741873,1,0.9419948,0.7844863,1,0.9260499,0.7847301,1,0.9260818,0.7179487,1,0.8717949
IMG_0792.png,0.4513275,1,0.7787611,0.7012032,1,0.8703078,0.9055943,1,0.940318,0.9620779,1,0.9703288,0.744208,1,0.9072465,0.7453049,1,0.9076878,0.8656716,1,0.8656716
IMG_0795.png,0.4545455,1,0.7800983,0.4817629,1,0.8187443,0.8950714,1,0.9406631,0.9597439,1,0.9757086,0.6832395,1,0.8930878,0.683001,1,0.8930358,0.7076923,1,0.8461538
IMG_0796.png,0.4569932,1,0.7666416,0.9676237,1,0.7391917,0.9797089,1,0.9473159,0.9896928,1,0.9691206,0.9941435,1,0.9774831,0.9942826,1,0.978235,1,1,0.8313725
IMG_0797.png,0.4626717,1,0.7554025,0.7389382,1,0.8877789,0.908562,1,0.9774911,0.9587771,1,0.9950513,0.8314714,1,0.9046967,0.8303174,1,0.905306,1,1,1
IMG_0799.png,0.4467354,1,0.790378,1,1,1,1,1,1,1,1,1,1,1,1,1,1,1,1,1,1
IMG_0800.png,0.4605809,1,0.780083,0.5362442,1,0.8302761,0.9105715,1,0.9506782,0.9489594,1,0.9860977,0.7910739,1,0.9242178,0.7834904,1,0.9217902,0.7628866,1,0.8762887
IMG_0802.png,0.5152671,1,0.6412213,0.5606952,1,0.8387435,0.9135846,1,0.9104064,0.9692555,1,0.9393534,0.6642132,1,0.8842552,0.6638403,1,0.8841659,0.8791209,1,0.956044
IMG_0805.png,0.4437595,1,0.7935282,0.5153199,1,0.822398,0.8234623,1,0.9160213,0.9203151,1,0.9651462,0.6498961,1,0.8785868,0.6467186,1,0.8776056,0.635514,1,0.8504673
IMG_0806.png,0.4442529,1,0.7959771,0.6306475,1,0.861523,0.8039622,1,0.9339625,0.8915207,1,0.9831027,0.7076371,1,0.8908489,0.7091524,1,0.8910233,0.8429319,1,0.9319372
IMG_0807.png,0.4408714,1,0.7935684,0.9104246,1,0.9584906,0.979083,1,0.9939191,0.9839526,1,0.9969808,0.9879514,1,0.9947932,0.987277,1,0.9944922,0.8518519,1,0.9074074
IMG_0811.png,0.4429969,1,0.7915309,0.4459418,1,0.806456,0.8636079,1,0.8872202,0.9371777,1,0.9350712,0.5059827,1,0.8332475,0.5057212,1,0.833196,0.6229508,1,0.8032787
IMG_0816.png,0.4397971,1,0.8022811,0.4826881,1,0.8173578,0.8659708,1,0.8833512,0.9492222,1,0.9406661,0.5457819,1,0.8445647,0.5451975,1,0.8444263,0.8313253,1,0.9156627
IMG_0817.png,0.4396324,1,0.8031496,0.4818234,1,0.8192202,0.8770522,1,0.9348443,0.9443642,1,0.9786321,0.5988792,1,0.8610946,0.5977189,1,0.8607282,0.6541353,1,0.8571429
IMG_0819.png,0.4416058,1,0.8072991,0.749517,1,0.8998748,0.9713701,1,0.9410759,0.9899967,1,0.9616611,0.8168248,1,0.9360908,0.8159753,1,0.9357011,0.983871,1,0.983871
IMG_0820.png,0.4423728,1,0.8050846,0.8055531,1,0.9064876,0.9146623,1,0.9600405,0.958653,1,0.9828458,0.8160854,1,0.935363,0.811762,1,0.9339654,1,1,1
IMG_0822.png,0.4415585,1,0.8035715,0.68523,1,0.7838227,0.8576156,1,0.8813844,0.953164,1,0.9422238,0.6004433,1,0.8560064,0.5986754,1,0.8555795,0.9957627,1,0.4957627
IMG_0825.png,0.4363057,1,0.8025476,0.5075857,1,0.8259144,0.8529263,1,0.9302561,0.9220298,1,0.9766405,0.7547975,1,0.9125586,0.7485049,1,0.9105784,0.7086093,1,0.9006623
IMG_0826.png,0.4385082,1,0.8014113,0.4758405,1,0.8158087,0.8807126,1,0.9102881,0.9640012,1,0.9663554,0.5820359,1,0.8564284,0.5802454,1,0.8558492,0.6869565,1,0.8782609
IMG_0830.png,0.4382717,1,0.7613171,0.6070312,1,0.8029206,0.8651261,1,0.8870203,0.9222317,1,0.9194978,0.5232912,1,0.8375068,0.529028,1,0.8394586,0.969697,1,0.969697
IMG_0831.png,0.439141,1,0.7852031,0.4958333,1,0.8218057,0.8483309,1,0.9351409,0.9187436,1,0.9780704,0.5990154,1,0.8593143,0.5974029,1,0.8588436,0.7727273,1,0.9181818
IMG_0832.png,0.4397495,1,0.8028164,0.4821091,1,0.8156156,0.8528417,1,0.9161077,0.9352102,1,0.9648351,0.6268385,1,0.869478,0.6251674,1,0.8689157,0.6736842,1,0.8315789
IMG_0833.png,0.4353562,1,0.8021108,0.5395766,1,0.8439648,0.7494938,1,0.9156428,0.8611275,1,0.9643057,0.5481045,1,0.8463775,0.5477244,1,0.8462598,0.6904762,1,0.8809524
IMG_0834.png,0.4360313,1,0.8067885,0.5392401,1,0.8417431,0.79812,1,0.8638058,0.869985,1,0.8960225,0.5572145,1,0.8523356,0.5571757,1,0.8523168,0.6444444,1,0.7777778
IMG_0835.png,0.4349174,1,0.804752,0.7452865,1,0.8829616,0.9034852,1,0.9241575,0.9631162,1,0.9697707,0.7767311,1,0.920621,0.7751144,1,0.9200831,1,1,1
IMG_0838.png,0.7603386,1,0.3073308,0.9932154,1,0.9428714,0.9824679,1,0.936263,0.9903388,1,0.9426939,0.9706521,1,0.8414827,0.9706817,1,0.84166,1,1,0.9529412
IMG_0839.png,0.7575433,1,0.3081897,0.8825557,1,0.650247,0.8913023,1,0.7525121,0.9620645,1,0.9164483,0.849138,1,0.6215879,0.8508916,1,0.6266025,0.9960784,1,1
IMG_0842.png,0.452381,1,0.7751322,0.483138,1,0.8162331,0.8083223,1,0.9157854,0.9109529,1,0.9813833,0.5876276,1,0.8532726,0.5843556,1,0.8521644,0.7112069,1,0.8706897
IMG_0847.png,0.9426229,1,0.2336066,0.9199761,1,0.8071989,0.9662203,1,0.8683097,0.9790044,1,0.8847426,0.9463692,1,0.7173332,0.946021,1,0.7152421,1,1,1
IMG_0853.png,0.9074074,1,0.2469136,0.9746098,1,0.8619879,0.9821156,1,0.972769,0.9883654,1,1.005371,0.9862408,1,0.9406212,0.9864182,1,0.9413946,0.9649123,1,0.8070175
IMG_0854.png,0.8032785,1,0.262295,0.9607399,1,0.8074543,0.9528631,1,0.9681491,0.9677158,1,0.9717083,0.9390118,1,0.6534348,0.9386263,1,0.6512901,0.9847328,1,0.8931298
IMG_0855.png,0.5537789,1,0.5784882,0.8731344,1,0.7737951,1.008174,1,1.058328,1.010551,1,1.041557,0.8769385,1,0.6430585,0.8769607,1,0.6432512,1,1,1
IMG_0857.png,0.5271565,1,0.6357827,1,1,1,1,1,1,1,1,1,1,1,1,1,1,1,1,1,1
IMG_0860.png,0.4667673,1,0.7401812,0.7588275,1,0.8789116,0.990825,1,0.9254515,0.9936134,1,0.9405859,0.8131995,1,0.9369102,0.8126001,1,0.936725,0.8421053,1,0.8684211
IMG_0863.png,0.6437767,1,0.472103,0.8137505,1,0.8199767,0.9361496,1,0.9307228,0.9699007,1,0.9623504,0.9437864,1,0.9374662,0.942405,1,0.9359178,0.85,1,0.85625
IMG_0864.png,0.7880393,1,0.3890992,0.9183063,1,0.5210839,0.938011,1,0.7939586,0.9673654,1,0.8734415,0.9263881,1,0.5839112,0.9270073,1,0.5874678,0.9882353,1,0.6745098
IMG_0866.png,0.5931476,1,0.5096359,0.7601767,1,0.6338589,0.9744192,1,0.9777813,1.000533,1,1.003169,0.9113455,1,0.7840744,0.9117673,1,0.7862096,0.8444444,1,0.7111111
IMG_0870.png,0.4807018,1,0.6350877,0.5796478,1,0.7965363,0.7902379,1,0.8855983,0.8872072,1,0.9482819,0.6407925,1,0.8343109,0.637299,1,0.8344582,0.6861925,1,0.790795
IMG_0872.png,0.4893616,1,0.5744681,0.8501476,1,0.9262663,1.013748,1,0.9705205,1.008997,1,0.9724924,0.9349054,1,0.9769484,0.9324547,1,0.9761465,0.8653846,1,0.9038462
IMG_0873.png,0.4205608,1,0.7102804,0.4674141,1,0.7988241,0.6906572,1,0.9239519,0.7980464,1,0.9715979,0.4657948,1,0.8093549,0.4646077,1,0.8090421,0.7058824,1,0.8529412
IMG_0874.png,0.4524886,1,0.6606334,0.4346715,1,0.7195028,0.8235181,1,0.8776347,0.9562593,1,0.9726071,0.451164,1,0.7396342,0.4512779,1,0.7397126,0.5905512,1,0.8110236
IMG_0881.png,0.438178,1,0.6832974,0.6418885,1,0.8049157,0.9881103,1,0.945146,0.9875228,1,0.962668,0.690384,1,0.8937776,0.6933892,1,0.8947972,0.8148148,1,0.8148148
IMG_0882.png,0.4803257,1,0.632293,0.6152263,1,0.8320406,0.9709441,1,0.9225955,0.9978448,1,0.9455708,0.6558726,1,0.8847701,0.6543257,1,0.8842687,1,1,1
IMG_0884.png,0.4866666,1,0.6333333,0.8887308,1,0.925586,1.004125,1,0.9444267,0.9938368,1,0.9570802,0.9475938,1,0.9820296,0.9468908,1,0.9817777,0.8,1,0.8
IMG_0885.png,0.7901864,1,0.3248731,0.9590546,1,0.7359995,0.9531149,1,0.7970064,0.9893596,1,0.8512291,0.8846859,1,0.6946601,0.8832487,1,0.6966596,1,1,0.8745098
IMG_0886.png,0.7926136,1,0.3210227,0.9316195,1,0.6854933,0.940322,1,0.7717724,0.9743667,1,0.8585371,0.9010109,1,0.7270385,0.9025627,1,0.7324056,1,1,0.9215686
IMG_0891.png,0.4484946,1,0.6576866,0.8385652,1,0.6047012,0.9506527,1,0.9382951,0.9758061,1,0.9752334,0.8691908,1,0.7301313,0.8697603,1,0.7293537,0.9375,1,0.775
IMG_0892.png,0.7730376,1,0.3037543,0.9396114,1,0.6605873,0.9547508,1,0.8933322,0.9801945,1,0.9291606,0.9533658,1,0.7291755,0.9533409,1,0.7292179,0.9545455,1,0.7272727
IMG_0899.png,0.7971924,1,0.3120125,0.8169761,1,0.6018735,0.9366015,1,0.8999616,0.9842634,1,0.9787446,0.9301975,1,0.7727994,0.9313196,1,0.7764902,0.9866667,1,0.9066667
