8D5U5529.png,0.6546573,1,0.7029878,0.7219889,1,0.8440532,0.9460738,1,0.9600036,0.9835864,1,0.9762114,0.673687,1,0.8686664,0.6761731,1,0.8689125,0.8521739,1,0.8782609
8D5U5530.png,0.6813251,1,0.6704741,0.8981605,1,0.7202189,0.9664715,1,0.8814601,0.9859406,1,0.927962,0.9154675,1,0.5544756,0.9149311,1,0.5534076,0.95,1,0.83
8D5U5531.png,0.726101,1,0.5617616,0.8721239,1,0.7036761,0.9640403,1,0.9040775,0.9890041,1,0.9403986,0.8830204,1,0.5149306,0.8833166,1,0.514607,0.9922481,1,0.9612403
8D5U5532.png,0.7457341,1,0.5887373,0.8780159,1,0.9642269,0.9749011,1,0.9979502,0.9806306,1,1.002374,0.7811692,1,0.8173536,0.7798382,1,0.8178407,0.9607843,1,1
8D5U5538.png,0.7150082,1,0.6222597,0.802708,1,0.8142987,0.967771,1,0.9497649,0.9827308,1,0.9773924,0.8467536,1,0.8859439,0.8465827,1,0.8852536,0.9649123,1,0.9824561
8D5U5544.png,0.6276465,1,0.7222917,0.7777837,1,0.7558813,0.9272359,1,0.974537,0.9687874,1,0.9938277,0.8421812,1,0.6547202,0.8392701,1,0.6556557,0.7741935,1,0.75
8D5U5548.png,0.8256306,1,0.4474791,0.9173024,1,0.5336566,0.9450847,1,0.891168,0.9706042,1,0.9673662,0.9231014,1,0.5315796,0.9234583,1,0.5330491,0.9574468,1,0.7234043
8D5U5552.png,0.8084896,1,0.5439289,0.8145667,1,0.8129995,0.9613745,1,0.9330726,0.9847934,1,0.9709734,0.845742,1,0.6696448,0.8457136,1,0.6693987,0.8253968,1,0.8968254
8D5U5553.png,0.8086643,1,0.5505415,0.8508168,1,0.6996608,0.9584145,1,0.9262039,0.9949988,1,0.9802841,0.8697314,1,0.6200163,0.8705084,1,0.6193413,0.8802395,1,0.8203593
8D5U5555.png,0.7983693,1,0.5663453,0.8620811,1,0.7764762,0.9530772,1,0.8851541,0.9846424,1,0.9425348,0.9008489,1,0.5506636,0.9014398,1,0.5500845,0.8347458,1,0.8855932
8D5U5558.png,0.825175,1,0.4778556,0.9336712,1,0.5649955,0.9747981,1,0.8654067,0.9859992,1,0.9104123,0.9220027,1,0.4794113,0.9217069,1,0.4772256,0.9795918,1,0.9183673
8D5U5563.png,0.6000872,1,0.8155594,0.6824322,1,0.8890971,0.9395496,1,0.9491534,0.9872416,1,0.9752463,0.6984413,1,0.8988381,0.6994625,1,0.8991476,0.7671233,1,0.9109589
8D5U5564.png,0.5739228,1,0.8763,0.875539,1,0.7667688,0.9763072,1,0.9113979,0.9850137,1,0.9272678,0.7810976,1,0.5072801,0.7802745,1,0.5078595,0.9347826,1,0.8967391
8D5U5566.png,0.5950255,1,0.8421556,0.7256315,1,0.8310658,0.9033865,1,0.9508553,0.9728779,1,0.9864677,0.7508597,1,0.8307991,0.7518369,1,0.8309513,0.8784314,1,0.972549
8D5U5570.png,0.6072555,1,0.8301262,0.8262205,1,0.7447101,0.9482176,1,0.9403081,0.9951678,1,0.9919026,0.7787712,1,0.7103345,0.7795385,1,0.7110764,0.9764706,1,0.9529412
8D5U5577.png,0.577876,1,0.8584071,0.7483044,1,0.8513247,0.9647853,1,0.9678104,1.001076,1,0.9924258,0.8123443,1,0.8103702,0.8114278,1,0.8102418,0.887218,1,0.962406
8D5U5589.png,0.5549077,1,0.9203111,0.8186956,1,0.9106593,0.8618834,1,0.9515585,0.9599164,1,0.9843887,0.7291567,1,0.9316359,0.728324,1,0.9314723,0.974359,1,0.8461538
8D5U5594.png,0.7632182,1,0.6528734,0.7613165,1,0.6499831,0.9476551,1,0.9528458,0.9794254,1,0.9831056,0.857648,1,0.7049877,0.8582093,1,0.7057804,1,1,1
8D5U5597.png,0.6156156,1,0.7447446,0.6956539,1,0.8889914,0.8684953,1,0.9766955,0.8938207,1,0.9917842,0.520651,1,0.830168,0.5237351,1,0.8315309,0.8880597,1,0.9626866
8D5U5607.png,0.5716527,1,0.872385,0.7267234,1,0.9004039,0.9366213,1,0.9878047,0.9510891,1,0.9977768,0.7570504,1,0.8668393,0.7579448,1,0.8673048,0.8074074,1,0.9333333
8D5U5608.png,0.5761957,1,0.8683722,0.7858922,1,0.9826982,0.9552096,1,0.9855224,0.9707421,1,0.9938298,0.752645,1,0.878789,0.7508652,1,0.8805847,0.9607843,1,1
8D5U5614.png,1.32008,1,0.302187,1.081608,1,0.7123551,1.090517,1,0.7951859,1.038353,1,0.8662045,1.238853,1,0.455801,1.235327,1,0.458993,1,1,1
8D5U5615.png,1.282421,1,0.3342939,1.081464,1,0.8128447,1.082016,1,0.9082058,1.022054,1,0.9854462,1.303015,1,0.4556101,1.302033,1,0.4550698,1,1,0.945098
IMG_0283.png,0.4642408,1,0.7561689,0.5110907,1,0.771817,0.8456279,1,0.921795,0.9264091,1,0.9797915,0.623392,1,0.8468764,0.6201517,1,0.8455408,0.6129032,1,0.7983871
IMG_0285.png,0.463886,1,0.7426249,0.5121841,1,0.8276258,0.9161421,1,0.9502269,0.9734111,1,0.9890634,0.6888102,1,0.8929634,0.6882028,1,0.8927802,0.6862745,1,0.8921569
IMG_0287.png,0.4850543,1,0.7038041,0.5251488,1,0.7765071,0.9890861,1,0.8835829,1.000657,1,0.9191607,0.5199802,1,0.8381695,0.5194465,1,0.8379498,0.8518519,1,0.8518519
IMG_0290.png,0.4731544,1,0.7315436,0.4873447,1,0.8200939,0.8708703,1,0.9176685,0.9478028,1,0.9603422,0.5616856,1,0.8520401,0.5610655,1,0.8518473,0.6363636,1,0.8484848
IMG_0291.png,0.471223,1,0.7266188,0.552793,1,0.8417416,0.9400293,1,0.8745383,0.979657,1,0.9095738,0.5886701,1,0.8614463,0.5887518,1,0.8614926,0.6730769,1,0.8076923
IMG_0295.png,0.4714434,1,0.7300105,0.8294009,1,0.9106867,0.9559343,1,0.9612605,0.9809791,1,0.9771633,0.9317749,1,0.9755043,0.9330873,1,0.9759739,0.7413793,1,0.9137931
IMG_0301.png,0.4681697,1,0.7427056,0.4903556,1,0.7967302,0.9671313,1,0.9490704,0.9948717,1,0.9721415,0.5382918,1,0.8438095,0.5371191,1,0.8434738,0.862069,1,0.862069
IMG_0306.png,0.4753246,1,0.7272728,1,1,1,1,1,1,1,1,1,1,1,1,1,1,1,1,1,1
IMG_0310.png,0.4623114,1,0.7520933,0.6146273,1,0.8541015,0.8266146,1,0.9057791,0.9290542,1,0.9630595,0.6697727,1,0.8829103,0.6669848,1,0.8820117,0.7142857,1,0.8571429
IMG_0313.png,0.4762569,1,0.7248604,0.460438,1,0.7754031,0.9692743,1,0.8550815,1.024323,1,0.9031971,0.4267489,1,0.8064412,0.4254204,1,0.805992,1,1,1
IMG_0314.png,0.4751667,1,0.7220164,1,1,1,1,1,1,1,1,1,1,1,1,1,1,1,1,1,1
IMG_0320.png,0.4705882,1,0.7314575,0.6565772,1,0.8421224,0.856254,1,0.9321925,0.9230572,1,0.9760711,0.8865812,1,0.9595263,0.8812447,1,0.9577859,0.7761194,1,0.9253731
IMG_0334.png,0.4742577,1,0.7217822,0.7344823,1,0.8402211,0.9393347,1,0.9546435,0.9510412,1,0.9802728,0.783603,1,0.9087139,0.7867369,1,0.9100885,0.8780488,1,0.9593496
IMG_0335.png,0.460812,1,0.7497642,1,1,1,1,1,1,1,1,1,1,1,1,1,1,1,1,1,1
IMG_0337.png,0.462141,1,0.7519583,0.671963,1,0.8693601,0.9473084,1,0.9700911,0.9717009,1,0.9865006,0.7628804,1,0.9163333,0.7612127,1,0.915708,0.8909091,1,0.9636364
IMG_0340.png,0.4599155,1,0.7369902,0.8853565,1,0.9343463,0.9574751,1,0.97867,0.9763886,1,0.992046,0.8928628,1,0.9612229,0.8945817,1,0.9618426,0.9117647,1,0.9117647
IMG_0344.png,0.4657738,1,0.7187499,0.5843327,1,0.5345518,0.9833217,1,0.9411965,1.005238,1,0.9580645,0.6436202,1,0.5627462,0.6396886,1,0.5590426,0.8055556,1,0.8055556
IMG_0351.png,0.4703602,1,0.7343491,0.5182388,1,0.8300304,0.8846357,1,0.9225441,0.9399802,1,0.9573195,0.5624208,1,0.8515702,0.5610479,1,0.8511473,0.7283951,1,0.8765432
IMG_0354.png,0.4823421,1,0.7193307,0.9093894,1,0.9528072,0.9589337,1,0.9819229,0.9761788,1,0.9910929,0.9639678,1,0.9864863,0.9646393,1,0.9867384,0.9767442,1,0.9767442
IMG_0363.png,0.5069638,1,0.675023,0.58091,1,0.8246411,1.068376,1,0.9011962,1.067235,1,0.9305702,0.6132803,1,0.8710118,0.6144587,1,0.8714055,0.8529412,1,0.9411765
IMG_0370.png,0.466248,1,0.7409734,0.5302786,1,0.824238,0.8838662,1,0.9729656,0.9404286,1,0.9951777,0.5851967,1,0.8489458,0.5863837,1,0.8496257,0.6666667,1,0.8888889
IMG_0374.png,0.4644736,1,0.7434212,1,1,1,1,1,1,1,1,1,1,1,1,1,1,1,1,1,1
IMG_0385.png,0.5066185,1,0.6791015,0.8103684,1,0.858545,1.019096,1,1.022036,1.030962,1,1.034438,0.8069551,1,0.8553873,0.8076299,1,0.8550673,1,1,1
IMG_0387.png,0.4635599,1,0.7529783,0.5472848,1,0.7959166,0.8401661,1,0.9668513,0.899139,1,0.9999599,0.5336063,1,0.7921323,0.5339516,1,0.7920969,0.6725146,1,0.8888889
IMG_0392.png,0.4869281,1,0.745098,0.5679666,1,0.8464875,0.8470378,1,0.9318204,0.9376946,1,0.9778435,0.7754341,1,0.9198422,0.7703797,1,0.9181941,0.745283,1,0.9056604
IMG_0393.png,0.5079516,1,0.6707203,0.5850552,1,0.8549966,0.9229462,1,0.9521857,0.9497367,1,0.968655,0.6817904,1,0.8908296,0.6796954,1,0.8902014,0.7222222,1,0.9074074
IMG_0396.png,0.4650457,1,0.6747719,0.6018228,1,0.8588286,0.8924961,1,0.9414467,0.9457478,1,0.9794999,0.7758969,1,0.8809897,0.7653586,1,0.877602,0.854902,1,0.9960784
IMG_0401.png,0.4669706,1,0.7403191,0.6052385,1,0.8495304,0.946109,1,0.9767481,0.987483,1,0.9911639,0.8547813,1,0.9489917,0.8506741,1,0.9475152,0.5888889,1,0.8111111
IMG_0402.png,0.4716158,1,0.7336245,0.6020808,1,0.8476349,0.9092799,1,0.9658552,0.9602213,1,0.9895272,0.6766286,1,0.8880438,0.6756623,1,0.8878074,0.7457627,1,0.9152542
IMG_0403.png,0.4699792,1,0.7349896,0.5156031,1,0.7901236,0.8782528,1,0.9333561,0.9680177,1,0.9991115,0.6057873,1,0.845079,0.6034904,1,0.8436678,0.6134454,1,0.7731092
IMG_0406.png,0.4811389,1,0.7209965,0.6090429,1,0.84933,0.9351026,1,0.9560592,0.962235,1,0.9807977,0.8372143,1,0.9422254,0.8352298,1,0.9415862,0.8055556,1,0.875
IMG_0407.png,0.4821052,1,0.72,0.5758184,1,0.7880125,0.9806636,1,0.9547766,1.002259,1,0.9815704,0.7483245,1,0.8594762,0.7436052,1,0.857773,0.9708738,1,0.9514563
IMG_0410.png,0.5722432,1,0.6083649,0.7166126,1,0.7852576,0.9020878,1,0.9231764,0.9753966,1,0.9764023,0.6237282,1,0.7318479,0.6239948,1,0.7317119,0.9647059,1,0.9843137
IMG_0411.png,0.4704726,1,0.7362207,0.5481832,1,0.8253662,0.8929206,1,0.9345637,0.9749482,1,0.9799527,0.5539436,1,0.8436661,0.5532892,1,0.8435316,0.7681159,1,0.9202899
IMG_0412.png,0.4785276,1,0.7195443,0.8045865,1,0.9087039,0.91364,1,0.9502855,0.9471214,1,0.9739205,0.7177297,1,0.9006565,0.7192124,1,0.90119,0.972973,1,0.9932432
IMG_0414.png,0.4794434,1,0.7039848,0.6689515,1,0.7845756,0.9755429,1,0.9380308,1.031997,1,0.9847679,0.7691794,1,0.8932236,0.7695561,1,0.891707,0.7213115,1,0.6885246
IMG_0417.png,0.4534824,1,0.7300457,0.7586572,1,0.7721366,0.9322645,1,0.9183993,0.9701938,1,0.9549096,0.8831979,1,0.8893909,0.8782746,1,0.8861925,0.8666667,1,0.9019608
IMG_0418.png,0.5352113,1,0.6338028,1,1,1,1,1,1,1,1,1,1,1,1,1,1,1,1,1,1
IMG_0423.png,0.473077,1,0.7250002,0.8266493,1,0.8954653,0.9921,1,0.9748401,0.9951895,1,0.9862336,0.9064431,1,0.9673119,0.9075718,1,0.9677063,0.6206897,1,0.8275862
IMG_0430.png,0.5329949,1,0.6675126,0.9408329,1,0.9461883,0.9716145,1,0.9786014,0.9832988,1,0.9879819,0.927887,1,0.9103799,0.9293011,1,0.9121134,1,1,1
IMG_0431.png,0.4583237,1,0.7577497,0.5058572,1,0.769589,0.8228036,1,0.9080461,0.9200381,1,0.9636486,0.5218375,1,0.7699799,0.521445,1,0.7694103,0.6302521,1,0.7941176
IMG_0434.png,0.488132,1,0.6831785,0.6219222,1,0.8444103,0.9522707,1,0.9318677,1.003006,1,0.9617562,0.7511767,1,0.915289,0.7522163,1,0.9156412,0.8378378,1,0.9189189
IMG_0435.png,0.5212599,1,0.6346456,0.8475335,1,0.8241679,0.932428,1,0.927082,0.9554336,1,0.9511557,0.7899692,1,0.8100514,0.7886225,1,0.8091137,0.966443,1,0.9530201
IMG_0436.png,0.5343137,1,0.6078432,1.013327,1,0.6755904,0.9971243,1,0.9461689,1.002424,1,0.9741981,0.946297,1,0.9472392,0.9458986,1,0.9474332,1.025105,1,0.6987448
IMG_0441.png,0.4658385,1,0.7608695,0.522612,1,0.7987123,0.9141067,1,0.9601702,0.955579,1,0.9864877,0.7405598,1,0.9016794,0.7387562,1,0.9006548,0.6473988,1,0.8034682
IMG_0442.png,0.4583333,1,0.7569446,0.6523564,1,0.796181,0.8659973,1,0.9094885,0.939977,1,0.9689294,0.7502862,1,0.8577193,0.744033,1,0.8526562,0.9294118,1,0.9411765
IMG_0444.png,0.516814,1,0.6654865,1,1,1,1,1,1,1,1,1,1,1,1,1,1,1,1,1,1
IMG_0445.png,0.440519,1,0.7916366,0.8389167,1,0.9085215,1.004941,1,0.9725794,1.013566,1,0.9851538,0.8553368,1,0.9510968,0.851084,1,0.9496715,1,1,1
IMG_0448.png,0.4589553,1,0.7223881,0.8908276,1,0.88847,0.92313,1,0.9050489,0.9564761,1,0.9433158,0.8721164,1,0.9119482,0.8738142,1,0.9138797,1,1,1
IMG_0449.png,0.4291188,1,0.8180073,0.6448809,1,0.8189205,0.8867366,1,0.8835261,0.9244358,1,0.9153466,0.7331989,1,0.9103617,0.7364667,1,0.9114598,0.8148148,1,0.8148148
IMG_0451.png,0.43937,1,0.7984252,0.5634922,1,0.7620492,0.8580146,1,0.9276525,0.9499393,1,0.9964843,0.5739037,1,0.7966822,0.5730419,1,0.7968047,0.7610063,1,0.8113208
IMG_0459.png,0.5074443,1,0.6749381,0.6322245,1,0.8639207,0.9583707,1,0.9638655,0.9805348,1,0.9813609,0.7448973,1,0.9124223,0.7425583,1,0.9116489,0.7222222,1,0.9074074
IMG_0461.png,0.6245733,1,0.4880546,0.890373,1,0.8052986,0.9681152,1,0.9669283,0.9939191,1,0.9884767,0.8909555,1,0.8584491,0.8902602,1,0.8575838,0.96,1,0.8
IMG_0464.png,0.5730336,1,0.5797752,0.8159104,1,0.6957124,0.9536614,1,0.913139,0.999012,1,0.9691491,0.798331,1,0.6979041,0.7975094,1,0.6975937,0.8252033,1,0.6788618
IMG_0465.png,0.5249999,1,0.6166667,0.8581714,1,0.9202255,0.9668471,1,0.9976982,0.978312,1,1.006131,0.8461678,1,0.9200962,0.844143,1,0.9199526,1,1,1
IMG_0468.png,0.520812,1,0.6598985,0.7408774,1,0.8577275,0.9705915,1,0.9566615,0.9958183,1,0.9793596,0.7639886,1,0.9195051,0.7604739,1,0.9183781,1,1,1
IMG_0469.png,0.4599019,1,0.7266774,0.8751564,1,0.8073434,0.9370593,1,0.9077626,0.9711126,1,0.9405296,0.7862971,1,0.8108978,0.784102,1,0.8082284,0.9113924,1,0.8565401
IMG_0472.png,0.5161024,1,0.6696943,0.6831354,1,0.8821419,0.9095547,1,0.9718643,0.956635,1,0.991384,0.7612996,1,0.9148044,0.7593909,1,0.9141876,0.7432432,1,0.8378378
IMG_0473.png,0.5056878,1,0.6773526,0.5504028,1,0.8413658,0.8778148,1,0.9422815,0.9472069,1,0.9750732,0.6179427,1,0.8691341,0.6173714,1,0.8690076,0.82,1,0.88
IMG_0483.png,0.4296232,1,0.8090083,0.9205639,1,0.9758034,0.9526584,1,0.9669577,0.9724746,1,0.9878279,0.8309799,1,0.9495932,0.8268871,1,0.9487344,1,1,1
IMG_0484.png,0.4062625,1,0.8735448,0.9243465,1,0.9688403,0.9509077,1,0.9661839,0.9498796,1,0.9800163,0.7813829,1,0.9179248,0.7863933,1,0.9198024,0.9689119,1,0.9740933
IMG_0486.png,0.4489796,1,0.6775511,0.81115,1,0.9368426,0.8727863,1,0.9553163,0.9199635,1,0.9878573,0.7011047,1,0.8492486,0.7012887,1,0.849303,0.972549,1,1
IMG_0488.png,0.5285963,1,0.641248,0.4403173,1,0.7599394,0.9740258,1,0.7916172,0.9712974,1,0.8340164,0.3660509,1,0.782889,0.3684442,1,0.7837233,0.8148148,1,0.8148148
IMG_0489.png,0.4428756,1,0.662388,0.9066645,1,0.9142531,0.9287476,1,0.9406418,0.9479875,1,0.9582461,0.7458885,1,0.8569015,0.7478129,1,0.8560473,0.9607843,1,0.9529412
IMG_0490.png,0.440567,1,0.7459104,0.6536182,1,0.9608395,0.8274394,1,0.9555552,0.8951164,1,0.9773386,0.6446821,1,0.8469803,0.6461133,1,0.8480164,0.9098039,1,1
IMG_0494.png,0.5308878,1,0.6399612,0.5801903,1,0.8318415,0.8846186,1,0.9448467,0.9465749,1,0.9701299,0.4968628,1,0.830504,0.4960495,1,0.8301886,1,1,1
IMG_0495.png,0.4588958,1,0.7476484,0.585175,1,0.9046147,0.9303344,1,0.9530117,0.957696,1,0.9775923,0.8289405,1,0.9371076,0.82696,1,0.9371408,0.7768595,1,0.9504132
IMG_0496.png,0.4546899,1,0.7456281,0.5242733,1,0.7607775,0.8251005,1,0.910061,0.9017209,1,0.9582081,0.6027934,1,0.8093205,0.6018848,1,0.8099441,0.6493506,1,0.8051948
IMG_0500.png,0.4577115,1,0.7569296,0.8403713,1,0.9303756,0.9369941,1,0.9737871,0.9481667,1,0.984605,0.9354782,1,0.9751731,0.9351291,1,0.9749044,0.9166667,1,0.9166667
IMG_0503.png,0.5018026,1,0.6914205,0.557301,1,0.8162345,0.8578204,1,0.9432083,0.9189704,1,0.9726321,0.6746842,1,0.8477591,0.671283,1,0.8478181,0.77,1,0.92
IMG_0504.png,0.5252746,1,0.6608056,0.6081963,1,0.7619582,0.9108508,1,0.9292392,0.9508038,1,0.9594422,0.6554312,1,0.8175286,0.6538457,1,0.8173401,0.9041096,1,0.9041096
IMG_0505.png,0.4798762,1,0.7151702,0.7118101,1,0.8696461,0.902664,1,0.9448366,0.9390472,1,0.9677816,0.6646176,1,0.8838712,0.667657,1,0.8849107,1,1,1
IMG_0512.png,0.4445929,1,0.7917225,0.4868659,1,0.7655996,0.8100738,1,0.8689323,0.9276619,1,0.9489819,0.5684089,1,0.8213763,0.5670319,1,0.8204446,0.6598985,1,0.8172589
IMG_0514.png,0.4396136,1,0.7922708,1,1,1,1,1,1,1,1,1,1,1,1,1,1,1,1,1,1
IMG_0515.png,0.4444444,1,0.7456788,0.785409,1,0.9627988,0.9137958,1,0.985666,0.9358298,1,0.9967219,0.7764648,1,0.9299169,0.7787726,1,0.9302656,1,1,1
IMG_0518.png,0.4496228,1,0.7798492,0.8714526,1,0.9574649,0.9183224,1,0.9265215,0.9505505,1,0.9667887,0.8164586,1,0.9290497,0.8137859,1,0.9277152,0.9607843,1,1
IMG_0519.png,0.4510022,1,0.768374,0.5281787,1,0.8312934,0.8405442,1,0.9211291,0.9352255,1,0.975236,0.6791681,1,0.8870271,0.6750199,1,0.8856541,0.7168142,1,0.8938053
IMG_0524.png,0.4355101,1,0.7983675,0.6312681,1,0.746719,0.9070102,1,0.9261925,0.9655101,1,0.9635655,0.8275829,1,0.8763004,0.8305711,1,0.8781449,0.7078652,1,0.8202247
IMG_0525.png,0.440846,1,0.7997357,0.694254,1,0.8877885,0.8765377,1,0.9608322,0.916511,1,0.9847766,0.7899198,1,0.922223,0.7928924,1,0.9233226,0.7727273,1,0.9242424
IMG_0526.png,0.4643586,1,0.7433812,0.5536026,1,0.7963892,0.8960985,1,0.941069,0.9500995,1,0.9770256,0.6200548,1,0.8606032,0.6174256,1,0.8593201,0.6290323,1,0.766129
IMG_0533.png,0.5255581,1,0.6472282,0.9927518,1,0.9767393,0.995273,1,1.000489,0.9975505,1,1.002294,0.9980408,1,0.9871926,0.9980861,1,0.9874886,1,1,1
IMG_0539.png,0.6016597,1,0.5062241,0.9491594,1,0.7238343,0.9745132,1,0.8141158,1.001251,1,0.8501693,0.7833091,1,0.8681907,0.7820514,1,0.8686494,0.9739583,1,0.84375
IMG_0540.png,0.6919741,1,0.4121476,0.9234032,1,0.5951414,0.9527662,1,0.9593459,0.9710798,1,0.9686768,0.9517642,1,0.703867,0.9520507,1,0.7057241,0.9464286,1,0.7053571
IMG_0544.png,0.7912622,1,0.3077671,0.7473594,1,0.8690593,0.9121817,1,0.9009531,0.9629718,1,0.9419113,0.7911074,1,0.5599808,0.7916549,1,0.5664105,0.8862745,1,0.9882353
IMG_0546.png,0.4588746,1,0.6493506,0.5487293,1,0.828059,0.9113305,1,0.9034031,0.9636779,1,0.9414414,0.6017442,1,0.8635172,0.6018852,1,0.8636089,0.8823529,1,0.8823529
IMG_0550.png,0.7873417,1,0.3164557,0.9140425,1,0.7683421,0.8902101,1,1.209743,0.9138981,1,1.147203,0.9565646,1,0.7627656,0.9568628,1,0.7643926,0.8823529,1,0.8823529
IMG_0564.png,0.4386282,1,0.7292419,0.9951124,1,0.9869116,0.9929996,1,1.033559,0.9950031,1,1.035728,0.9972731,1,0.9821689,0.9973066,1,0.9823878,1,1,1
IMG_0565.png,0.7099698,1,0.3141993,0.89479,1,0.605034,0.9081887,1,1.035635,0.9365691,1,1.01117,0.9068536,1,0.4741259,0.9069799,1,0.4749208,0.9444444,1,0.6388889
IMG_0566.png,0.7083332,1,0.3645833,0.9642219,1,0.7267139,0.9627463,1,0.7868677,0.9865418,1,0.8368273,0.9505192,1,0.7818717,0.9509943,1,0.7838205,1,1,0.9647059
IMG_0567.png,0.8121693,1,0.3068783,0.9765429,1,0.8739122,0.9310007,1,1.149722,0.9448538,1,1.143341,0.9424683,1,0.6853565,0.9429643,1,0.6887533,0.986755,1,0.9072848
IMG_0575.png,0.5740403,1,0.499086,0.6565316,1,0.6196485,0.9186192,1,0.9714067,0.9722096,1,1.017009,0.9048428,1,0.8036557,0.9052111,1,0.8063234,0.7297297,1,0.6936937
IMG_0576.png,0.7325,1,0.4075,0.9291253,1,0.7683504,0.9451416,1,1.173914,0.9698383,1,1.187167,0.9703661,1,0.7969597,0.9702103,1,0.7958385,0.9411765,1,0.9411765
IMG_0583.png,0.4492754,1,0.6702899,0.6317209,1,0.7777925,0.8908235,1,0.9337672,0.9406401,1,0.9704762,0.7303939,1,0.8602591,0.7301142,1,0.8599113,0.8181818,1,0.7922078
IMG_0584.png,0.4382286,1,0.6713289,0.8931876,1,0.8882561,0.9211421,1,0.9504753,0.9538671,1,0.9797608,0.8016306,1,0.8871561,0.8022409,1,0.8871577,0.988189,1,0.988189
IMG_0586.png,0.7946428,1,0.3080357,0.9623978,1,0.9164578,0.9488227,1,1.083588,0.9589698,1,1.06963,0.9592983,1,0.7742978,0.9593844,1,0.774475,1,1,1
IMG_0587.png,0.802974,1,0.3048327,0.9391419,1,0.7055685,0.9638888,1,0.863466,0.9814298,1,0.9260757,0.9829916,1,0.9145841,0.9833319,1,0.9163179,0.9529412,1,0.8235294
IMG_0596.png,0.7817592,1,0.320847,0.9293803,1,0.7168544,0.9452872,1,0.9034523,0.9731509,1,0.9374458,0.897699,1,0.5408139,0.8986813,1,0.543391,0.9636364,1,0.8121212
IMG_0598.png,0.4485628,1,0.6676752,0.7982886,1,0.8872695,0.962427,1,0.9803255,0.9685093,1,0.9931223,0.819726,1,0.9264677,0.8167762,1,0.9257122,1,1,1
IMG_0603.png,0.7150396,1,0.3667546,1,1,1,1,1,1,1,1,1,1,1,1,1,1,1,1,1,1
IMG_0604.png,0.7166212,1,0.3651226,0.9451248,1,0.7693168,0.9671023,1,0.9277559,0.982552,1,0.9678451,0.969316,1,0.8171867,0.9697945,1,0.8199602,0.9565217,1,0.8478261
IMG_0607.png,0.7538461,1,0.3384616,0.9405065,1,0.8111881,0.9572053,1,1.024696,0.970399,1,1.025033,0.9738014,1,0.838441,0.9740055,1,0.8398944,0.9512195,1,0.7317073
IMG_0608.png,0.8116884,1,0.2987013,0.936119,1,0.7186651,0.959417,1,0.9365158,0.9825356,1,0.983303,0.9576865,1,0.7614898,0.958214,1,0.764463,0.9672131,1,0.7704918
IMG_0609.png,0.4834558,1,0.6158088,0.6153498,1,0.7186212,0.8301017,1,0.8762786,0.9201763,1,0.9461042,0.7354961,1,0.82212,0.735561,1,0.822833,0.7490196,1,0.827451
IMG_0613.png,0.736842,1,0.3721804,0.9942842,1,0.9891288,0.9851901,1,1.052311,0.9883215,1,1.041993,0.9972696,1,0.9850221,0.9971317,1,0.9842685,0.8181818,1,0.8181818
IMG_0614.png,0.73057,1,0.3782384,0.9856643,1,0.972041,0.9623326,1,1.084503,0.9715146,1,1.071434,0.9916607,1,0.9545326,0.9917413,1,0.9549725,1,1,1
IMG_0615.png,0.6041008,1,0.5126181,0.6877462,1,0.6989373,0.915872,1,0.9898395,0.9567696,1,1.02757,0.8017896,1,0.579719,0.8020354,1,0.581502,0.9189189,1,0.972973
IMG_0616.png,0.7228918,1,0.3915663,0.9638562,1,0.8076337,0.9746933,1,0.8531326,0.9931326,1,0.8852361,0.9177823,1,0.6066062,0.9179814,1,0.609173,1,1,0.9529412
IMG_0621.png,0.7857144,1,0.3059005,0.9464516,1,0.665111,0.9756182,1,0.9006404,1.000859,1,0.9790352,0.9676944,1,0.8147202,0.9681123,1,0.8171777,1,1,0.7647059
IMG_0624.png,0.6382253,1,0.4266212,0.909591,1,0.6112778,0.9240009,1,0.7206383,0.9703886,1,0.834418,0.9187344,1,0.6820537,0.9178782,1,0.6824349,1,1,0.8509804
IMG_0628.png,0.5069766,1,0.5953487,0.963699,1,0.8318531,0.979798,1,0.9460722,1.001407,1,0.9582831,0.9023347,1,0.9027773,0.9024775,1,0.9040506,0.989011,1,0.9230769
IMG_0666.png,0.5817308,1,0.5192308,0.9309981,1,0.6763619,0.9818545,1,0.8705309,0.9889494,1,0.9277856,0.9529006,1,0.9369116,0.9512827,1,0.9355826,0.9326923,1,0.7307692
IMG_0682.png,0.4935345,1,0.6971983,0.6373513,1,0.8463029,0.8568065,1,0.9447796,0.920624,1,0.9783864,0.6146624,1,0.8577967,0.615909,1,0.8585323,0.8990826,1,0.9633028
IMG_0683.png,0.4663574,1,0.7610209,0.5916789,1,0.8466862,0.8981112,1,0.9531941,0.9506762,1,0.9791905,0.6552595,1,0.8810204,0.6521236,1,0.8800253,0.7142857,1,0.8701299
IMG_0687.png,0.5060975,1,0.5945122,0.6647185,1,0.8229065,0.8925692,1,0.8850254,0.9083144,1,0.9027066,0.7787886,1,0.9243625,0.7766886,1,0.9237136,1,1,1
IMG_0743.png,0.4518246,1,0.7686131,0.8141044,1,0.9269893,0.9328815,1,0.968807,0.9353932,1,0.9832345,0.8057415,1,0.9288841,0.806264,1,0.928987,0.85,1,0.95
IMG_0758.png,0.4582103,1,0.7728613,0.4983712,1,0.8418966,0.8004048,1,0.9144779,0.9308407,1,0.9816011,0.5023337,1,0.8327467,0.5012606,1,0.8322115,0.9019608,1,1
IMG_0759.png,0.473605,1,0.7435897,1,1,1,1,1,1,1,1,1,1,1,1,1,1,1,1,1,1
IMG_0761.png,0.4541485,1,0.779476,1,1,1,1,1,1,1,1,1,1,1,1,1,1,1,1,1,1
IMG_0770.png,0.4493243,1,0.7837838,0.5510604,1,0.8465595,0.8705389,1,0.9499451,0.9496972,1,0.9832667,0.5871395,1,0.8606352,0.5858943,1,0.8601305,0.6938776,1,0.8979592
IMG_0773.png,0.454764,1,0.7766214,1,1,1,1,1,1,1,1,1,1,1,1,1,1,1,1,1,1
IMG_0776.png,0.4630434,1,0.7673912,0.4948391,1,0.8235608,0.856722,1,0.9242197,0.9410029,1,0.9745488,0.5622142,1,0.8492281,0.562543,1,0.849291,0.7581699,1,0.875817
IMG_0777.png,0.5238097,1,0.6666667,0.6490406,1,0.8333347,1.045307,1,0.9137651,1.045456,1,0.9410654,0.7401809,1,0.9132271,0.742978,1,0.9141613,0.6341463,1,0.8780488
IMG_0778.png,0.4509554,1,0.7821653,0.514438,1,0.8244825,0.8123621,1,0.9217095,0.8971586,1,0.9805246,0.6009939,1,0.8579243,0.5982271,1,0.8569784,0.7314286,1,0.8514286
IMG_0782.png,0.4525044,1,0.7849741,0.5050421,1,0.8279979,0.7931822,1,0.890951,0.8835578,1,0.962321,0.5638849,1,0.8475825,0.563814,1,0.8476205,0.7090909,1,0.9
IMG_0786.png,0.4481053,1,0.784184,0.4765258,1,0.818123,0.8128898,1,0.8948237,0.9101837,1,0.9637068,0.5312425,1,0.8383867,0.530722,1,0.8381631,0.7676056,1,0.9225352
IMG_0791.png,0.4439025,1,0.7886178,0.9734305,1,0.9797831,1.004891,1,0.9688527,1.007696,1,0.9790733,0.9745604,1,0.9907348,0.9750384,1,0.9909088,0.7619048,1,0.7619048
IMG_0793.png,0.4579439,1,0.7819315,0.5261963,1,0.8320802,0.8437775,1,0.9253321,0.9248296,1,0.9813691,0.7392808,1,0.9085078,0.7386066,1,0.9083045,0.7948718,1,0.8974359
IMG_0794.png,0.4550335,1,0.7677849,0.4814265,1,0.8169731,0.8776096,1,0.9049156,0.9549612,1,0.9602428,0.6956945,1,0.881312,0.6945833,1,0.8812838,0.684492,1,0.8342246
IMG_0798.png,0.595,1,0.5075,1,1,1,1,1,1,1,1,1,1,1,1,1,1,1,1,1,1
IMG_0801.png,0.446224,1,0.7871851,0.4974461,1,0.82616,0.8495574,1,0.9259631,0.927996,1,0.9662051,0.6158667,1,0.8698128,0.6148236,1,0.8695015,0.7571429,1,0.8714286
IMG_0803.png,0.4437983,1,0.7403099,0.7825127,1,0.9204027,0.8355489,1,0.9468817,0.8839654,1,0.9859452,0.6161613,1,0.7496803,0.6186205,1,0.752851,0.9019608,1,1
IMG_0804.png,0.4418606,1,0.7866531,0.9809943,1,0.9867276,1.019668,1,0.974638,1.011673,1,0.9804718,0.9748601,1,0.9913444,0.9735408,1,0.9909101,1,1,1
IMG_0808.png,0.4482759,1,0.7643677,0.4685364,1,0.8113511,0.8469746,1,0.8988942,0.9505411,1,0.9641483,0.5321841,1,0.8396527,0.5324562,1,0.8397331,0.7037037,1,0.8981481
IMG_0809.png,0.4377267,1,0.7629986,1,1,1,1,1,1,1,1,1,1,1,1,1,1,1,1,1,1
IMG_0812.png,0.4440434,1,0.7924189,0.4604036,1,0.8119229,0.8025623,1,0.8969514,0.8865376,1,0.958528,0.5703116,1,0.8466165,0.5665635,1,0.845516,0.6463415,1,0.8536585
IMG_0813.png,0.4444444,1,0.7960423,0.4823826,1,0.8196026,0.8101596,1,0.9148323,0.9090328,1,0.9753045,0.5274554,1,0.8366346,0.5259191,1,0.8361866,0.7099237,1,0.8854962
IMG_0814.png,0.4406779,1,0.7966102,0.63501,1,0.8448144,0.8730817,1,0.9320461,0.9445961,1,0.9663938,0.8023704,1,0.928502,0.8050096,1,0.9294205,0.7692308,1,0.9230769
IMG_0821.png,0.442761,1,0.7979803,1,1,1,1,1,1,1,1,1,1,1,1,1,1,1,1,1,1
IMG_0823.png,0.4382129,1,0.7861218,0.7239972,1,0.894554,0.8810567,1,0.9588583,0.9137092,1,0.9795651,0.7265458,1,0.8875371,0.7240095,1,0.8869393,0.8381503,1,0.9364162
IMG_0836.png,0.6363033,1,0.4009309,1,1,1,1,1,1,1,1,1,1,1,1,1,1,1,1,1,1
IMG_0837.png,0.6590284,1,0.2978919,0.8700177,1,0.8471283,0.8911303,1,0.8718459,0.9457351,1,0.9229534,0.9191576,1,0.7486158,0.9198858,1,0.7504725,0.9198113,1,0.9103774
IMG_0840.png,0.756821,1,0.3190985,0.9900333,1,0.9855885,0.9710167,1,0.9738453,0.9837884,1,0.9868649,0.9596313,1,0.836092,0.9593547,1,0.8396452,1,1,1
IMG_0843.png,0.4352158,1,0.8156141,0.5103766,1,0.8250904,0.8436132,1,0.9203262,0.9408703,1,0.9662904,0.6474787,1,0.8786595,0.6456943,1,0.8779992,0.7692308,1,0.9102564
IMG_0846.png,0.4423592,1,0.7989277,0.8993602,1,0.9629393,0.9868922,1,0.9889406,0.9932469,1,0.9952147,0.9577139,1,0.9846218,0.9583496,1,0.984853,0.887218,1,0.962406
IMG_0849.png,0.6499999,1,0.35,0.9796773,1,0.9457449,0.9776853,1,1.040231,0.9825667,1,1.02099,0.9942512,1,0.963019,0.9942295,1,0.9628461,1,1,1
IMG_0851.png,0.8869048,1,0.2559523,0.9549948,1,0.9054375,0.9339351,1,1.102258,0.9501948,1,1.077588,0.918514,1,0.5498292,0.9188373,1,0.5516714,1,1,1
IMG_0858.png,0.6182795,1,0.4408602,0.9444236,1,0.8283795,0.9765505,1,1.079824,0.9863765,1,1.082562,0.9795547,1,0.8657142,0.9798292,1,0.8675175,0.9166667,1,0.9166667
IMG_0859.png,0.4796573,1,0.6959313,0.9455361,1,0.8773449,0.954587,1,0.9241991,0.9774329,1,0.9633617,0.9051689,1,0.8785193,0.9050428,1,0.8794613,1,1,1
IMG_0861.png,0.8112245,1,0.3737246,0.912697,1,0.6429749,0.9538265,1,0.9091324,0.9858443,1,0.9737594,0.8944351,1,0.8435349,0.8962176,1,0.8461581,0.9390244,1,0.6280488
IMG_0862.png,0.5077881,1,0.6417442,0.7709202,1,0.5638064,0.8716257,1,0.8199196,0.9555813,1,0.975942,0.83679,1,0.5515478,0.8355263,1,0.5521942,0.9202128,1,0.5425532
IMG_0865.png,0.5030396,1,0.6063831,0.6984598,1,0.7448845,0.9606917,1,0.9997901,0.9958094,1,1.028349,0.7981092,1,0.815572,0.8014355,1,0.8186137,1,1,1
IMG_0867.png,0.4619124,1,0.7520254,1,1,1,1,1,1,1,1,1,1,1,1,1,1,1,1,1,1
IMG_0869.png,0.4313726,1,0.6953243,1,1,1,1,1,1,1,1,1,1,1,1,1,1,1,1,1,1
IMG_0875.png,0.4420849,1,0.6785716,1,1,1,1,1,1,1,1,1,1,1,1,1,1,1,1,1,1
IMG_0878.png,0.4977272,1,0.6249998,0.6562172,1,0.8527636,0.9445864,1,0.9248987,0.9804312,1,0.9527024,0.7232126,1,0.9063618,0.7222191,1,0.9060613,1,1,1
IMG_0879.png,0.4394906,1,0.6794057,0.4667237,1,0.7282887,0.8366458,1,0.8954214,0.9287025,1,0.9474459,0.6994985,1,0.8613009,0.6922262,1,0.8577266,0.6022727,1,0.7840909
IMG_0880.png,0.4682081,1,0.6531791,0.5744409,1,0.7919781,0.9247171,1,0.9360538,0.9670446,1,0.9609299,0.5779022,1,0.7095256,0.5754142,1,0.7086588,0.7260274,1,0.8630137
IMG_0883.png,0.4825931,1,0.6302521,0.5892899,1,0.8211726,1.027173,1,0.8442382,1.036195,1,0.8776092,0.6125665,1,0.8706274,0.6119029,1,0.8704126,0.6470588,1,0.8529412
IMG_0888.png,0.712766,1,0.3865249,0.9591252,1,0.7989299,0.9798204,1,0.9704405,0.9920698,1,0.9901227,0.9679172,1,0.8035835,0.9672341,1,0.7989896,0.9833333,1,0.9055556
IMG_0890.png,0.7569167,1,0.3656126,0.9318775,1,0.6378075,0.9673959,1,0.8821814,0.9863349,1,0.9228162,0.9587517,1,0.7553555,0.9592485,1,0.7592118,0.9607843,1,0.751634
IMG_0893.png,0.7799999,1,0.2933333,0.9061784,1,0.5417902,0.9696642,1,0.9320848,0.9842697,1,0.9643277,0.9148944,1,0.4616057,0.9152881,1,0.4641949,0.9459459,1,0.7027027
IMG_0894.png,0.8085756,1,0.3047473,0.9453117,1,0.8420064,0.9270926,1,1.130199,0.9469349,1,1.151925,0.9591608,1,0.7816116,0.9598091,1,0.7850997,0.974359,1,0.9230769
IMG_0895.png,0.7853776,1,0.3254718,0.930825,1,0.7379301,0.9740267,1,1.075622,0.9850618,1,1.063218,0.9609971,1,0.7558495,0.9609153,1,0.7553797,1,1,1
IMG_0900.png,0.7888283,1,0.3283379,0.7757901,1,0.5613219,0.9204029,1,0.8696398,0.962038,1,0.9341535,0.8517485,1,0.6932305,0.8533948,1,0.6964886,0.9189189,1,0.6351351
IMG_0902.png,0.7458563,1,0.3701657,1,1,1,1,1,1,1,1,1,1,1,1,1,1,1,1,1,1
