8D5U5524.png,0.737296,1,0.6260784,0.7499863,1,0.6123006,0.7161951,1,0.6517116,0.7589394,1,0.6237498,0.7481567,1,0.606762,0.7654231,1,0.5892009,0.7960987,1,0.5739882
8D5U5525.png,0.7187906,1,0.6323975,0.7774162,1,0.7551452,0.7731602,1,0.5883967,0.7500592,1,0.619618,0.7993026,1,0.6244405,0.7759793,1,0.5534902,0.9123369,1,1
8D5U5526.png,0.8216786,1,0.4178323,0.8167903,1,0.4279361,0.8014114,1,0.4516382,0.8262464,1,0.4343945,0.8170631,1,0.4287063,0.8321944,1,0.4037587,0.8168452,1,0.446663
8D5U5533.png,0.623542,1,0.7158006,0.6388793,1,0.692844,0.6506916,1,0.6986979,0.6886383,1,0.6588721,0.6362106,1,0.6961756,0.6549533,1,0.6779309,0.6303611,1,0.7045265
8D5U5534.png,0.8250194,1,0.597851,0.8716625,1,0.5729964,0.8491559,1,0.5789231,0.9217376,1,0.5642242,1.011632,1,0.5651499,0.924024,1,0.5678729,0.8594974,1,0.5743718
8D5U5535.png,0.6608187,1,0.6520468,0.6466526,1,0.7020439,0.6544996,1,0.7014642,0.6600928,1,0.6888742,0.6431736,1,0.7036402,0.668532,1,0.6771465,0.6645337,1,0.7153117
8D5U5536.png,0.5662869,1,0.8176366,0.6684256,1,0.7331349,0.6823952,1,0.7167256,0.6461828,1,0.736773,0.6964475,1,0.7413106,0.6471643,1,0.7107039,0.7188184,1,0.7300328
8D5U5539.png,0.7014134,1,0.6369258,0.7036386,1,0.6292107,0.70343,1,0.6229874,0.7155387,1,0.635379,0.7057208,1,0.6220116,0.7066429,1,0.6017185,0.7025791,1,0.6403454
8D5U5540.png,0.5457587,1,0.9098603,0.5707606,1,0.8494788,0.5766119,1,0.8604154,0.6072358,1,0.6816558,0.559889,1,0.8661213,0.5690101,1,0.7972367,0.6113392,1,0.7676711
8D5U5541.png,0.5445026,1,1.173251,0.7585353,1,0.9594481,0.6162083,1,0.9409271,0.6678398,1,0.876013,0.6958895,1,0.9741748,0.5844921,1,0.8404084,1,1,1
8D5U5543.png,0.5545659,1,0.8797331,0.6024234,1,0.8179532,0.6032634,1,0.8163133,0.5841264,1,0.8446651,0.6017709,1,0.8180991,0.5886634,1,0.8196809,0.6074782,1,0.8098777
8D5U5545.png,0.8528529,1,0.4294294,0.8437878,1,0.4342756,0.8655632,1,0.4296908,0.8838597,1,0.4413022,0.8372047,1,0.4341745,0.8573387,1,0.4370965,0.8306099,1,0.4391372
8D5U5547.png,0.8583196,1,0.5304776,0.9534892,1,0.5050162,0.9260319,1,0.4976305,0.9429816,1,0.4906551,0.9837525,1,0.5207473,0.8904447,1,0.4980848,0.9877394,1,0.460694
8D5U5549.png,0.7859427,1,0.5654954,0.665711,1,0.7901061,0.6956419,1,0.7435727,0.7063631,1,0.7305119,0.6711545,1,0.7702776,0.7088249,1,0.6683169,0.7310903,1,0.9791409
8D5U5550.png,0.8051949,1,0.538961,0.5931609,1,0.8036079,0.6398916,1,0.7854687,0.6988772,1,0.7571039,0.5920206,1,0.7959555,0.7015487,1,0.6838858,0.5951251,1,0.817728
8D5U5554.png,0.8522853,1,0.5094759,0.8971416,1,0.5139288,1.00333,1,0.4033758,0.9309198,1,0.4547251,0.9484059,1,0.4721975,1.015602,1,0.3595231,0.8266598,1,0.5539031
8D5U5556.png,0.8676844,1,0.4300255,0.8147062,1,0.526497,0.8199461,1,0.5051366,0.838806,1,0.5223869,0.8260275,1,0.4674581,0.8403683,1,0.4582407,0.8887903,1,0.5835663
8D5U5557.png,0.849315,1,0.436073,0.9436663,1,0.698172,0.8550427,1,0.6201036,0.8686168,1,0.5937027,0.9292949,1,0.6078865,0.8384029,1,0.5496244,1,1,1
8D5U5561.png,0.5936978,1,0.8278381,0.5962763,1,0.8625002,0.6140308,1,0.8328429,0.6428176,1,0.7608224,0.5969385,1,0.8529156,0.6570543,1,0.6643389,0.6845655,1,1
8D5U5562.png,0.5884219,1,0.8568596,0.8086631,1,0.9192741,0.7256053,1,0.8087068,0.6964811,1,0.7828627,0.8472919,1,0.9483142,0.7168932,1,0.7640471,1,1,1
8D5U5565.png,0.5820423,1,0.8542254,0.7886409,1,0.6137931,0.7548308,1,0.5766889,0.7292056,1,0.5551869,0.76498,1,0.6273386,0.7185863,1,0.5788365,0.9491112,1,0.7583734
8D5U5568.png,0.9553159,1,0.4745763,1.094657,1,0.3698518,1.057226,1,0.399601,0.9258947,1,0.4901704,1.09628,1,0.3639252,1.115356,1,0.360731,0.9895616,1,0.4442369
8D5U5569.png,0.6720002,1,0.7392002,0.6804555,1,0.7870747,0.7148691,1,0.6776599,0.689927,1,0.7111176,0.6868615,1,0.7224946,0.7394058,1,0.622416,0.8469215,1,0.9318837
8D5U5571.png,1.314487,1,0.2756184,1.349216,1,0.2481691,1.349611,1,0.2530427,1.305072,1,0.268527,1.350677,1,0.2468575,1.404966,1,0.2155506,1.199963,1,0.2964466
8D5U5573.png,0.6755853,1,0.809699,0.6895943,1,0.7023597,0.7154574,1,0.6570877,0.7117911,1,0.6816704,0.683466,1,0.7027364,0.7252258,1,0.6488293,0.7513001,1,0.8088943
8D5U5574.png,0.6195053,1,0.7994505,0.9433898,1,0.6940219,1.047113,1,0.4850214,0.9029658,1,0.5385562,1.018577,1,0.8189176,1.15812,1,0.4062355,0.7344123,1,0.7636978
8D5U5575.png,0.5122279,1,1.193765,0.795323,1,0.9041788,0.7061221,1,0.8458486,0.6918899,1,0.8800167,0.8032296,1,0.8006192,0.6944576,1,0.8053233,1,1,1
8D5U5576.png,0.6000815,1,0.8320423,0.9151784,1,0.9241218,0.9027901,1,0.7244152,0.8666924,1,0.7202917,0.9102091,1,0.927245,0.8619497,1,0.6483535,1,1,1
8D5U5578.png,0.9741934,1,0.4774194,0.7307969,1,0.7098669,0.7704373,1,0.6628437,0.8551792,1,0.5990131,0.689957,1,0.7122339,0.9581652,1,0.5267098,1.0801,1,0.5310089
8D5U5579.png,0.6063461,1,0.7887952,0.6614723,1,0.7508817,0.6477294,1,0.7559663,0.668436,1,0.7402529,0.6610776,1,0.7401533,0.682325,1,0.7113929,0.9528253,1,0.9644436
8D5U5580.png,0.9653182,1,0.5144508,0.6621549,1,0.7560367,0.8947835,1,0.5749633,0.8375646,1,0.6170789,0.9588728,1,0.6512983,0.9599352,1,0.5204369,0.6866712,1,0.8419623
8D5U5581.png,0.6427349,1,0.6905981,0.664144,1,0.6851722,0.6484546,1,0.6990796,0.6655807,1,0.674056,0.6514255,1,0.6854676,0.6713075,1,0.6387133,0.914437,1,0.9271822
8D5U5582.png,0.5864079,1,0.7844661,0.5849709,1,0.8362423,0.5414319,1,0.8748535,0.5719844,1,0.8294967,0.5782241,1,0.8419059,0.6308389,1,0.7407827,0.7234907,1,0.8775984
8D5U5583.png,0.4759946,1,1.030864,0.5251932,1,0.9883415,0.548697,1,0.9471544,0.5224335,1,0.9673024,0.5584061,1,0.8934411,0.6191876,1,0.8047201,0.469824,1,1.100132
8D5U5584.png,0.4654955,1,1.070264,0.5679699,1,0.8520167,0.5377241,1,0.9230993,0.5217321,1,0.9717719,0.5802291,1,0.8061275,0.5584597,1,0.8478869,0.5469985,1,1.004627
8D5U5585.png,0.5734264,1,0.8611387,0.6833484,1,0.7898554,0.6690152,1,0.7329026,0.6989156,1,0.7182284,0.6975853,1,0.7505459,0.7686228,1,0.6222773,0.7270032,1,0.9368515
8D5U5586.png,0.5425056,1,0.8903802,0.6744004,1,1.002174,0.5263637,1,1.017907,0.540049,1,1.011033,0.5459324,1,0.9935565,0.5627935,1,0.887829,0.9330434,1,1
8D5U5587.png,0.6317935,1,0.7608696,0.9707551,1,0.9331014,0.8122133,1,0.7565311,0.8848148,1,0.7849834,0.8695639,1,0.7885284,0.7780041,1,0.6511173,1,1,1
8D5U5588.png,0.7330862,1,0.6969419,0.7485846,1,0.6955851,0.7715871,1,0.6683652,0.852516,1,0.6663805,0.7490334,1,0.6867883,0.8348892,1,0.6405576,0.6883609,1,0.7900923
8D5U5592.png,0.7171976,1,0.699363,0.7773276,1,0.6472633,0.7200717,1,0.6945693,0.7642264,1,0.6793814,0.7751864,1,0.6480189,0.803264,1,0.627694,0.7683452,1,0.6456021
8D5U5593.png,0.7855072,1,0.6,0.7782353,1,0.6045581,0.7693204,1,0.6258626,0.7660047,1,0.6382123,0.7708936,1,0.6058463,0.7951953,1,0.5929041,0.7372385,1,0.6135565
8D5U5596.png,1.064777,1,0.4453442,1.117725,1,0.40222,1.031309,1,0.4282315,1.118683,1,0.4190208,1.108781,1,0.4045258,1.18935,1,0.3735514,1.102131,1,0.3944918
8D5U5599.png,1.124439,1,0.3755606,1.104589,1,0.3854704,1.10016,1,0.3922371,1.119431,1,0.390833,1.101938,1,0.3817723,1.131197,1,0.3687077,1.047065,1,0.494306
8D5U5600.png,1.113475,1,0.3640662,1.118157,1,0.3638193,1.090806,1,0.3709302,1.103056,1,0.3742145,1.122333,1,0.3481128,1.151207,1,0.3304105,1.000786,1,0.5158367
8D5U5601.png,0.7984221,1,0.5652798,0.8144073,1,0.5501392,0.8135817,1,0.5533709,0.8400548,1,0.5630534,0.8036808,1,0.541147,0.8131926,1,0.5389219,0.8325484,1,0.5556999
8D5U5602.png,0.8083814,1,0.5703774,0.8567841,1,0.5492588,0.8353621,1,0.5927684,0.8351693,1,0.5734334,0.8537928,1,0.5500946,0.8373654,1,0.5648481,0.7477528,1,0.6695121
8D5U5603.png,0.8240226,1,0.5428307,0.7350932,1,0.650225,0.7741192,1,0.6036885,0.8179082,1,0.5830114,0.657907,1,0.6867285,0.7961984,1,0.5635724,0.8202596,1,0.6811824
8D5U5604.png,0.8043218,1,0.5666269,0.8165824,1,0.5489154,0.8369635,1,0.5382423,0.8683982,1,0.5300815,0.8092875,1,0.5545768,0.8283947,1,0.53781,0.8296386,1,0.4934204
8D5U5606.png,0.7163517,1,0.6040047,0.6994489,1,0.6629935,0.6965731,1,0.6576645,0.6690424,1,0.7051779,0.710242,1,0.6661409,0.6937722,1,0.6341361,0.6539639,1,0.8286416
8D5U5611.png,1.359081,1,0.269311,1.275851,1,0.3584231,1.293255,1,0.2931664,1.341948,1,0.2878457,1.341521,1,0.2843689,1.570214,1,0.2339466,1.015558,1,0.453286
8D5U5612.png,1.199346,1,0.375817,1.191936,1,0.366424,1.164539,1,0.374318,1.198226,1,0.3697837,1.182535,1,0.3758239,1.244853,1,0.3403707,1.109793,1,0.4102069
8D5U5613.png,1.23002,1,0.2592593,1.1311,1,0.3667374,1.21333,1,0.2645414,1.192566,1,0.2655941,1.15253,1,0.2746827,1.275658,1,0.2386193,1.033197,1,0.6644757
8D5U5617.png,1.194175,1,0.3300972,1.199164,1,0.3362664,1.278747,1,0.3238595,1.296571,1,0.3140509,1.176054,1,0.3399257,1.336746,1,0.2848191,1.230125,1,0.3490217
8D5U5618.png,1.136405,1,0.3751152,1.146802,1,0.3729164,1.15301,1,0.3741044,1.1739,1,0.3790671,1.145773,1,0.3737932,1.163415,1,0.3665237,1.146549,1,0.3765196
8D5U5619.png,1.210174,1,0.3480589,1.087097,1,0.4056661,1.216864,1,0.3475195,1.197521,1,0.3628824,1.094766,1,0.4002772,1.262429,1,0.317248,1.035367,1,0.5140374
8D5U5620.png,1.213198,1,0.286802,1.173138,1,0.5576868,1.479982,1,0.2675405,1.333188,1,0.3348288,1.326169,1,0.2839623,1.521669,1,0.2424027,1,1,1
IMG_0281.png,0.4622771,1,0.7489712,0.4954299,1,0.7156007,0.4865025,1,0.7217828,0.5101642,1,0.6853535,0.4771093,1,0.7294806,0.4761417,1,0.6978205,0.6381628,1,0.835584
IMG_0284.png,0.4616132,1,0.7492711,0.4662665,1,0.717363,0.4690068,1,0.4407772,0.5209665,1,0.5641226,0.4723082,1,0.6334978,0.4906865,1,0.3520149,0.4652525,1,0.7271717
IMG_0286.png,0.470817,1,0.7256808,0.4672861,1,0.7431116,0.4831791,1,0.756223,0.4897034,1,0.7310106,0.4683715,1,0.7445087,0.4875714,1,0.6516575,0.4808678,1,0.7147607
IMG_0292.png,0.4930448,1,0.6846986,0.5032871,1,0.695546,0.5039266,1,0.6266764,0.5109369,1,0.6560723,0.5409136,1,0.5728284,0.5531277,1,0.570672,0.5792782,1,0.8209201
IMG_0293.png,0.4886164,1,0.6777583,0.5101754,1,0.6596116,0.507225,1,0.6417132,0.5233581,1,0.6658268,0.5204409,1,0.5483042,0.5510668,1,0.5752369,0.5036288,1,0.6825104
IMG_0296.png,0.4610984,1,0.7482839,0.5052902,1,0.6508329,0.5252672,1,0.6392982,0.5105858,1,0.5824154,0.5064896,1,0.6416761,0.5069229,1,0.5216084,0.495603,1,0.6712114
IMG_0298.png,0.5094339,1,0.6339621,0.525266,1,0.6049058,0.5317917,1,0.600962,0.519847,1,0.6290053,0.5282276,1,0.5906739,0.5274199,1,0.5934908,0.5125568,1,0.6449414
IMG_0300.png,0.4591303,1,0.7513045,0.4932971,1,0.6876775,0.5101837,1,0.7247171,0.4985533,1,0.5972958,0.5115497,1,0.6275253,0.4802167,1,0.4828245,0.4609217,1,0.7328914
IMG_0303.png,0.476082,1,0.7186786,0.520166,1,0.6850904,0.5006153,1,0.6770282,0.5139104,1,0.6771313,0.5053775,1,0.6482417,0.5095693,1,0.6181267,0.6550144,1,0.7971628
IMG_0305.png,0.4746695,1,0.7114535,0.4650685,1,0.7457683,0.4813431,1,0.7223389,0.4815296,1,0.7288374,0.4610033,1,0.7545486,0.4789143,1,0.7028556,0.4748084,1,0.7152995
IMG_0315.png,0.4756062,1,0.7186679,0.5126282,1,0.3832422,0.5637772,1,0.4152531,0.5169502,1,0.4346958,0.5114897,1,0.3570045,0.5034302,1,0.3567196,0.4600945,1,0.7134593
IMG_0316.png,0.4683333,1,0.7241665,0.4516018,1,0.7660126,0.4751028,1,0.6902279,0.5334365,1,0.5706863,0.4508576,1,0.7670961,0.4560107,1,0.7071294,0.4647929,1,0.7327702
IMG_0317.png,0.4776939,1,0.7343857,0.5244938,1,0.5987671,0.5349949,1,0.4883274,0.5126346,1,0.4950506,0.5095307,1,0.463795,0.4963658,1,0.3912441,0.5187202,1,0.6332965
IMG_0318.png,0.4670231,1,0.7361855,0.4596101,1,0.7497698,0.4768354,1,0.750348,0.4825307,1,0.7275995,0.4525883,1,0.7595078,0.5043303,1,0.6842601,0.4687527,1,0.7149619
IMG_0319.png,0.477564,1,0.7099357,0.8077762,1,0.3620909,0.7879677,1,0.2790721,0.776874,1,0.4614268,0.822821,1,0.3272635,0.8091571,1,0.3970955,0.810591,1,0.3750226
IMG_0321.png,0.4731544,1,0.738255,0.595199,1,0.5375226,0.624665,1,0.5798579,0.5552758,1,0.5656213,0.5976624,1,0.5353486,0.5843179,1,0.524065,0.5768253,1,0.7330185
IMG_0323.png,0.4731934,1,0.726107,0.4682613,1,0.75101,0.5412098,1,0.7173948,0.5007588,1,0.6787049,0.4551689,1,0.7609425,0.5371293,1,0.6352674,0.4974259,1,0.6870821
IMG_0324.png,0.4832868,1,0.7033424,0.6360902,1,0.5649727,0.615971,1,0.5641424,0.6316468,1,0.5752369,0.6407702,1,0.5842062,0.7032023,1,0.4593541,0.5478221,1,0.6281401
IMG_0325.png,0.4555085,1,0.6567796,0.4917251,1,0.6213839,0.5104777,1,0.57788,0.4842056,1,0.6095897,0.5354154,1,0.5363999,0.5033045,1,0.5536515,0.4577302,1,0.6806039
IMG_0327.png,0.4873097,1,0.6081217,0.7018049,1,0.4404673,0.7067819,1,0.415878,0.6100681,1,0.4446577,0.7264221,1,0.3587343,0.6040871,1,0.4168503,0.47644,1,0.609424
IMG_0328.png,0.4726026,1,0.7455966,0.5024185,1,0.6814078,0.5744376,1,0.6724608,0.485105,1,0.6923316,0.5015204,1,0.6780962,0.5507643,1,0.6247116,0.4651395,1,0.7597491
IMG_0329.png,0.4717741,1,0.7419355,0.4916686,1,0.6831868,0.4955065,1,0.6960049,0.4751149,1,0.6951,0.4949534,1,0.6830492,0.4982346,1,0.6636153,0.4237362,1,0.6712953
IMG_0332.png,0.4761905,1,0.7142858,0.5775152,1,0.7523438,0.510125,1,0.7036943,0.563197,1,0.6634106,0.4995592,1,0.7033003,0.4780737,1,0.7116769,0.9946136,1,1
IMG_0333.png,0.4761904,1,0.7169312,0.4600616,1,0.7444442,0.4785494,1,0.7412012,0.5046417,1,0.6936476,0.4568912,1,0.7486798,0.4748781,1,0.7167415,0.525522,1,0.6454756
IMG_0336.png,0.4608296,1,0.7488481,0.4683406,1,0.734993,0.4755439,1,0.7357149,0.5175912,1,0.658031,0.4645114,1,0.7371663,0.4733513,1,0.7071746,0.489052,1,0.7084619
IMG_0339.png,0.4676081,1,0.7400333,0.5309866,1,0.6047655,0.5579348,1,0.6323807,0.5209428,1,0.637218,0.5332937,1,0.6024937,0.5186569,1,0.5605231,0.4827522,1,0.7131906
IMG_0341.png,0.4680557,1,0.738889,0.4791572,1,0.6507194,0.5242359,1,0.6551893,0.4749702,1,0.6400106,0.4948462,1,0.6412114,0.5094685,1,0.6207798,0.3375902,1,0.620211
IMG_0342.png,0.4695144,1,0.7540475,0.4976203,1,0.575674,0.5007559,1,0.5608028,0.4591435,1,0.4748136,0.5018406,1,0.5641396,0.471263,1,0.4710295,0.5162061,1,0.7036604
IMG_0343.png,0.5026861,1,0.6830394,0.5140373,1,0.6904833,0.5428663,1,0.5541249,0.5496047,1,0.5823246,0.5040472,1,0.7128528,0.5398058,1,0.4462967,0.4800751,1,0.7167255
IMG_0350.png,0.4580153,1,0.7557252,0.4584794,1,0.7468793,0.481836,1,0.729263,0.5376027,1,0.5913649,0.4579389,1,0.7473191,0.4621821,1,0.6945289,0.4749276,1,0.7242466
IMG_0352.png,0.4833218,1,0.7181757,0.5626669,1,0.4737128,0.5492789,1,0.5209071,0.5466358,1,0.4013547,0.5264564,1,0.4948132,0.5018036,1,0.3933692,0.5883022,1,0.4787165
IMG_0353.png,0.4647799,1,0.7371069,0.4686182,1,0.745525,0.4920258,1,0.7282407,0.5057314,1,0.6682531,0.4625533,1,0.7529406,0.4765315,1,0.6842094,0.5053298,1,0.6935376
IMG_0362.png,0.5227274,1,0.5643939,0.8909861,1,0.9750069,0.7494913,1,0.7941588,0.8178168,1,0.8785415,0.8295659,1,0.9121626,0.650322,1,0.6980516,1,1,1
IMG_0365.png,0.5118958,1,0.6814127,0.5183954,1,0.6296057,0.505894,1,0.5572004,0.4859359,1,0.6557397,0.4716813,1,0.520032,0.4724063,1,0.4538607,0.5476457,1,0.6655722
IMG_0366.png,0.5082316,1,0.6789697,0.5166814,1,0.3622884,0.5837326,1,0.4028759,0.6018164,1,0.4666867,0.5089738,1,0.3335855,0.5107909,1,0.3348796,0.5417331,1,0.6482412
IMG_0367.png,0.5050609,1,0.6831984,0.4959964,1,0.7086095,0.517566,1,0.7246563,0.5541569,1,0.6441674,0.4684051,1,0.7418117,0.4916546,1,0.6722001,0.512384,1,0.6689965
IMG_0368.png,0.4950317,1,0.6946701,0.5360936,1,0.7193466,0.5290596,1,0.7073021,0.5452601,1,0.6379877,0.4656638,1,0.7365457,0.5164905,1,0.6353238,0.6717365,1,0.8019295
IMG_0369.png,0.4973545,1,0.6910051,0.4769872,1,0.7292562,0.5203732,1,0.6723188,0.5405807,1,0.6385189,0.4645423,1,0.7412022,0.4980358,1,0.6797655,0.4933669,1,0.701348
IMG_0371.png,0.464539,1,0.7500002,0.4599951,1,0.7458489,0.4729536,1,0.7622094,0.4991237,1,0.710555,0.4562848,1,0.746909,0.478972,1,0.6972012,0.4914009,1,0.6976591
IMG_0375.png,0.4667046,1,0.747581,0.5427642,1,0.8047522,0.6245976,1,0.719756,0.5755049,1,0.6388078,0.6684337,1,0.7371974,0.6619688,1,0.5850361,0.7247272,1,0.9818418
IMG_0376.png,0.4645893,1,0.7271012,0.4993803,1,0.7425188,0.5097626,1,0.6504528,0.4789876,1,0.6045523,0.5381123,1,0.6987721,0.4917508,1,0.5039253,0.5233202,1,0.7819318
IMG_0377.png,0.4654026,1,0.7393364,0.4946075,1,0.7238373,0.5447361,1,0.6456545,0.5362442,1,0.5547239,0.4650554,1,0.7446096,0.5483655,1,0.4815534,0.4719855,1,0.7528919
IMG_0378.png,0.470304,1,0.7658842,0.4569913,1,0.7772151,0.4760634,1,0.7396542,0.4745517,1,0.7172479,0.4399616,1,0.7966021,0.48671,1,0.6574762,0.4832447,1,0.7322905
IMG_0379.png,0.4650498,1,0.7403709,0.472082,1,0.7457347,0.4831385,1,0.7415801,0.4936645,1,0.6978369,0.4691153,1,0.7462634,0.4669884,1,0.7331484,0.4951806,1,0.7004658
IMG_0381.png,0.4652713,1,0.737393,0.5011743,1,0.4707487,0.5300301,1,0.4227514,0.5783136,1,0.5465133,0.4995457,1,0.4026019,0.4981249,1,0.3950763,0.446922,1,0.7373306
IMG_0382.png,0.471246,1,0.7416134,0.4799702,1,0.7242861,0.5063512,1,0.7063762,0.5138291,1,0.6484957,0.4725491,1,0.7124451,0.519931,1,0.6128456,0.5753131,1,0.7326216
IMG_0383.png,0.4663953,1,0.5835033,0.4958925,1,0.5578314,0.5020501,1,0.4385525,0.4931868,1,0.488445,0.4740313,1,0.4320272,0.5285875,1,0.3870574,0.5248928,1,0.6188434
IMG_0388.png,0.4486487,1,0.7853282,0.6875148,1,0.9904888,0.6006216,1,0.8571664,0.5491448,1,0.737126,0.6731183,1,0.9612031,0.6645422,1,0.6456728,0.9371176,1,1
IMG_0390.png,0.4875061,1,0.7065165,0.5518911,1,0.6321537,0.5252485,1,0.6680761,0.5238817,1,0.6461038,0.5458922,1,0.6051889,0.5036494,1,0.6318534,0.4867489,1,0.6798797
IMG_0395.png,0.5067156,1,0.6788766,0.5358606,1,0.6358767,0.5410005,1,0.6006738,0.5425395,1,0.6052077,0.5405691,1,0.6047883,0.5113863,1,0.4932049,0.4880756,1,0.8007929
IMG_0397.png,0.4725274,1,0.6872356,0.5517662,1,0.606485,0.5779205,1,0.5821626,0.5654812,1,0.5593229,0.5431094,1,0.6012753,0.5576192,1,0.5421036,0.574459,1,0.6720656
IMG_0398.png,0.4754232,1,0.6970184,0.4412381,1,0.7620242,0.4647352,1,0.7406589,0.4710977,1,0.6966406,0.4392498,1,0.7543004,0.4986593,1,0.6367969,0.4512233,1,0.7583776
IMG_0399.png,0.5015875,1,0.6878306,0.4717718,1,0.7301637,0.4853821,1,0.7202541,0.5139912,1,0.6567568,0.4625254,1,0.7364112,0.4928369,1,0.6698608,0.4987739,1,0.6885665
IMG_0404.png,0.4733421,1,0.7295191,0.4682705,1,0.7376669,0.4840529,1,0.7244741,0.5135107,1,0.6637027,0.4656631,1,0.7397193,0.469343,1,0.71898,0.4942423,1,0.7046171
IMG_0405.png,0.4700995,1,0.7275746,0.480781,1,0.7218641,0.5063445,1,0.6786542,0.5283091,1,0.6529283,0.4719079,1,0.7321365,0.4907342,1,0.6886127,0.5037545,1,0.7096751
IMG_0413.png,0.5044586,1,0.6649681,0.6545112,1,0.7662883,0.5280346,1,0.6366579,0.5581797,1,0.625694,0.5426012,1,0.681195,0.5478236,1,0.6041168,0.8982224,1,0.9878876
IMG_0416.png,0.4989649,1,0.6583852,0.5608982,1,0.5479533,0.5494966,1,0.5771443,0.5541173,1,0.5516073,0.5644696,1,0.5411417,0.5638221,1,0.5320148,0.5493685,1,0.576062
IMG_0419.png,0.5200202,1,0.6616618,0.6277058,1,0.529835,0.6021609,1,0.5232853,0.6168941,1,0.5446743,0.6380033,1,0.4942055,0.6413623,1,0.5175193,0.7512626,1,0.7684901
IMG_0420.png,0.4686869,1,0.7343435,0.5513459,1,0.6306397,0.59682,1,0.6233544,0.5867217,1,0.636804,0.5481977,1,0.6278413,0.613453,1,0.6128834,0.5084812,1,0.6819045
IMG_0421.png,0.4715789,1,0.7263158,0.5068814,1,0.6697349,0.5107759,1,0.6673074,0.5013069,1,0.6833394,0.5194888,1,0.6476635,0.5185538,1,0.6360416,0.4863297,1,0.7048171
IMG_0422.png,0.4709977,1,0.7343387,0.5000702,1,0.6857019,0.510223,1,0.6796366,0.5092477,1,0.6818562,0.500954,1,0.6876241,0.516349,1,0.6499821,0.4528898,1,0.8166997
IMG_0424.png,0.4727031,1,0.7376831,0.4829998,1,0.7187961,0.4878773,1,0.7112497,0.5132254,1,0.6837334,0.4693045,1,0.7360076,0.5034759,1,0.6667106,0.5234633,1,0.6690681
IMG_0425.png,0.4679665,1,0.7437325,0.4849411,1,0.7169895,0.4916173,1,0.708346,0.5235336,1,0.6755045,0.4723286,1,0.7290227,0.5116433,1,0.6602246,0.5252548,1,0.6631004
IMG_0427.png,0.4768645,1,0.7365271,0.5094178,1,0.699736,0.5806635,1,0.6349917,0.5774478,1,0.6517034,0.604286,1,0.639883,0.5867544,1,0.6105733,0.5058367,1,0.7187468
IMG_0429.png,0.5913218,1,0.6014126,0.5549319,1,0.7555583,0.6626918,1,0.5844472,0.6766948,1,0.5697798,0.5294871,1,0.6959436,0.6612634,1,0.4978768,0.6423285,1,0.8640116
IMG_0432.png,0.4756691,1,0.718978,0.5143837,1,0.7462477,0.4915176,1,0.7160882,0.5211999,1,0.678388,0.4661271,1,0.7515943,0.5135207,1,0.674539,1.286997,1,0.6145462
IMG_0433.png,0.5714284,1,0.5054945,0.597071,1,0.477961,0.5936929,1,0.4608371,0.5792138,1,0.492421,0.5823296,1,0.4626404,0.5837405,1,0.4558198,0.8410555,1,0.6289976
IMG_0437.png,0.4753846,1,0.7215388,0.4701555,1,0.7430667,0.474475,1,0.7347002,0.4934759,1,0.7079369,0.4650314,1,0.7434511,0.4925389,1,0.6765641,0.4949222,1,0.725629
IMG_0438.png,0.504183,1,0.6670384,0.516911,1,0.7005504,0.5379986,1,0.6503929,0.5442771,1,0.638219,0.4964472,1,0.7467685,0.5235499,1,0.6426938,0.5140322,1,0.6794336
IMG_0439.png,0.4570446,1,0.7835051,0.5104368,1,0.6877506,0.4923243,1,0.6868534,0.5221621,1,0.6601547,0.4754734,1,0.7524243,0.531066,1,0.6556932,0.5142455,1,0.6625117
IMG_0440.png,0.5209953,1,0.6609642,0.5506859,1,0.6577275,0.5677455,1,0.598544,0.5562262,1,0.6267458,0.5154179,1,0.6170024,0.5547731,1,0.6021465,0.618493,1,0.7233861
IMG_0443.png,0.4354019,1,0.8087489,0.9328821,1,0.9710665,0.6726166,1,0.8065203,0.6166212,1,0.7924378,0.8361805,1,0.9134859,0.5860414,1,0.6856014,1,1,1
IMG_0446.png,0.4610336,1,0.7555373,0.5530709,1,0.6036223,0.5572696,1,0.599881,0.5578433,1,0.6128093,0.5556098,1,0.5988468,0.5818175,1,0.5579128,0.5571317,1,0.6625712
IMG_0447.png,0.5081555,1,0.6737765,0.4986672,1,0.7061736,0.5564923,1,0.6605569,0.5787388,1,0.6018581,0.4861672,1,0.7134788,0.529763,1,0.6476159,0.5155262,1,0.6779183
IMG_0450.png,0.443539,1,0.7892897,0.4998569,1,0.7003146,0.4937387,1,0.7178946,0.5059205,1,0.6774975,0.4963471,1,0.6987297,0.474274,1,0.7159797,0.521465,1,0.6769837
IMG_0452.png,0.4264973,1,0.823956,0.4628061,1,0.7420446,0.4588859,1,0.7550853,0.4669994,1,0.7396816,0.4489838,1,0.7645326,0.4517461,1,0.7329427,0.4918759,1,0.7008191
IMG_0455.png,0.4491696,1,0.773422,0.4574325,1,0.7591931,0.4913036,1,0.7183657,0.4699461,1,0.7160848,0.478238,1,0.6986363,0.4628955,1,0.6198743,0.4511196,1,0.7916488
IMG_0456.png,0.3981482,1,0.8950617,0.4795668,1,0.7326928,0.4786141,1,0.7308148,0.5105222,1,0.6921728,0.4724493,1,0.7381051,0.4772709,1,0.7211739,0.5360928,1,0.6952449
IMG_0457.png,0.4673618,1,0.7484135,0.4546489,1,0.8186504,0.4803895,1,0.7314637,0.4929789,1,0.714931,0.4033156,1,0.8687644,0.5189666,1,0.6471756,0.5057183,1,0.7113951
IMG_0458.png,0.4567899,1,0.7578346,0.4721051,1,0.7877239,0.5223952,1,0.7092818,0.4952336,1,0.7342979,0.5227559,1,0.696303,0.5180822,1,0.6736618,0.4964589,1,0.8298649
IMG_0460.png,0.5509258,1,0.5740741,0.6241759,1,0.6348116,0.6023142,1,0.5317858,0.6151886,1,0.5243077,0.6052557,1,0.5477492,0.6394962,1,0.4776825,0.6631524,1,0.701244
IMG_0462.png,0.6773163,1,0.416933,0.7207291,1,0.4013108,0.7164827,1,0.3976627,0.7062112,1,0.4044717,0.7239459,1,0.4114374,0.7374487,1,0.3621005,0.7025617,1,0.4080882
IMG_0466.png,0.4911536,1,0.6475585,0.7497937,1,0.4957446,0.5497318,1,0.5727539,0.579291,1,0.5434129,0.5534238,1,0.5703879,0.5592053,1,0.5194534,0.8340276,1,0.3542687
IMG_0470.png,0.5161291,1,0.6638529,0.5032952,1,0.7024679,0.5300108,1,0.6599193,0.5571794,1,0.5993303,0.4874686,1,0.7182403,0.5161766,1,0.6520395,0.6604034,1,0.8063001
IMG_0471.png,0.5287981,1,0.6477462,0.5417332,1,0.6167089,0.5079578,1,0.6347681,0.5106908,1,0.5993958,0.5671424,1,0.587871,0.4881923,1,0.6181423,0.5491921,1,0.574927
IMG_0474.png,0.4946445,1,0.6864653,0.5111543,1,0.4215687,0.5145858,1,0.4669738,0.53189,1,0.4536677,0.5049076,1,0.397941,0.5054423,1,0.3964668,0.4645967,1,0.6880156
IMG_0477.png,0.482587,1,0.7089553,0.5081946,1,0.7140671,0.5045136,1,0.7287831,0.510089,1,0.6867505,0.4711103,1,0.8272172,0.4671729,1,0.6772095,0.5157658,1,0.646469
IMG_0479.png,0.4725492,1,0.7303924,0.478448,1,0.7505138,0.5161645,1,0.6843389,0.541424,1,0.5961851,0.4764268,1,0.7469497,0.4512359,1,0.6671486,0.5542583,1,0.6305764
IMG_0480.png,0.5132742,1,0.6654865,0.4815079,1,0.7529955,0.5397897,1,0.6461351,0.5944402,1,0.5729847,0.4855125,1,0.7376469,0.4260784,1,0.8055159,0.545443,1,0.632001
IMG_0482.png,0.4124295,1,0.7853108,0.4438522,1,0.3980722,0.4494728,1,0.4050847,0.4327559,1,0.52282,0.4329773,1,0.3832405,0.4135419,1,0.3849513,0.4178032,1,0.7910984
IMG_0485.png,0.4516129,1,0.6752688,0.968756,1,0.9859732,0.6833272,1,0.842845,0.6031259,1,0.7832581,0.87821,1,0.9308425,0.5250991,1,0.6864457,1,1,1
IMG_0487.png,0.4555085,1,0.7457626,0.4610782,1,0.7497513,0.4569018,1,0.5921823,0.4822963,1,0.6529056,0.4621001,1,0.7193084,0.4382103,1,0.4446031,0.4969147,1,0.7488047
IMG_0491.png,0.4682081,1,0.7210985,0.4749329,1,0.7458794,0.4676263,1,0.7519922,0.4894166,1,0.7186985,0.4829063,1,0.7257163,0.4542205,1,0.7335864,0.5085281,1,0.6944036
IMG_0492.png,0.4625955,1,0.7419845,0.4933862,1,0.689457,0.4932282,1,0.6943257,0.5083247,1,0.6677621,0.4871817,1,0.6915646,0.4651044,1,0.7113403,0.5258348,1,0.6587442
IMG_0493.png,0.4490446,1,0.7547771,0.4834266,1,0.7129975,0.4956493,1,0.6957859,0.5128552,1,0.6612713,0.4765362,1,0.7163708,0.4550041,1,0.740697,0.5228032,1,0.6585865
IMG_0498.png,0.4561736,1,0.7624884,0.4574856,1,0.7564506,0.490551,1,0.7378188,0.5148552,1,0.6823733,0.4433995,1,0.7725428,0.497415,1,0.6639325,0.484086,1,0.73547
IMG_0501.png,0.457656,1,0.7544909,0.3786716,1,0.9222921,0.4603768,1,0.8131,0.4872421,1,0.7492932,0.3829888,1,0.908178,0.4964757,1,0.6966511,0.407428,1,0.8693716
IMG_0502.png,0.4571077,1,0.7561274,0.5797988,1,0.6319092,0.6297037,1,0.5329103,0.593692,1,0.547394,0.6728797,1,0.4638157,0.5922031,1,0.5318598,0.4690802,1,0.7347133
IMG_0507.png,0.4505929,1,0.7351779,0.5415754,1,0.6187707,0.521243,1,0.6410845,0.5261368,1,0.638628,0.5184843,1,0.6396458,0.4771846,1,0.6952048,0.5736547,1,0.5867778
IMG_0508.png,0.4601327,1,0.7491691,0.5352348,1,0.6359168,0.5338553,1,0.5936946,0.5158052,1,0.6401971,0.5506283,1,0.6402425,0.5578878,1,0.5985972,0.4913491,1,0.6964307
IMG_0509.png,0.4453988,1,0.7779144,0.4272886,1,0.7391951,0.432934,1,0.7228214,0.4516583,1,0.7076731,0.3888882,1,0.7603733,0.4066372,1,0.7370563,0.4616995,1,0.7353146
IMG_0510.png,0.4463182,1,0.7858347,0.5658856,1,0.5227145,0.5666146,1,0.5368479,0.5269126,1,0.6110586,0.5560195,1,0.5316043,0.5439139,1,0.5674196,0.6369299,1,0.3908389
IMG_0513.png,0.4441708,1,0.780788,0.4654437,1,0.7701533,0.4622467,1,0.7580304,0.4510798,1,0.7665393,0.4709757,1,0.7486639,0.4574913,1,0.7116699,0.5620964,1,0.7000479
IMG_0516.png,0.4490933,1,0.7619712,0.5150585,1,0.6531303,0.4091284,1,0.3710144,0.4064776,1,0.3696708,0.3938249,1,0.3576095,0.395617,1,0.3469884,0.6252926,1,0.8200109
IMG_0517.png,0.4534379,1,0.7554396,0.4754984,1,0.7498102,0.4745943,1,0.7401026,0.5130168,1,0.6795528,0.4727253,1,0.7386086,0.4680626,1,0.6512723,0.5236825,1,0.6958726
IMG_0520.png,0.5014327,1,0.6848137,0.6580907,1,0.7628628,0.5216874,1,0.7031043,0.5365185,1,0.6524836,0.4669789,1,0.7624285,0.449873,1,0.7894531,1.079397,1,0.7851013
IMG_0521.png,0.4450601,1,0.7460756,0.5767147,1,0.888312,0.5000643,1,0.7586525,0.5133196,1,0.7535925,0.5056348,1,0.7688248,0.494716,1,0.6312494,1,1,1
IMG_0523.png,0.4512773,1,0.7753075,0.443891,1,0.8215723,0.446953,1,0.8289195,0.4532301,1,0.7351002,0.4282764,1,0.8300493,0.4363948,1,0.7380195,0.5597376,1,0.9048644
IMG_0527.png,0.4458041,1,0.7701049,0.4427062,1,0.7718685,0.4465125,1,0.7491922,0.4380421,1,0.7570998,0.4461583,1,0.7511951,0.4332138,1,0.6608864,0.4553205,1,0.7481464
IMG_0528.png,0.442623,1,0.7923498,0.4527308,1,0.7862617,0.4724795,1,0.7673783,0.5044592,1,0.7058146,0.4697417,1,0.752376,0.4234558,1,0.8122285,0.4897682,1,0.7106003
IMG_0529.png,0.4280001,1,0.8140001,0.4559141,1,0.5314106,0.5478626,1,0.5618201,0.4440784,1,0.480441,0.4576497,1,0.3985471,0.4409683,1,0.3749438,0.4646419,1,0.7673617
IMG_0531.png,0.4787484,1,0.7154663,0.5099369,1,0.7482906,0.4667933,1,0.7925005,0.4560706,1,0.7993779,0.5027566,1,0.7346907,0.4376167,1,0.7328194,0.5886381,1,0.675537
IMG_0534.png,0.5468379,1,0.6262483,1.251239,1,0.5709213,0.8441481,1,0.530256,0.8239958,1,0.5161895,1.069172,1,0.51291,0.6519052,1,0.5516391,1.606308,1,0.6933255
IMG_0543.png,0.7844993,1,0.3175803,0.9268816,1,0.4216658,0.8922144,1,0.326532,0.7701152,1,0.3810997,1.039961,1,0.2271094,0.8657827,1,0.2794552,0.4450909,1,0.6670665
IMG_0545.png,0.7768239,1,0.3090128,0.945037,1,0.2796849,0.8599602,1,0.3068329,0.8068044,1,0.3328316,1.018031,1,0.2421019,0.8224764,1,0.2904837,0.7964006,1,0.331289
IMG_0547.png,0.4328042,1,0.6899471,0.5047582,1,0.6760728,0.4598026,1,0.7009923,0.5422786,1,0.6291914,0.4616271,1,0.6693098,0.6153867,1,0.5555181,0.7321799,1,0.6715037
IMG_0551.png,0.6312292,1,0.4983388,0.4242063,1,0.7425737,0.5047325,1,0.592666,0.5976701,1,0.5081367,0.416503,1,0.6914665,0.6035009,1,0.4672024,0.4220645,1,0.791516
IMG_0552.png,0.6614172,1,0.440945,0.4665786,1,0.6523527,0.5052958,1,0.6294236,0.4590066,1,0.6656876,0.507708,1,0.6156709,0.5375853,1,0.5757249,0.4598273,1,0.6504166
IMG_0553.png,0.7743433,1,0.3183926,0.9364044,1,0.5510571,0.7866126,1,0.3981896,0.8449459,1,0.3564635,0.8156245,1,0.4603623,0.7590755,1,0.357853,1,1,0.991577
IMG_0554.png,0.7515463,1,0.3587629,0.9054297,1,0.3661529,0.8100714,1,0.3374853,0.829817,1,0.3117964,0.8234011,1,0.3177672,0.856515,1,0.3064127,1,1,0.5428702
IMG_0555.png,0.8023406,1,0.3023407,0.9750325,1,0.6652978,0.9020533,1,0.3562323,0.9409229,1,0.3597331,0.8751287,1,0.4844123,0.8913061,1,0.3270216,1,1,0.9992218
IMG_0556.png,0.791218,1,0.3148302,0.8102866,1,0.4576407,0.8270684,1,0.372702,0.8345365,1,0.3282622,0.7363445,1,0.5309309,0.8251581,1,0.3309736,0.5639151,1,0.6714874
IMG_0558.png,0.7110092,1,0.4036698,0.785208,1,0.329001,0.7678481,1,0.338854,0.7530513,1,0.369442,0.7609008,1,0.3370332,0.7155475,1,0.3685758,0.8733548,1,0.2429365
IMG_0559.png,0.5584701,1,0.5726776,0.5192617,1,0.6263315,0.5772832,1,0.5021542,0.5949078,1,0.5295875,0.5229394,1,0.5541587,0.5918804,1,0.4732706,0.4116831,1,0.6994066
IMG_0560.png,0.8044662,1,0.3175382,0.9723465,1,0.7403855,0.8259982,1,0.3909402,0.831953,1,0.4374824,0.8309122,1,0.3532481,0.7545519,1,0.3441466,1,1,1
IMG_0568.png,0.5902777,1,0.4930554,0.763886,1,0.6197548,0.6645287,1,0.4932728,0.6684896,1,0.5770133,0.7007848,1,0.5132143,0.603858,1,0.4918119,0.9863279,1,0.8774853
IMG_0571.png,0.6216215,1,0.4414414,0.913041,1,0.6963766,0.725459,1,0.5252334,0.9986221,1,0.7629672,0.7120593,1,0.5122704,0.6676904,1,0.4661331,1,1,0.8797284
IMG_0572.png,0.5470853,1,0.5313902,0.5666784,1,0.527525,0.5592261,1,0.5330886,0.6031346,1,0.5114845,0.5610205,1,0.5303675,0.5843162,1,0.5182428,0.5090641,1,0.5626558
IMG_0574.png,0.5958397,1,0.4680536,0.7857418,1,0.6177985,0.8201148,1,0.3921668,0.7044799,1,0.4279733,0.8210083,1,0.373528,0.9171352,1,0.3826025,0.8287079,1,0.7157251
IMG_0577.png,0.7913386,1,0.3070866,0.8126098,1,0.4121506,0.8291467,1,0.2985177,0.8173522,1,0.3233759,0.8085276,1,0.3089589,0.8582461,1,0.2814215,0.5331628,1,0.7063856
IMG_0578.png,0.7974684,1,0.2911393,0.6996058,1,0.8486774,0.67558,1,0.5297128,0.729022,1,0.6637572,0.6287659,1,0.7250829,0.6907192,1,0.4203363,0.9014115,1,1
IMG_0580.png,0.5718475,1,0.5278592,0.5559921,1,0.5552195,0.5350827,1,0.5918658,0.5350984,1,0.5957302,0.5596794,1,0.5447958,0.5775636,1,0.5068608,0.3816169,1,0.6408635
IMG_0585.png,0.4428823,1,0.6660809,0.5490868,1,0.5388009,0.5259812,1,0.5904508,0.5698736,1,0.5682664,0.5311217,1,0.5090122,0.5618547,1,0.5350431,0.645804,1,0.5307226
IMG_0588.png,0.7871201,1,0.3166369,0.9236082,1,0.3486157,0.7799774,1,0.3314728,0.8025741,1,0.3269994,0.7992274,1,0.3073703,0.7861117,1,0.3091252,0.986923,1,0.4019074
IMG_0589.png,0.791045,1,0.3093623,0.8017937,1,0.3008515,0.8202831,1,0.3075146,0.8233521,1,0.3007597,0.7856063,1,0.3036237,0.7944697,1,0.2976601,0.7603594,1,0.3470565
IMG_0592.png,0.7793849,1,0.3345388,0.5805136,1,0.6596531,0.7687163,1,0.4012674,0.6905439,1,0.4591817,0.6494332,1,0.5372487,0.7376638,1,0.3971831,0.4189267,1,0.7000962
IMG_0593.png,0.7659062,1,0.3463384,0.9906749,1,0.7888521,0.8302634,1,0.4659143,0.9181818,1,0.4903415,0.9307587,1,0.6003182,0.7760898,1,0.427816,1,1,1
IMG_0594.png,0.7927631,1,0.3157895,0.8291272,1,0.3048169,0.8276904,1,0.3070707,0.8283551,1,0.314087,0.8069783,1,0.2937509,0.8275684,1,0.306311,0.8753709,1,0.3285749
IMG_0595.png,0.795053,1,0.3144877,0.7772333,1,0.3054325,0.7772999,1,0.310907,0.801011,1,0.3113147,0.7741326,1,0.3063791,0.7786081,1,0.3028978,0.7832526,1,0.3058697
IMG_0599.png,0.7872339,1,0.3085107,0.7739708,1,0.3073177,0.7794845,1,0.2913349,0.7726022,1,0.2980022,0.7680476,1,0.2983228,0.7768365,1,0.2407541,0.7794043,1,0.3094855
IMG_0602.png,0.767742,1,0.3,0.769576,1,0.3197726,0.7707,1,0.3234708,0.7782764,1,0.3174294,0.7625081,1,0.3296913,0.7352107,1,0.324015,0.7971185,1,0.3197293
IMG_0605.png,0.4451532,1,0.6798474,0.4570074,1,0.6199931,0.4356124,1,0.6519047,0.447141,1,0.6380056,0.4467136,1,0.6709995,0.4690987,1,0.5967569,0.4568685,1,0.5986526
IMG_0606.png,0.4344263,1,0.6639344,0.481833,1,0.5569335,0.4728764,1,0.5810614,0.471691,1,0.6136371,0.4741011,1,0.5528968,0.4904942,1,0.5542453,0.4511938,1,0.5612711
IMG_0611.png,0.5609757,1,0.5670733,0.7179756,1,0.6672639,0.6442948,1,0.5422804,0.6413712,1,0.530579,0.6661368,1,0.6282705,0.6405956,1,0.4796031,0.6245014,1,0.4873126
IMG_0612.png,0.675141,1,0.3629943,0.7781189,1,0.568758,0.6462216,1,0.4301091,0.6486311,1,0.4347612,0.5900806,1,0.5327531,0.6779753,1,0.3893726,0.8967117,1,0.5772641
IMG_0617.png,0.7733757,1,0.344955,0.8820749,1,0.383689,0.9566387,1,0.2372088,0.9006207,1,0.2533195,0.9407495,1,0.2199616,1.263645,1,0.2625504,0.8668851,1,0.4460719
IMG_0618.png,0.7814032,1,0.3115824,0.9707699,1,0.5301147,0.9235251,1,0.3394784,0.8953472,1,0.3783841,0.9298605,1,0.384975,0.924421,1,0.2809721,1,1,0.7734188
IMG_0619.png,0.8031496,1,0.3044619,0.7945387,1,0.2998327,0.7892336,1,0.3044883,0.7822757,1,0.3193263,0.8104402,1,0.2836164,0.7774967,1,0.2886186,0.7928299,1,0.327282
IMG_0620.png,0.8090554,1,0.3070867,0.8063465,1,0.2978203,0.8023205,1,0.2972136,0.8033579,1,0.2997513,0.7982169,1,0.2971807,0.7822692,1,0.2915613,0.7848979,1,0.289215
IMG_0622.png,0.7949527,1,0.3101998,0.8420659,1,0.3362889,0.7849307,1,0.2952751,0.8032088,1,0.3038136,0.7881638,1,0.304946,0.7629753,1,0.3026358,0.9242564,1,0.3844892
IMG_0623.png,0.7800687,1,0.3024056,0.7800381,1,0.3232837,0.7851875,1,0.3005688,0.7726895,1,0.3294303,0.7929147,1,0.2898754,0.7515475,1,0.3003437,0.7862091,1,0.5503464
IMG_0626.png,0.6451612,1,0.3064516,0.6071608,1,0.3389144,0.6664044,1,0.2704154,0.6575111,1,0.2887237,0.6722224,1,0.268339,0.677971,1,0.2519273,0.6089107,1,0.3450554
IMG_0627.png,0.5024875,1,0.597015,0.4754149,1,0.6524634,0.4640985,1,0.6945919,0.4977653,1,0.618449,0.4915943,1,0.6063035,0.4958384,1,0.5848494,0.4437474,1,0.726967
IMG_0629.png,0.7198515,1,0.3858998,0.532837,1,0.6338508,0.6995048,1,0.4971552,0.7036243,1,0.4483059,0.4983907,1,0.6334708,0.7627298,1,0.4386005,0.4809339,1,0.6583072
IMG_0630.png,0.7682119,1,0.2980133,0.9115289,1,0.5829877,0.8049218,1,0.3084158,0.8389794,1,0.3510042,0.7852518,1,0.3312263,0.7810413,1,0.2834871,0.9516144,1,0.872667
IMG_0631.png,0.7362784,1,0.2811246,0.9493048,1,0.6514123,0.8022451,1,0.3651735,0.798197,1,0.3541163,0.8583109,1,0.4499486,0.7485035,1,0.2729205,0.998137,1,0.9537618
IMG_0632.png,0.8333334,1,0.3070175,0.8921525,1,0.2954018,0.9158782,1,0.2890214,0.9379236,1,0.2829313,0.887926,1,0.2975137,0.9372906,1,0.2631858,0.8338711,1,0.3050613
IMG_0633.png,0.6871164,1,0.4171778,0.6326037,1,0.6015059,0.6826397,1,0.4927352,0.6801129,1,0.533102,0.603182,1,0.5255931,0.6075448,1,0.5235881,0.5887319,1,0.7454054
IMG_0634.png,0.6657143,1,0.44,0.7043654,1,0.4562025,0.7128488,1,0.3881104,0.7300944,1,0.4009772,0.6815665,1,0.4176445,0.6970793,1,0.3908891,0.6990842,1,0.5715507
IMG_0635.png,0.6898732,1,0.4082278,0.7392833,1,0.6239232,0.6196814,1,0.511909,0.6792694,1,0.4929697,0.4999749,1,0.6320411,0.6210022,1,0.4933974,1,1,0.8293584
IMG_0636.png,0.4423963,1,0.6866358,0.5810049,1,0.8478804,0.4945656,1,0.7604033,0.5234348,1,0.7396985,0.5082722,1,0.7839211,0.4891541,1,0.6993892,0.9719692,1,1
IMG_0637.png,0.5584416,1,0.5064935,0.5901024,1,0.4573526,0.5862472,1,0.473485,0.5812131,1,0.4852757,0.5869677,1,0.4618796,0.5740044,1,0.469773,0.5897186,1,0.4573697
IMG_0638.png,0.5129152,1,0.6162361,0.5557071,1,0.6425835,0.69868,1,0.5092405,0.5808134,1,0.5891526,0.6219326,1,0.5638416,0.6687835,1,0.4972229,0.4401489,1,0.6952566
IMG_0661.png,0.4988292,1,0.6182672,0.510552,1,0.6059353,0.5112261,1,0.6007985,0.5416305,1,0.5868076,0.4958482,1,0.6235708,0.54862,1,0.5476484,0.4705322,1,0.6549643
IMG_0672.png,0.4659498,1,0.7467145,0.4579612,1,0.8045472,0.4812996,1,0.7829192,0.4836198,1,0.7777281,0.4582162,1,0.846879,0.5481494,1,0.7074544,0.4495488,1,0.7901871
IMG_0673.png,0.462185,1,0.7454982,0.464122,1,0.7463599,0.4939107,1,0.7330912,0.5097285,1,0.7089115,0.4632172,1,0.7438454,0.4846171,1,0.7026668,0.4745826,1,0.7311644
IMG_0674.png,0.4609218,1,0.760187,0.5061254,1,0.7538171,0.5606282,1,0.6984472,0.5044331,1,0.7297476,0.4976721,1,0.7227928,0.5070569,1,0.6993164,0.4710323,1,0.7377318
IMG_0675.png,0.4653926,1,0.7551654,0.4893694,1,0.8073347,0.5491556,1,0.7763959,0.4870598,1,0.7895523,0.5662802,1,0.820611,0.5025544,1,0.7473715,0.4714017,1,0.7605166
IMG_0677.png,0.4616457,1,0.7622035,0.4378515,1,0.7384544,0.4647927,1,0.7439443,0.4664009,1,0.7406698,0.4463299,1,0.7630048,0.4915023,1,0.7015703,0.4245537,1,0.7996155
IMG_0679.png,0.4644997,1,0.7510694,0.571797,1,0.6503697,0.6092623,1,0.6266782,0.6035318,1,0.6365499,0.563217,1,0.6205051,0.6393208,1,0.5815419,0.4624264,1,0.839516
IMG_0680.png,0.462636,1,0.7486414,0.5817889,1,0.5900837,0.5887179,1,0.6130213,0.5946966,1,0.6152292,0.5618892,1,0.6130752,0.6241434,1,0.5397683,0.6099794,1,0.6595331
IMG_0681.png,0.4812925,1,0.6173469,0.4936543,1,0.6296348,0.488779,1,0.6371673,0.5310419,1,0.6297625,0.4889303,1,0.6284852,0.5440183,1,0.5968109,0.4556473,1,0.648708
IMG_0684.png,0.4628098,1,0.7520659,0.4632281,1,0.7438259,0.4708772,1,0.718872,0.4786436,1,0.7266166,0.4560542,1,0.7643857,0.4828443,1,0.6490135,0.4459762,1,0.7718684
IMG_0685.png,0.5228216,1,0.5809129,0.5184889,1,0.5869294,0.5008937,1,0.6076379,0.5210275,1,0.5851218,0.517722,1,0.585717,0.5321917,1,0.5733164,0.5485621,1,0.5684572
IMG_0744.png,0.4450826,1,0.7695622,0.4492733,1,0.7879858,0.4917911,1,0.6550276,0.5443025,1,0.6226527,0.4460881,1,0.7432026,0.5190831,1,0.4905981,0.4514388,1,0.7923104
IMG_0745.png,0.4486984,1,0.7748856,0.6704022,1,0.634625,0.5601929,1,0.655824,0.5424462,1,0.6102228,0.5140791,1,0.6798324,0.5164323,1,0.6258098,0.9349164,1,0.6936035
IMG_0747.png,0.4541789,1,0.7822581,0.5351865,1,0.6283683,0.5150444,1,0.6330197,0.5161793,1,0.6281852,0.5422852,1,0.6293098,0.5204137,1,0.618273,0.4629286,1,0.853691
IMG_0749.png,0.4487473,1,0.7790435,0.4485008,1,0.7908456,0.4567354,1,0.7784196,0.469579,1,0.7535558,0.4486856,1,0.7918405,0.4547765,1,0.7738344,0.4513892,1,0.7864141
IMG_0750.png,0.448931,1,0.7854315,0.4493,1,0.7809465,0.4599716,1,0.7795073,0.4706831,1,0.732601,0.449204,1,0.7772473,0.4532607,1,0.7253273,0.4500698,1,0.780348
IMG_0753.png,0.4615116,1,0.7890133,0.4867557,1,0.7500573,0.5219384,1,0.7230735,0.5023112,1,0.7168101,0.5787429,1,0.6271466,0.5168706,1,0.6954988,0.4984867,1,0.7333493
IMG_0754.png,0.4494624,1,0.7817202,0.5337426,1,0.6408182,0.5273202,1,0.6317588,0.5037385,1,0.6532073,0.5351238,1,0.6406768,0.5859103,1,0.5994733,0.4920759,1,0.6931671
IMG_0755.png,0.4632653,1,0.7653061,0.4488566,1,0.7892258,0.4701581,1,0.7541058,0.515772,1,0.6839466,0.4518665,1,0.7843426,0.5159326,1,0.6699854,0.4506071,1,0.7903065
IMG_0756.png,0.4521011,1,0.7747902,0.5579738,1,0.5994484,0.5501391,1,0.5875194,0.5553611,1,0.6258507,0.568967,1,0.5919981,0.5761951,1,0.5875909,0.5521397,1,0.6223561
IMG_0762.png,0.4589372,1,0.763285,0.4464243,1,0.7841839,0.4555795,1,0.779031,0.475014,1,0.742342,0.4457966,1,0.7846349,0.4639236,1,0.7507115,0.4476198,1,0.7891904
IMG_0763.png,0.4528044,1,0.7756496,0.5435161,1,0.6083972,0.5451956,1,0.6112005,0.5279576,1,0.6443106,0.5414319,1,0.6077588,0.5334801,1,0.6170755,0.6109881,1,0.4775915
IMG_0765.png,0.4520409,1,0.7806124,0.4715617,1,0.7394036,0.4782827,1,0.7381303,0.4778235,1,0.7286165,0.4844067,1,0.7054836,0.4826599,1,0.6824019,0.7163607,1,0.7434125
IMG_0766.png,0.4494383,1,0.7814096,0.5265158,1,0.629825,0.5399296,1,0.6324279,0.5250204,1,0.631214,0.5292678,1,0.6230268,0.5317612,1,0.6024401,0.4704327,1,0.7549984
IMG_0768.png,0.5080214,1,0.5775401,0.4763292,1,0.6860337,0.4642819,1,0.4820202,0.4909595,1,0.5766858,0.4679443,1,0.6158991,0.4691551,1,0.4359188,0.4907433,1,0.8519202
IMG_0771.png,0.5356836,1,0.6362857,0.5408977,1,0.676319,0.5526663,1,0.6643136,0.5699731,1,0.6430671,0.5453887,1,0.6644986,0.5688194,1,0.6017222,0.5369142,1,0.6893329
IMG_0772.png,0.4485727,1,0.7884003,0.5376058,1,0.6798672,0.5051723,1,0.6943092,0.5021542,1,0.6916297,0.4914275,1,0.6965913,0.4331756,1,0.6438941,0.7940963,1,0.4272607
IMG_0774.png,0.4615385,1,0.7716346,0.4499581,1,0.7920037,0.4793818,1,0.7501239,0.5289072,1,0.6951405,0.4464306,1,0.7926185,0.493814,1,0.708137,0.7842133,1,0.793754
IMG_0775.png,0.4547647,1,0.7683957,0.542076,1,0.6282211,0.5575474,1,0.6028018,0.5489225,1,0.6201007,0.5207239,1,0.6518262,0.5444494,1,0.6173453,0.4870082,1,0.7609855
IMG_0779.png,0.4619845,1,0.7068301,0.5321218,1,0.6624503,0.5669967,1,0.5980569,0.5446623,1,0.5923023,0.5298457,1,0.5910029,0.5396292,1,0.5690632,0.4662559,1,0.6984471
IMG_0780.png,0.4527363,1,0.7810945,0.4718002,1,0.7356374,0.5106181,1,0.6772835,0.5114267,1,0.6724015,0.4729711,1,0.7326045,0.4624536,1,0.7505979,0.4596685,1,0.7555249
IMG_0784.png,0.4531178,1,0.786605,0.5007335,1,0.8803005,0.4931118,1,0.8468067,0.4906152,1,0.8164975,0.463696,1,0.8410575,0.4732343,1,0.7573292,0.7028611,1,1
IMG_0785.png,0.4459204,1,0.7855787,0.4444591,1,0.8050278,0.4522704,1,0.7823103,0.486484,1,0.730671,0.4450095,1,0.8054721,0.4637983,1,0.7597524,0.4679181,1,0.8097026
IMG_0787.png,0.4456183,1,0.793039,0.4563022,1,0.5632896,0.4967024,1,0.4216872,0.5092499,1,0.4939988,0.4343016,1,0.3287032,0.4347724,1,0.3182834,0.4858908,1,0.7368029
IMG_0788.png,0.4484849,1,0.7941919,0.4897668,1,0.8611029,0.4888889,1,0.7649088,0.5017354,1,0.7242228,0.466095,1,0.8208189,0.4931041,1,0.7069927,0.5397421,1,0.9331197
IMG_0789.png,0.4538461,1,0.7320513,0.6066664,1,0.7088465,0.4807631,1,0.705355,0.4985081,1,0.6870807,0.4752628,1,0.6828709,0.4961725,1,0.6331739,0.9315296,1,0.7147561
IMG_0790.png,0.4777328,1,0.7165992,0.4896212,1,0.6977738,0.5030462,1,0.7199051,0.5126432,1,0.6758976,0.4897029,1,0.6847722,0.5141792,1,0.6288015,0.4623244,1,0.8069695
IMG_0792.png,0.4513275,1,0.7787611,0.4835902,1,0.7277462,0.4823112,1,0.7220387,0.4802498,1,0.7155434,0.4700523,1,0.7433456,0.4953679,1,0.6929289,0.6021509,1,0.4809568
IMG_0795.png,0.4545455,1,0.7800983,0.4427433,1,0.7947805,0.462027,1,0.7650349,0.4906392,1,0.71656,0.442415,1,0.7943127,0.4797687,1,0.7257264,0.4467211,1,0.794756
IMG_0796.png,0.4569932,1,0.7666416,0.9813433,1,0.7051262,0.6920949,1,0.6090578,0.6742491,1,0.6379831,0.9039598,1,0.5754726,0.596509,1,0.571069,1,1,0.9598993
IMG_0797.png,0.4626717,1,0.7554025,0.5162137,1,0.6762961,0.5505931,1,0.6275668,0.5214376,1,0.6614996,0.5092825,1,0.6564364,0.5442198,1,0.608723,0.4567041,1,0.8298533
IMG_0799.png,0.4467354,1,0.790378,0.4393118,1,0.8536678,0.4387923,1,0.8500887,0.4297136,1,0.8770546,0.438653,1,0.8589026,0.4351662,1,0.8447615,0.4546354,1,0.7950556
IMG_0800.png,0.4605809,1,0.780083,0.4387742,1,0.8101819,0.4580185,1,0.7653519,0.4830448,1,0.7340535,0.4400652,1,0.805955,0.4790936,1,0.7197947,0.4411341,1,0.8055568
IMG_0802.png,0.5152671,1,0.6412213,0.4662844,1,0.7175367,0.4866427,1,0.6728465,0.5115074,1,0.648897,0.4668289,1,0.7132648,0.486969,1,0.6283591,0.4494144,1,0.7603549
IMG_0805.png,0.4437595,1,0.7935282,0.4397348,1,0.799083,0.467803,1,0.7601312,0.4785364,1,0.7266762,0.4366557,1,0.8021414,0.4610834,1,0.7115314,0.4453441,1,0.7883885
IMG_0806.png,0.4442529,1,0.7959771,0.4394477,1,0.8022803,0.4610579,1,0.7662845,0.4614893,1,0.7391596,0.4436187,1,0.7849333,0.4839983,1,0.6409595,0.4477428,1,0.7855938
IMG_0807.png,0.4408714,1,0.7935684,0.4886915,1,0.7571081,0.4908059,1,0.5725259,0.4983526,1,0.6609779,0.4653234,1,0.5248083,0.4712063,1,0.5075029,0.4372952,1,0.7998965
IMG_0811.png,0.4429969,1,0.7915309,0.4388138,1,0.8016649,0.4402623,1,0.7630444,0.4755986,1,0.7632762,0.4388057,1,0.8013898,0.442777,1,0.706239,0.4612525,1,0.8046875
IMG_0816.png,0.4397971,1,0.8022811,0.4386372,1,0.8140161,0.4488796,1,0.8049672,0.4699728,1,0.7409724,0.4392719,1,0.8142875,0.4476853,1,0.7785794,0.4418545,1,0.8003197
IMG_0817.png,0.4396324,1,0.8031496,0.4361153,1,0.8088888,0.4448272,1,0.7892278,0.4635429,1,0.7424226,0.4360872,1,0.8075215,0.4485578,1,0.7642135,0.4402205,1,0.8056848
IMG_0819.png,0.4416058,1,0.8072991,0.4429426,1,0.7983034,0.4432679,1,0.7906931,0.4651666,1,0.7780889,0.434035,1,0.787959,0.4544291,1,0.7622331,0.4352431,1,0.8330926
IMG_0820.png,0.4423728,1,0.8050846,0.7024833,1,0.7167161,0.5471226,1,0.7609688,0.4770893,1,0.729931,0.4384893,1,0.7820173,0.5326581,1,0.7056687,0.8746689,1,0.7052157
IMG_0822.png,0.4415585,1,0.8035715,0.7771923,1,0.7800858,0.4830411,1,0.7909354,0.513367,1,0.7259473,0.4341218,1,0.811622,0.4560091,1,0.7765015,1.098798,1,0.4355411
IMG_0825.png,0.4363057,1,0.8025476,0.4318424,1,0.8184942,0.4351306,1,0.7371139,0.4545702,1,0.73828,0.4334993,1,0.8113009,0.436111,1,0.5898254,0.4347958,1,0.818603
IMG_0826.png,0.4385082,1,0.8014113,0.4356685,1,0.8117668,0.4385749,1,0.777066,0.4492575,1,0.7637404,0.4358433,1,0.8124572,0.4340396,1,0.6991355,0.4362962,1,0.8074351
IMG_0830.png,0.4382717,1,0.7613171,0.4508209,1,0.7008552,0.4286602,1,0.7041942,0.4329607,1,0.7065568,0.4509942,1,0.6957011,0.5027239,1,0.7224144,0.5002104,1,0.6920293
IMG_0831.png,0.439141,1,0.7852031,0.4352691,1,0.8126203,0.4465542,1,0.7972571,0.4683301,1,0.736581,0.4351333,1,0.8119815,0.4478759,1,0.767131,0.4376873,1,0.8203772
IMG_0832.png,0.4397495,1,0.8028164,0.43333,1,0.8112525,0.4466696,1,0.8139965,0.4402541,1,0.7726578,0.4329888,1,0.8097117,0.4477332,1,0.7704925,0.4333649,1,0.8153555
IMG_0833.png,0.4353562,1,0.8021108,0.4369049,1,0.8144664,0.4383692,1,0.7822609,0.4473342,1,0.7848957,0.4373608,1,0.8154231,0.4331992,1,0.7610601,0.4383618,1,0.814619
IMG_0834.png,0.4360313,1,0.8067885,0.434694,1,0.8143336,0.4530492,1,0.8580464,0.4778233,1,0.7746233,0.4351091,1,0.8149782,0.4360956,1,0.7848855,0.6788391,1,0.8092208
IMG_0835.png,0.4349174,1,0.804752,0.8093615,1,0.7736729,0.4736367,1,0.7699784,0.5075431,1,0.743532,0.4342189,1,0.7991867,0.4601743,1,0.7218099,1.000216,1,0.8011897
IMG_0838.png,0.7603386,1,0.3073308,0.9987606,1,0.9664455,0.8742836,1,0.5033126,0.9394121,1,0.5686011,0.8970839,1,0.7340119,0.6958116,1,0.4210742,1,1,1
IMG_0839.png,0.7575433,1,0.3081897,0.8876673,1,0.6765778,0.782234,1,0.4312713,0.7633797,1,0.5517584,0.8608983,1,0.4522432,0.7433334,1,0.4131597,1,1,1
IMG_0842.png,0.452381,1,0.7751322,0.4348194,1,0.8222105,0.4488465,1,0.8036794,0.4526193,1,0.7776476,0.4349656,1,0.8222378,0.4597773,1,0.7690132,0.436675,1,0.8178606
IMG_0847.png,0.9426229,1,0.2336066,0.9500773,1,0.2889239,1.021779,1,0.2135781,0.8259737,1,0.265727,1.029843,1,0.1961271,1.121956,1,0.1646539,0.6378522,1,0.3659202
IMG_0853.png,0.9074074,1,0.2469136,0.6230806,1,0.4552285,0.7269733,1,0.381252,0.7440906,1,0.3714202,0.7019506,1,0.4191807,0.9063197,1,0.2516378,0.6198029,1,0.4484662
IMG_0854.png,0.8032785,1,0.262295,0.7557568,1,0.3099146,0.8151084,1,0.2915187,0.790561,1,0.3022659,0.8764449,1,0.2501431,0.8919029,1,0.2268809,0.7267823,1,0.3044677
IMG_0855.png,0.5537789,1,0.5784882,0.5849521,1,0.6171748,0.6002557,1,0.5321573,0.55151,1,0.5724225,0.634686,1,0.4776489,0.6283938,1,0.4816212,0.5250757,1,0.7312171
IMG_0857.png,0.5271565,1,0.6357827,0.938391,1,0.6140409,0.5464303,1,0.6025327,0.5926243,1,0.6021535,0.5535594,1,0.5926877,0.552209,1,0.5856954,1.71084,1,0.6717706
IMG_0860.png,0.4667673,1,0.7401812,0.5459528,1,0.5897537,0.5480833,1,0.5765792,0.5226041,1,0.6056776,0.552082,1,0.5812939,0.5442955,1,0.5700681,0.5581211,1,0.7100555
IMG_0863.png,0.6437767,1,0.472103,0.5781187,1,0.5478323,0.583109,1,0.5402293,0.5976261,1,0.5485653,0.5873888,1,0.5352393,0.6661026,1,0.4525156,0.5603389,1,0.5861939
IMG_0864.png,0.7880393,1,0.3890992,0.8508075,1,0.3955414,0.8793319,1,0.3867384,0.9326634,1,0.3926943,0.8536502,1,0.3810119,0.9752507,1,0.3535381,0.9105761,1,0.4539903
IMG_0866.png,0.5931476,1,0.5096359,0.6399694,1,0.4815917,0.6512057,1,0.4584655,0.7336345,1,0.4521518,0.6486914,1,0.4706571,0.867671,1,0.3567282,0.6068491,1,0.4950823
IMG_0870.png,0.4807018,1,0.6350877,0.4407656,1,0.7121689,0.4667263,1,0.6600834,0.4507621,1,0.6902056,0.4366983,1,0.6944172,0.4824975,1,0.6155637,0.4721628,1,0.782034
IMG_0872.png,0.4893616,1,0.5744681,0.4244471,1,0.6808683,0.4314547,1,0.6425185,0.441196,1,0.6577859,0.4122713,1,0.6354762,0.4437184,1,0.5911936,0.4355707,1,0.681596
IMG_0873.png,0.4205608,1,0.7102804,0.4108027,1,0.7185215,0.4121787,1,0.7131492,0.4239182,1,0.7091662,0.4105571,1,0.7184925,0.4212183,1,0.7045246,0.4034359,1,0.7281796
IMG_0874.png,0.4524886,1,0.6606334,0.4150798,1,0.7181067,0.4192845,1,0.7132695,0.4342406,1,0.6785835,0.4149547,1,0.7179994,0.4193978,1,0.6991569,0.4237066,1,0.7205735
IMG_0881.png,0.438178,1,0.6832974,0.4531731,1,0.7452289,0.445548,1,0.7257166,0.4713092,1,0.6761161,0.3902819,1,0.7795903,0.6002825,1,0.6768272,0.4446264,1,0.6759481
IMG_0882.png,0.4803257,1,0.632293,0.4918899,1,0.6303609,0.494186,1,0.6417933,0.5236493,1,0.6264084,0.4940514,1,0.6235552,0.514311,1,0.6198284,0.4350166,1,0.6934603
IMG_0884.png,0.4866666,1,0.6333333,0.4976905,1,0.6459681,0.4727694,1,0.693325,0.54652,1,0.5868132,0.4881392,1,0.6441785,0.4955571,1,0.644219,0.4631277,1,0.6250943
IMG_0885.png,0.7901864,1,0.3248731,0.9307362,1,0.6283011,0.8134145,1,0.361967,0.8664942,1,0.3346756,0.8544584,1,0.4240701,0.7928096,1,0.3425303,0.9987905,1,0.9794078
IMG_0886.png,0.7926136,1,0.3210227,0.8435471,1,0.4641065,0.7983866,1,0.3528492,0.8245577,1,0.3246256,0.836461,1,0.3029419,0.7896496,1,0.3300794,1,1,0.8694285
IMG_0891.png,0.4484946,1,0.6576866,0.7361465,1,0.4356271,0.6593119,1,0.5003048,0.6170787,1,0.541958,0.7278164,1,0.3683269,0.6411668,1,0.4994122,0.7886092,1,0.4238903
IMG_0892.png,0.7730376,1,0.3037543,0.8728957,1,0.2401923,0.8762959,1,0.3112249,0.8677611,1,0.2922769,0.9000273,1,0.2601284,0.8038415,1,0.2950096,0.8685488,1,0.2389926
IMG_0899.png,0.7971924,1,0.3120125,0.8291055,1,0.5879469,0.7586875,1,0.3606574,0.7601575,1,0.3769652,0.7576118,1,0.3519904,0.7502776,1,0.328592,0.9862434,1,0.8818961
